rank,variant_id,rho_global,regime,horizon,sigma_member_eq100,alpha_renormalized,n_trajectories
1,M3ABL_R01,0.95,G0,60.0,0.96,0.4502727660640246,100
1,M3ABL_R01,0.95,G0,65.0,0.99,0.4502727660640246,100
1,M3ABL_R01,0.95,G0,70.0,0.99,0.4502727660640246,100
1,M3ABL_R01,0.95,G0,75.0,0.97,0.4502727660640246,100
1,M3ABL_R01,0.95,G0,80.0,0.98,0.4502727660640246,100
1,M3ABL_R01,0.95,G0,85.0,0.99,0.4502727660640246,100
1,M3ABL_R01,0.95,G0,90.0,0.99,0.4502727660640246,100
1,M3ABL_R01,0.95,G0,95.0,0.99,0.4502727660640246,100
1,M3ABL_R01,0.95,G0,100.0,0.99,0.4502727660640246,100
1,M3ABL_R01,0.95,G0,105.0,0.98,0.4502727660640246,100
1,M3ABL_R01,0.95,G0,110.0,0.99,0.4502727660640246,100
1,M3ABL_R01,0.95,G0,115.0,0.99,0.4502727660640246,100
1,M3ABL_R01,0.95,G0,120.0,0.99,0.4502727660640246,100
1,M3ABL_R01,0.95,G0,125.0,0.99,0.4502727660640246,100
1,M3ABL_R01,0.95,G0,130.0,0.99,0.4502727660640246,100
1,M3ABL_R01,0.95,G0,135.0,0.99,0.4502727660640246,100
1,M3ABL_R01,0.95,G0,140.0,0.99,0.4502727660640246,100
1,M3ABL_R01,0.95,G0,145.0,1.0,0.4502727660640246,100
1,M3ABL_R01,0.95,G0,150.0,1.0,0.4502727660640246,100
1,M3ABL_R01,0.95,G0,155.0,1.0,0.4502727660640246,100
1,M3ABL_R01,0.95,G0,160.0,1.0,0.4502727660640246,100
1,M3ABL_R01,0.95,G0,165.0,1.0,0.4502727660640246,100
1,M3ABL_R01,0.95,G0,170.0,1.0,0.4502727660640246,100
1,M3ABL_R01,0.95,G0,175.0,1.0,0.4502727660640246,100
1,M3ABL_R01,0.95,G0,180.0,1.0,0.4502727660640246,100
1,M3ABL_R01,0.95,G0,185.0,1.0,0.4502727660640246,100
1,M3ABL_R01,0.95,G0,190.0,1.0,0.4502727660640246,100
1,M3ABL_R01,0.95,G0,195.0,1.0,0.4502727660640246,100
1,M3ABL_R01,0.95,G0,200.0,1.0,0.4502727660640246,100
1,M3ABL_R01,0.95,G0,205.0,1.0,0.4502727660640246,100
1,M3ABL_R01,0.95,G0,210.0,1.0,0.4502727660640246,100
1,M3ABL_R01,0.95,G0,215.0,1.0,0.4502727660640246,100
1,M3ABL_R01,0.95,G0,220.0,1.0,0.4502727660640246,100
1,M3ABL_R01,0.95,G0,225.0,1.0,0.4502727660640246,100
1,M3ABL_R01,0.95,G0,230.0,1.0,0.4502727660640246,100
1,M3ABL_R01,0.95,G0,235.0,1.0,0.4502727660640246,100
1,M3ABL_R01,0.95,G0,240.0,1.0,0.4502727660640246,100
1,M3ABL_R01,0.95,G1,60.0,0.88,0.4502727660640246,100
1,M3ABL_R01,0.95,G1,65.0,0.88,0.4502727660640246,100
1,M3ABL_R01,0.95,G1,70.0,0.88,0.4502727660640246,100
1,M3ABL_R01,0.95,G1,75.0,0.87,0.4502727660640246,100
1,M3ABL_R01,0.95,G1,80.0,0.88,0.4502727660640246,100
1,M3ABL_R01,0.95,G1,85.0,0.89,0.4502727660640246,100
1,M3ABL_R01,0.95,G1,90.0,0.88,0.4502727660640246,100
1,M3ABL_R01,0.95,G1,95.0,0.88,0.4502727660640246,100
1,M3ABL_R01,0.95,G1,100.0,0.88,0.4502727660640246,100
1,M3ABL_R01,0.95,G1,105.0,0.91,0.4502727660640246,100
1,M3ABL_R01,0.95,G1,110.0,0.9,0.4502727660640246,100
1,M3ABL_R01,0.95,G1,115.0,0.89,0.4502727660640246,100
1,M3ABL_R01,0.95,G1,120.0,0.89,0.4502727660640246,100
1,M3ABL_R01,0.95,G1,125.0,0.89,0.4502727660640246,100
1,M3ABL_R01,0.95,G1,130.0,0.89,0.4502727660640246,100
1,M3ABL_R01,0.95,G1,135.0,0.89,0.4502727660640246,100
1,M3ABL_R01,0.95,G1,140.0,0.89,0.4502727660640246,100
1,M3ABL_R01,0.95,G1,145.0,0.9,0.4502727660640246,100
1,M3ABL_R01,0.95,G1,150.0,0.9,0.4502727660640246,100
1,M3ABL_R01,0.95,G1,155.0,0.9,0.4502727660640246,100
1,M3ABL_R01,0.95,G1,160.0,0.92,0.4502727660640246,100
1,M3ABL_R01,0.95,G1,165.0,0.91,0.4502727660640246,100
1,M3ABL_R01,0.95,G1,170.0,0.92,0.4502727660640246,100
1,M3ABL_R01,0.95,G1,175.0,0.91,0.4502727660640246,100
1,M3ABL_R01,0.95,G1,180.0,0.91,0.4502727660640246,100
1,M3ABL_R01,0.95,G1,185.0,0.92,0.4502727660640246,100
1,M3ABL_R01,0.95,G1,190.0,0.94,0.4502727660640246,100
1,M3ABL_R01,0.95,G1,195.0,0.94,0.4502727660640246,100
1,M3ABL_R01,0.95,G1,200.0,0.95,0.4502727660640246,100
1,M3ABL_R01,0.95,G1,205.0,0.97,0.4502727660640246,100
1,M3ABL_R01,0.95,G1,210.0,0.95,0.4502727660640246,100
1,M3ABL_R01,0.95,G1,215.0,0.96,0.4502727660640246,100
1,M3ABL_R01,0.95,G1,220.0,0.96,0.4502727660640246,100
1,M3ABL_R01,0.95,G1,225.0,0.96,0.4502727660640246,100
1,M3ABL_R01,0.95,G1,230.0,0.96,0.4502727660640246,100
1,M3ABL_R01,0.95,G1,235.0,0.95,0.4502727660640246,100
1,M3ABL_R01,0.95,G1,240.0,0.95,0.4502727660640246,100
1,M3ABL_R01,0.95,G2,60.0,0.67,0.4502727660640246,100
1,M3ABL_R01,0.95,G2,65.0,0.68,0.4502727660640246,100
1,M3ABL_R01,0.95,G2,70.0,0.72,0.4502727660640246,100
1,M3ABL_R01,0.95,G2,75.0,0.7,0.4502727660640246,100
1,M3ABL_R01,0.95,G2,80.0,0.71,0.4502727660640246,100
1,M3ABL_R01,0.95,G2,85.0,0.74,0.4502727660640246,100
1,M3ABL_R01,0.95,G2,90.0,0.72,0.4502727660640246,100
1,M3ABL_R01,0.95,G2,95.0,0.74,0.4502727660640246,100
1,M3ABL_R01,0.95,G2,100.0,0.73,0.4502727660640246,100
1,M3ABL_R01,0.95,G2,105.0,0.75,0.4502727660640246,100
1,M3ABL_R01,0.95,G2,110.0,0.7,0.4502727660640246,100
1,M3ABL_R01,0.95,G2,115.0,0.73,0.4502727660640246,100
1,M3ABL_R01,0.95,G2,120.0,0.73,0.4502727660640246,100
1,M3ABL_R01,0.95,G2,125.0,0.74,0.4502727660640246,100
1,M3ABL_R01,0.95,G2,130.0,0.73,0.4502727660640246,100
1,M3ABL_R01,0.95,G2,135.0,0.74,0.4502727660640246,100
1,M3ABL_R01,0.95,G2,140.0,0.71,0.4502727660640246,100
1,M3ABL_R01,0.95,G2,145.0,0.71,0.4502727660640246,100
1,M3ABL_R01,0.95,G2,150.0,0.7,0.4502727660640246,100
1,M3ABL_R01,0.95,G2,155.0,0.71,0.4502727660640246,100
1,M3ABL_R01,0.95,G2,160.0,0.73,0.4502727660640246,100
1,M3ABL_R01,0.95,G2,165.0,0.76,0.4502727660640246,100
1,M3ABL_R01,0.95,G2,170.0,0.72,0.4502727660640246,100
1,M3ABL_R01,0.95,G2,175.0,0.7,0.4502727660640246,100
1,M3ABL_R01,0.95,G2,180.0,0.71,0.4502727660640246,100
1,M3ABL_R01,0.95,G2,185.0,0.73,0.4502727660640246,100
1,M3ABL_R01,0.95,G2,190.0,0.73,0.4502727660640246,100
1,M3ABL_R01,0.95,G2,195.0,0.72,0.4502727660640246,100
1,M3ABL_R01,0.95,G2,200.0,0.73,0.4502727660640246,100
1,M3ABL_R01,0.95,G2,205.0,0.72,0.4502727660640246,100
1,M3ABL_R01,0.95,G2,210.0,0.71,0.4502727660640246,100
1,M3ABL_R01,0.95,G2,215.0,0.7,0.4502727660640246,100
1,M3ABL_R01,0.95,G2,220.0,0.7,0.4502727660640246,100
1,M3ABL_R01,0.95,G2,225.0,0.67,0.4502727660640246,100
1,M3ABL_R01,0.95,G2,230.0,0.66,0.4502727660640246,100
1,M3ABL_R01,0.95,G2,235.0,0.67,0.4502727660640246,100
1,M3ABL_R01,0.95,G2,240.0,0.68,0.4502727660640246,100
1,M3ABL_R01,0.975,G0,60.0,0.99,0.4502727660640246,100
1,M3ABL_R01,0.975,G0,65.0,0.99,0.4502727660640246,100
1,M3ABL_R01,0.975,G0,70.0,0.98,0.4502727660640246,100
1,M3ABL_R01,0.975,G0,75.0,0.98,0.4502727660640246,100
1,M3ABL_R01,0.975,G0,80.0,0.98,0.4502727660640246,100
1,M3ABL_R01,0.975,G0,85.0,0.99,0.4502727660640246,100
1,M3ABL_R01,0.975,G0,90.0,0.99,0.4502727660640246,100
1,M3ABL_R01,0.975,G0,95.0,0.99,0.4502727660640246,100
1,M3ABL_R01,0.975,G0,100.0,0.99,0.4502727660640246,100
1,M3ABL_R01,0.975,G0,105.0,0.98,0.4502727660640246,100
1,M3ABL_R01,0.975,G0,110.0,0.98,0.4502727660640246,100
1,M3ABL_R01,0.975,G0,115.0,0.98,0.4502727660640246,100
1,M3ABL_R01,0.975,G0,120.0,0.98,0.4502727660640246,100
1,M3ABL_R01,0.975,G0,125.0,0.98,0.4502727660640246,100
1,M3ABL_R01,0.975,G0,130.0,0.98,0.4502727660640246,100
1,M3ABL_R01,0.975,G0,135.0,0.98,0.4502727660640246,100
1,M3ABL_R01,0.975,G0,140.0,0.98,0.4502727660640246,100
1,M3ABL_R01,0.975,G0,145.0,0.98,0.4502727660640246,100
1,M3ABL_R01,0.975,G0,150.0,0.98,0.4502727660640246,100
1,M3ABL_R01,0.975,G0,155.0,0.98,0.4502727660640246,100
1,M3ABL_R01,0.975,G0,160.0,0.98,0.4502727660640246,100
1,M3ABL_R01,0.975,G0,165.0,0.99,0.4502727660640246,100
1,M3ABL_R01,0.975,G0,170.0,1.0,0.4502727660640246,100
1,M3ABL_R01,0.975,G0,175.0,1.0,0.4502727660640246,100
1,M3ABL_R01,0.975,G0,180.0,1.0,0.4502727660640246,100
1,M3ABL_R01,0.975,G0,185.0,1.0,0.4502727660640246,100
1,M3ABL_R01,0.975,G0,190.0,1.0,0.4502727660640246,100
1,M3ABL_R01,0.975,G0,195.0,1.0,0.4502727660640246,100
1,M3ABL_R01,0.975,G0,200.0,1.0,0.4502727660640246,100
1,M3ABL_R01,0.975,G0,205.0,1.0,0.4502727660640246,100
1,M3ABL_R01,0.975,G0,210.0,1.0,0.4502727660640246,100
1,M3ABL_R01,0.975,G0,215.0,1.0,0.4502727660640246,100
1,M3ABL_R01,0.975,G0,220.0,1.0,0.4502727660640246,100
1,M3ABL_R01,0.975,G0,225.0,1.0,0.4502727660640246,100
1,M3ABL_R01,0.975,G0,230.0,1.0,0.4502727660640246,100
1,M3ABL_R01,0.975,G0,235.0,1.0,0.4502727660640246,100
1,M3ABL_R01,0.975,G0,240.0,1.0,0.4502727660640246,100
1,M3ABL_R01,0.975,G1,60.0,0.88,0.4502727660640246,100
1,M3ABL_R01,0.975,G1,65.0,0.9,0.4502727660640246,100
1,M3ABL_R01,0.975,G1,70.0,0.86,0.4502727660640246,100
1,M3ABL_R01,0.975,G1,75.0,0.88,0.4502727660640246,100
1,M3ABL_R01,0.975,G1,80.0,0.88,0.4502727660640246,100
1,M3ABL_R01,0.975,G1,85.0,0.88,0.4502727660640246,100
1,M3ABL_R01,0.975,G1,90.0,0.88,0.4502727660640246,100
1,M3ABL_R01,0.975,G1,95.0,0.88,0.4502727660640246,100
1,M3ABL_R01,0.975,G1,100.0,0.9,0.4502727660640246,100
1,M3ABL_R01,0.975,G1,105.0,0.89,0.4502727660640246,100
1,M3ABL_R01,0.975,G1,110.0,0.88,0.4502727660640246,100
1,M3ABL_R01,0.975,G1,115.0,0.87,0.4502727660640246,100
1,M3ABL_R01,0.975,G1,120.0,0.87,0.4502727660640246,100
1,M3ABL_R01,0.975,G1,125.0,0.88,0.4502727660640246,100
1,M3ABL_R01,0.975,G1,130.0,0.88,0.4502727660640246,100
1,M3ABL_R01,0.975,G1,135.0,0.88,0.4502727660640246,100
1,M3ABL_R01,0.975,G1,140.0,0.9,0.4502727660640246,100
1,M3ABL_R01,0.975,G1,145.0,0.92,0.4502727660640246,100
1,M3ABL_R01,0.975,G1,150.0,0.92,0.4502727660640246,100
1,M3ABL_R01,0.975,G1,155.0,0.92,0.4502727660640246,100
1,M3ABL_R01,0.975,G1,160.0,0.92,0.4502727660640246,100
1,M3ABL_R01,0.975,G1,165.0,0.91,0.4502727660640246,100
1,M3ABL_R01,0.975,G1,170.0,0.93,0.4502727660640246,100
1,M3ABL_R01,0.975,G1,175.0,0.93,0.4502727660640246,100
1,M3ABL_R01,0.975,G1,180.0,0.93,0.4502727660640246,100
1,M3ABL_R01,0.975,G1,185.0,0.93,0.4502727660640246,100
1,M3ABL_R01,0.975,G1,190.0,0.92,0.4502727660640246,100
1,M3ABL_R01,0.975,G1,195.0,0.92,0.4502727660640246,100
1,M3ABL_R01,0.975,G1,200.0,0.92,0.4502727660640246,100
1,M3ABL_R01,0.975,G1,205.0,0.93,0.4502727660640246,100
1,M3ABL_R01,0.975,G1,210.0,0.94,0.4502727660640246,100
1,M3ABL_R01,0.975,G1,215.0,0.94,0.4502727660640246,100
1,M3ABL_R01,0.975,G1,220.0,0.95,0.4502727660640246,100
1,M3ABL_R01,0.975,G1,225.0,0.95,0.4502727660640246,100
1,M3ABL_R01,0.975,G1,230.0,0.94,0.4502727660640246,100
1,M3ABL_R01,0.975,G1,235.0,0.94,0.4502727660640246,100
1,M3ABL_R01,0.975,G1,240.0,0.94,0.4502727660640246,100
1,M3ABL_R01,0.975,G2,60.0,0.69,0.4502727660640246,100
1,M3ABL_R01,0.975,G2,65.0,0.73,0.4502727660640246,100
1,M3ABL_R01,0.975,G2,70.0,0.69,0.4502727660640246,100
1,M3ABL_R01,0.975,G2,75.0,0.75,0.4502727660640246,100
1,M3ABL_R01,0.975,G2,80.0,0.74,0.4502727660640246,100
1,M3ABL_R01,0.975,G2,85.0,0.73,0.4502727660640246,100
1,M3ABL_R01,0.975,G2,90.0,0.73,0.4502727660640246,100
1,M3ABL_R01,0.975,G2,95.0,0.71,0.4502727660640246,100
1,M3ABL_R01,0.975,G2,100.0,0.71,0.4502727660640246,100
1,M3ABL_R01,0.975,G2,105.0,0.71,0.4502727660640246,100
1,M3ABL_R01,0.975,G2,110.0,0.65,0.4502727660640246,100
1,M3ABL_R01,0.975,G2,115.0,0.68,0.4502727660640246,100
1,M3ABL_R01,0.975,G2,120.0,0.68,0.4502727660640246,100
1,M3ABL_R01,0.975,G2,125.0,0.71,0.4502727660640246,100
1,M3ABL_R01,0.975,G2,130.0,0.71,0.4502727660640246,100
1,M3ABL_R01,0.975,G2,135.0,0.71,0.4502727660640246,100
1,M3ABL_R01,0.975,G2,140.0,0.71,0.4502727660640246,100
1,M3ABL_R01,0.975,G2,145.0,0.73,0.4502727660640246,100
1,M3ABL_R01,0.975,G2,150.0,0.72,0.4502727660640246,100
1,M3ABL_R01,0.975,G2,155.0,0.7,0.4502727660640246,100
1,M3ABL_R01,0.975,G2,160.0,0.7,0.4502727660640246,100
1,M3ABL_R01,0.975,G2,165.0,0.73,0.4502727660640246,100
1,M3ABL_R01,0.975,G2,170.0,0.73,0.4502727660640246,100
1,M3ABL_R01,0.975,G2,175.0,0.7,0.4502727660640246,100
1,M3ABL_R01,0.975,G2,180.0,0.7,0.4502727660640246,100
1,M3ABL_R01,0.975,G2,185.0,0.7,0.4502727660640246,100
1,M3ABL_R01,0.975,G2,190.0,0.68,0.4502727660640246,100
1,M3ABL_R01,0.975,G2,195.0,0.7,0.4502727660640246,100
1,M3ABL_R01,0.975,G2,200.0,0.67,0.4502727660640246,100
1,M3ABL_R01,0.975,G2,205.0,0.67,0.4502727660640246,100
1,M3ABL_R01,0.975,G2,210.0,0.67,0.4502727660640246,100
1,M3ABL_R01,0.975,G2,215.0,0.66,0.4502727660640246,100
1,M3ABL_R01,0.975,G2,220.0,0.66,0.4502727660640246,100
1,M3ABL_R01,0.975,G2,225.0,0.67,0.4502727660640246,100
1,M3ABL_R01,0.975,G2,230.0,0.63,0.4502727660640246,100
1,M3ABL_R01,0.975,G2,235.0,0.63,0.4502727660640246,100
1,M3ABL_R01,0.975,G2,240.0,0.62,0.4502727660640246,100
1,M3ABL_R01,0.9833333333333332,G0,60.0,0.99,0.4502727660640246,100
1,M3ABL_R01,0.9833333333333332,G0,65.0,1.0,0.4502727660640246,100
1,M3ABL_R01,0.9833333333333332,G0,70.0,0.98,0.4502727660640246,100
1,M3ABL_R01,0.9833333333333332,G0,75.0,0.99,0.4502727660640246,100
1,M3ABL_R01,0.9833333333333332,G0,80.0,0.99,0.4502727660640246,100
1,M3ABL_R01,0.9833333333333332,G0,85.0,0.99,0.4502727660640246,100
1,M3ABL_R01,0.9833333333333332,G0,90.0,0.98,0.4502727660640246,100
1,M3ABL_R01,0.9833333333333332,G0,95.0,0.98,0.4502727660640246,100
1,M3ABL_R01,0.9833333333333332,G0,100.0,0.99,0.4502727660640246,100
1,M3ABL_R01,0.9833333333333332,G0,105.0,0.98,0.4502727660640246,100
1,M3ABL_R01,0.9833333333333332,G0,110.0,0.98,0.4502727660640246,100
1,M3ABL_R01,0.9833333333333332,G0,115.0,0.98,0.4502727660640246,100
1,M3ABL_R01,0.9833333333333332,G0,120.0,0.98,0.4502727660640246,100
1,M3ABL_R01,0.9833333333333332,G0,125.0,0.98,0.4502727660640246,100
1,M3ABL_R01,0.9833333333333332,G0,130.0,0.98,0.4502727660640246,100
1,M3ABL_R01,0.9833333333333332,G0,135.0,0.98,0.4502727660640246,100
1,M3ABL_R01,0.9833333333333332,G0,140.0,0.98,0.4502727660640246,100
1,M3ABL_R01,0.9833333333333332,G0,145.0,0.98,0.4502727660640246,100
1,M3ABL_R01,0.9833333333333332,G0,150.0,0.98,0.4502727660640246,100
1,M3ABL_R01,0.9833333333333332,G0,155.0,0.98,0.4502727660640246,100
1,M3ABL_R01,0.9833333333333332,G0,160.0,0.98,0.4502727660640246,100
1,M3ABL_R01,0.9833333333333332,G0,165.0,0.98,0.4502727660640246,100
1,M3ABL_R01,0.9833333333333332,G0,170.0,0.98,0.4502727660640246,100
1,M3ABL_R01,0.9833333333333332,G0,175.0,0.98,0.4502727660640246,100
1,M3ABL_R01,0.9833333333333332,G0,180.0,0.98,0.4502727660640246,100
1,M3ABL_R01,0.9833333333333332,G0,185.0,1.0,0.4502727660640246,100
1,M3ABL_R01,0.9833333333333332,G0,190.0,0.99,0.4502727660640246,100
1,M3ABL_R01,0.9833333333333332,G0,195.0,0.99,0.4502727660640246,100
1,M3ABL_R01,0.9833333333333332,G0,200.0,0.99,0.4502727660640246,100
1,M3ABL_R01,0.9833333333333332,G0,205.0,0.99,0.4502727660640246,100
1,M3ABL_R01,0.9833333333333332,G0,210.0,0.99,0.4502727660640246,100
1,M3ABL_R01,0.9833333333333332,G0,215.0,0.99,0.4502727660640246,100
1,M3ABL_R01,0.9833333333333332,G0,220.0,0.99,0.4502727660640246,100
1,M3ABL_R01,0.9833333333333332,G0,225.0,0.99,0.4502727660640246,100
1,M3ABL_R01,0.9833333333333332,G0,230.0,1.0,0.4502727660640246,100
1,M3ABL_R01,0.9833333333333332,G0,235.0,1.0,0.4502727660640246,100
1,M3ABL_R01,0.9833333333333332,G0,240.0,1.0,0.4502727660640246,100
1,M3ABL_R01,0.9833333333333332,G1,60.0,0.9,0.4502727660640246,100
1,M3ABL_R01,0.9833333333333332,G1,65.0,0.91,0.4502727660640246,100
1,M3ABL_R01,0.9833333333333332,G1,70.0,0.87,0.4502727660640246,100
1,M3ABL_R01,0.9833333333333332,G1,75.0,0.89,0.4502727660640246,100
1,M3ABL_R01,0.9833333333333332,G1,80.0,0.88,0.4502727660640246,100
1,M3ABL_R01,0.9833333333333332,G1,85.0,0.89,0.4502727660640246,100
1,M3ABL_R01,0.9833333333333332,G1,90.0,0.88,0.4502727660640246,100
1,M3ABL_R01,0.9833333333333332,G1,95.0,0.88,0.4502727660640246,100
1,M3ABL_R01,0.9833333333333332,G1,100.0,0.9,0.4502727660640246,100
1,M3ABL_R01,0.9833333333333332,G1,105.0,0.89,0.4502727660640246,100
1,M3ABL_R01,0.9833333333333332,G1,110.0,0.9,0.4502727660640246,100
1,M3ABL_R01,0.9833333333333332,G1,115.0,0.89,0.4502727660640246,100
1,M3ABL_R01,0.9833333333333332,G1,120.0,0.89,0.4502727660640246,100
1,M3ABL_R01,0.9833333333333332,G1,125.0,0.88,0.4502727660640246,100
1,M3ABL_R01,0.9833333333333332,G1,130.0,0.88,0.4502727660640246,100
1,M3ABL_R01,0.9833333333333332,G1,135.0,0.89,0.4502727660640246,100
1,M3ABL_R01,0.9833333333333332,G1,140.0,0.89,0.4502727660640246,100
1,M3ABL_R01,0.9833333333333332,G1,145.0,0.89,0.4502727660640246,100
1,M3ABL_R01,0.9833333333333332,G1,150.0,0.89,0.4502727660640246,100
1,M3ABL_R01,0.9833333333333332,G1,155.0,0.89,0.4502727660640246,100
1,M3ABL_R01,0.9833333333333332,G1,160.0,0.91,0.4502727660640246,100
1,M3ABL_R01,0.9833333333333332,G1,165.0,0.91,0.4502727660640246,100
1,M3ABL_R01,0.9833333333333332,G1,170.0,0.94,0.4502727660640246,100
1,M3ABL_R01,0.9833333333333332,G1,175.0,0.92,0.4502727660640246,100
1,M3ABL_R01,0.9833333333333332,G1,180.0,0.91,0.4502727660640246,100
1,M3ABL_R01,0.9833333333333332,G1,185.0,0.91,0.4502727660640246,100
1,M3ABL_R01,0.9833333333333332,G1,190.0,0.9,0.4502727660640246,100
1,M3ABL_R01,0.9833333333333332,G1,195.0,0.91,0.4502727660640246,100
1,M3ABL_R01,0.9833333333333332,G1,200.0,0.91,0.4502727660640246,100
1,M3ABL_R01,0.9833333333333332,G1,205.0,0.9,0.4502727660640246,100
1,M3ABL_R01,0.9833333333333332,G1,210.0,0.9,0.4502727660640246,100
1,M3ABL_R01,0.9833333333333332,G1,215.0,0.9,0.4502727660640246,100
1,M3ABL_R01,0.9833333333333332,G1,220.0,0.9,0.4502727660640246,100
1,M3ABL_R01,0.9833333333333332,G1,225.0,0.9,0.4502727660640246,100
1,M3ABL_R01,0.9833333333333332,G1,230.0,0.94,0.4502727660640246,100
1,M3ABL_R01,0.9833333333333332,G1,235.0,0.93,0.4502727660640246,100
1,M3ABL_R01,0.9833333333333332,G1,240.0,0.92,0.4502727660640246,100
1,M3ABL_R01,0.9833333333333332,G2,60.0,0.66,0.4502727660640246,100
1,M3ABL_R01,0.9833333333333332,G2,65.0,0.72,0.4502727660640246,100
1,M3ABL_R01,0.9833333333333332,G2,70.0,0.68,0.4502727660640246,100
1,M3ABL_R01,0.9833333333333332,G2,75.0,0.75,0.4502727660640246,100
1,M3ABL_R01,0.9833333333333332,G2,80.0,0.74,0.4502727660640246,100
1,M3ABL_R01,0.9833333333333332,G2,85.0,0.75,0.4502727660640246,100
1,M3ABL_R01,0.9833333333333332,G2,90.0,0.72,0.4502727660640246,100
1,M3ABL_R01,0.9833333333333332,G2,95.0,0.7,0.4502727660640246,100
1,M3ABL_R01,0.9833333333333332,G2,100.0,0.7,0.4502727660640246,100
1,M3ABL_R01,0.9833333333333332,G2,105.0,0.66,0.4502727660640246,100
1,M3ABL_R01,0.9833333333333332,G2,110.0,0.69,0.4502727660640246,100
1,M3ABL_R01,0.9833333333333332,G2,115.0,0.69,0.4502727660640246,100
1,M3ABL_R01,0.9833333333333332,G2,120.0,0.68,0.4502727660640246,100
1,M3ABL_R01,0.9833333333333332,G2,125.0,0.7,0.4502727660640246,100
1,M3ABL_R01,0.9833333333333332,G2,130.0,0.66,0.4502727660640246,100
1,M3ABL_R01,0.9833333333333332,G2,135.0,0.69,0.4502727660640246,100
1,M3ABL_R01,0.9833333333333332,G2,140.0,0.67,0.4502727660640246,100
1,M3ABL_R01,0.9833333333333332,G2,145.0,0.69,0.4502727660640246,100
1,M3ABL_R01,0.9833333333333332,G2,150.0,0.69,0.4502727660640246,100
1,M3ABL_R01,0.9833333333333332,G2,155.0,0.68,0.4502727660640246,100
1,M3ABL_R01,0.9833333333333332,G2,160.0,0.73,0.4502727660640246,100
1,M3ABL_R01,0.9833333333333332,G2,165.0,0.72,0.4502727660640246,100
1,M3ABL_R01,0.9833333333333332,G2,170.0,0.73,0.4502727660640246,100
1,M3ABL_R01,0.9833333333333332,G2,175.0,0.7,0.4502727660640246,100
1,M3ABL_R01,0.9833333333333332,G2,180.0,0.68,0.4502727660640246,100
1,M3ABL_R01,0.9833333333333332,G2,185.0,0.71,0.4502727660640246,100
1,M3ABL_R01,0.9833333333333332,G2,190.0,0.69,0.4502727660640246,100
1,M3ABL_R01,0.9833333333333332,G2,195.0,0.68,0.4502727660640246,100
1,M3ABL_R01,0.9833333333333332,G2,200.0,0.64,0.4502727660640246,100
1,M3ABL_R01,0.9833333333333332,G2,205.0,0.67,0.4502727660640246,100
1,M3ABL_R01,0.9833333333333332,G2,210.0,0.65,0.4502727660640246,100
1,M3ABL_R01,0.9833333333333332,G2,215.0,0.64,0.4502727660640246,100
1,M3ABL_R01,0.9833333333333332,G2,220.0,0.66,0.4502727660640246,100
1,M3ABL_R01,0.9833333333333332,G2,225.0,0.64,0.4502727660640246,100
1,M3ABL_R01,0.9833333333333332,G2,230.0,0.64,0.4502727660640246,100
1,M3ABL_R01,0.9833333333333332,G2,235.0,0.64,0.4502727660640246,100
1,M3ABL_R01,0.9833333333333332,G2,240.0,0.62,0.4502727660640246,100
1,M3ABL_R01,0.99,G0,60.0,0.99,0.4502727660640246,100
1,M3ABL_R01,0.99,G0,65.0,1.0,0.4502727660640246,100
1,M3ABL_R01,0.99,G0,70.0,0.98,0.4502727660640246,100
1,M3ABL_R01,0.99,G0,75.0,0.98,0.4502727660640246,100
1,M3ABL_R01,0.99,G0,80.0,0.98,0.4502727660640246,100
1,M3ABL_R01,0.99,G0,85.0,0.99,0.4502727660640246,100
1,M3ABL_R01,0.99,G0,90.0,0.99,0.4502727660640246,100
1,M3ABL_R01,0.99,G0,95.0,0.99,0.4502727660640246,100
1,M3ABL_R01,0.99,G0,100.0,0.99,0.4502727660640246,100
1,M3ABL_R01,0.99,G0,105.0,0.98,0.4502727660640246,100
1,M3ABL_R01,0.99,G0,110.0,0.98,0.4502727660640246,100
1,M3ABL_R01,0.99,G0,115.0,0.98,0.4502727660640246,100
1,M3ABL_R01,0.99,G0,120.0,0.98,0.4502727660640246,100
1,M3ABL_R01,0.99,G0,125.0,0.98,0.4502727660640246,100
1,M3ABL_R01,0.99,G0,130.0,0.98,0.4502727660640246,100
1,M3ABL_R01,0.99,G0,135.0,0.98,0.4502727660640246,100
1,M3ABL_R01,0.99,G0,140.0,0.98,0.4502727660640246,100
1,M3ABL_R01,0.99,G0,145.0,0.98,0.4502727660640246,100
1,M3ABL_R01,0.99,G0,150.0,0.98,0.4502727660640246,100
1,M3ABL_R01,0.99,G0,155.0,0.98,0.4502727660640246,100
1,M3ABL_R01,0.99,G0,160.0,0.98,0.4502727660640246,100
1,M3ABL_R01,0.99,G0,165.0,0.98,0.4502727660640246,100
1,M3ABL_R01,0.99,G0,170.0,0.98,0.4502727660640246,100
1,M3ABL_R01,0.99,G0,175.0,0.98,0.4502727660640246,100
1,M3ABL_R01,0.99,G0,180.0,0.98,0.4502727660640246,100
1,M3ABL_R01,0.99,G0,185.0,0.98,0.4502727660640246,100
1,M3ABL_R01,0.99,G0,190.0,0.97,0.4502727660640246,100
1,M3ABL_R01,0.99,G0,195.0,0.97,0.4502727660640246,100
1,M3ABL_R01,0.99,G0,200.0,0.97,0.4502727660640246,100
1,M3ABL_R01,0.99,G0,205.0,0.98,0.4502727660640246,100
1,M3ABL_R01,0.99,G0,210.0,0.98,0.4502727660640246,100
1,M3ABL_R01,0.99,G0,215.0,0.98,0.4502727660640246,100
1,M3ABL_R01,0.99,G0,220.0,0.98,0.4502727660640246,100
1,M3ABL_R01,0.99,G0,225.0,0.98,0.4502727660640246,100
1,M3ABL_R01,0.99,G0,230.0,0.98,0.4502727660640246,100
1,M3ABL_R01,0.99,G0,235.0,0.98,0.4502727660640246,100
1,M3ABL_R01,0.99,G0,240.0,0.98,0.4502727660640246,100
1,M3ABL_R01,0.99,G1,60.0,0.92,0.4502727660640246,100
1,M3ABL_R01,0.99,G1,65.0,0.93,0.4502727660640246,100
1,M3ABL_R01,0.99,G1,70.0,0.9,0.4502727660640246,100
1,M3ABL_R01,0.99,G1,75.0,0.9,0.4502727660640246,100
1,M3ABL_R01,0.99,G1,80.0,0.89,0.4502727660640246,100
1,M3ABL_R01,0.99,G1,85.0,0.91,0.4502727660640246,100
1,M3ABL_R01,0.99,G1,90.0,0.9,0.4502727660640246,100
1,M3ABL_R01,0.99,G1,95.0,0.9,0.4502727660640246,100
1,M3ABL_R01,0.99,G1,100.0,0.89,0.4502727660640246,100
1,M3ABL_R01,0.99,G1,105.0,0.9,0.4502727660640246,100
1,M3ABL_R01,0.99,G1,110.0,0.89,0.4502727660640246,100
1,M3ABL_R01,0.99,G1,115.0,0.88,0.4502727660640246,100
1,M3ABL_R01,0.99,G1,120.0,0.88,0.4502727660640246,100
1,M3ABL_R01,0.99,G1,125.0,0.89,0.4502727660640246,100
1,M3ABL_R01,0.99,G1,130.0,0.89,0.4502727660640246,100
1,M3ABL_R01,0.99,G1,135.0,0.89,0.4502727660640246,100
1,M3ABL_R01,0.99,G1,140.0,0.89,0.4502727660640246,100
1,M3ABL_R01,0.99,G1,145.0,0.91,0.4502727660640246,100
1,M3ABL_R01,0.99,G1,150.0,0.91,0.4502727660640246,100
1,M3ABL_R01,0.99,G1,155.0,0.91,0.4502727660640246,100
1,M3ABL_R01,0.99,G1,160.0,0.91,0.4502727660640246,100
1,M3ABL_R01,0.99,G1,165.0,0.92,0.4502727660640246,100
1,M3ABL_R01,0.99,G1,170.0,0.92,0.4502727660640246,100
1,M3ABL_R01,0.99,G1,175.0,0.91,0.4502727660640246,100
1,M3ABL_R01,0.99,G1,180.0,0.91,0.4502727660640246,100
1,M3ABL_R01,0.99,G1,185.0,0.91,0.4502727660640246,100
1,M3ABL_R01,0.99,G1,190.0,0.89,0.4502727660640246,100
1,M3ABL_R01,0.99,G1,195.0,0.89,0.4502727660640246,100
1,M3ABL_R01,0.99,G1,200.0,0.89,0.4502727660640246,100
1,M3ABL_R01,0.99,G1,205.0,0.92,0.4502727660640246,100
1,M3ABL_R01,0.99,G1,210.0,0.92,0.4502727660640246,100
1,M3ABL_R01,0.99,G1,215.0,0.92,0.4502727660640246,100
1,M3ABL_R01,0.99,G1,220.0,0.91,0.4502727660640246,100
1,M3ABL_R01,0.99,G1,225.0,0.94,0.4502727660640246,100
1,M3ABL_R01,0.99,G1,230.0,0.94,0.4502727660640246,100
1,M3ABL_R01,0.99,G1,235.0,0.92,0.4502727660640246,100
1,M3ABL_R01,0.99,G1,240.0,0.91,0.4502727660640246,100
1,M3ABL_R01,0.99,G2,60.0,0.66,0.4502727660640246,100
1,M3ABL_R01,0.99,G2,65.0,0.75,0.4502727660640246,100
1,M3ABL_R01,0.99,G2,70.0,0.73,0.4502727660640246,100
1,M3ABL_R01,0.99,G2,75.0,0.72,0.4502727660640246,100
1,M3ABL_R01,0.99,G2,80.0,0.7,0.4502727660640246,100
1,M3ABL_R01,0.99,G2,85.0,0.76,0.4502727660640246,100
1,M3ABL_R01,0.99,G2,90.0,0.75,0.4502727660640246,100
1,M3ABL_R01,0.99,G2,95.0,0.73,0.4502727660640246,100
1,M3ABL_R01,0.99,G2,100.0,0.69,0.4502727660640246,100
1,M3ABL_R01,0.99,G2,105.0,0.73,0.4502727660640246,100
1,M3ABL_R01,0.99,G2,110.0,0.7,0.4502727660640246,100
1,M3ABL_R01,0.99,G2,115.0,0.69,0.4502727660640246,100
1,M3ABL_R01,0.99,G2,120.0,0.67,0.4502727660640246,100
1,M3ABL_R01,0.99,G2,125.0,0.69,0.4502727660640246,100
1,M3ABL_R01,0.99,G2,130.0,0.66,0.4502727660640246,100
1,M3ABL_R01,0.99,G2,135.0,0.66,0.4502727660640246,100
1,M3ABL_R01,0.99,G2,140.0,0.64,0.4502727660640246,100
1,M3ABL_R01,0.99,G2,145.0,0.67,0.4502727660640246,100
1,M3ABL_R01,0.99,G2,150.0,0.67,0.4502727660640246,100
1,M3ABL_R01,0.99,G2,155.0,0.67,0.4502727660640246,100
1,M3ABL_R01,0.99,G2,160.0,0.66,0.4502727660640246,100
1,M3ABL_R01,0.99,G2,165.0,0.69,0.4502727660640246,100
1,M3ABL_R01,0.99,G2,170.0,0.68,0.4502727660640246,100
1,M3ABL_R01,0.99,G2,175.0,0.65,0.4502727660640246,100
1,M3ABL_R01,0.99,G2,180.0,0.64,0.4502727660640246,100
1,M3ABL_R01,0.99,G2,185.0,0.66,0.4502727660640246,100
1,M3ABL_R01,0.99,G2,190.0,0.64,0.4502727660640246,100
1,M3ABL_R01,0.99,G2,195.0,0.61,0.4502727660640246,100
1,M3ABL_R01,0.99,G2,200.0,0.59,0.4502727660640246,100
1,M3ABL_R01,0.99,G2,205.0,0.66,0.4502727660640246,100
1,M3ABL_R01,0.99,G2,210.0,0.65,0.4502727660640246,100
1,M3ABL_R01,0.99,G2,215.0,0.63,0.4502727660640246,100
1,M3ABL_R01,0.99,G2,220.0,0.62,0.4502727660640246,100
1,M3ABL_R01,0.99,G2,225.0,0.64,0.4502727660640246,100
1,M3ABL_R01,0.99,G2,230.0,0.61,0.4502727660640246,100
1,M3ABL_R01,0.99,G2,235.0,0.61,0.4502727660640246,100
1,M3ABL_R01,0.99,G2,240.0,0.6,0.4502727660640246,100
1,M3ABL_R01,0.995,G0,60.0,1.0,0.4502727660640246,100
1,M3ABL_R01,0.995,G0,65.0,1.0,0.4502727660640246,100
1,M3ABL_R01,0.995,G0,70.0,0.98,0.4502727660640246,100
1,M3ABL_R01,0.995,G0,75.0,0.98,0.4502727660640246,100
1,M3ABL_R01,0.995,G0,80.0,0.98,0.4502727660640246,100
1,M3ABL_R01,0.995,G0,85.0,0.99,0.4502727660640246,100
1,M3ABL_R01,0.995,G0,90.0,0.99,0.4502727660640246,100
1,M3ABL_R01,0.995,G0,95.0,0.99,0.4502727660640246,100
1,M3ABL_R01,0.995,G0,100.0,0.99,0.4502727660640246,100
1,M3ABL_R01,0.995,G0,105.0,0.98,0.4502727660640246,100
1,M3ABL_R01,0.995,G0,110.0,0.98,0.4502727660640246,100
1,M3ABL_R01,0.995,G0,115.0,0.98,0.4502727660640246,100
1,M3ABL_R01,0.995,G0,120.0,0.98,0.4502727660640246,100
1,M3ABL_R01,0.995,G0,125.0,0.98,0.4502727660640246,100
1,M3ABL_R01,0.995,G0,130.0,0.98,0.4502727660640246,100
1,M3ABL_R01,0.995,G0,135.0,0.98,0.4502727660640246,100
1,M3ABL_R01,0.995,G0,140.0,0.98,0.4502727660640246,100
1,M3ABL_R01,0.995,G0,145.0,0.98,0.4502727660640246,100
1,M3ABL_R01,0.995,G0,150.0,0.98,0.4502727660640246,100
1,M3ABL_R01,0.995,G0,155.0,0.98,0.4502727660640246,100
1,M3ABL_R01,0.995,G0,160.0,0.98,0.4502727660640246,100
1,M3ABL_R01,0.995,G0,165.0,0.99,0.4502727660640246,100
1,M3ABL_R01,0.995,G0,170.0,0.99,0.4502727660640246,100
1,M3ABL_R01,0.995,G0,175.0,0.99,0.4502727660640246,100
1,M3ABL_R01,0.995,G0,180.0,0.99,0.4502727660640246,100
1,M3ABL_R01,0.995,G0,185.0,0.99,0.4502727660640246,100
1,M3ABL_R01,0.995,G0,190.0,0.98,0.4502727660640246,100
1,M3ABL_R01,0.995,G0,195.0,0.98,0.4502727660640246,100
1,M3ABL_R01,0.995,G0,200.0,0.98,0.4502727660640246,100
1,M3ABL_R01,0.995,G0,205.0,0.98,0.4502727660640246,100
1,M3ABL_R01,0.995,G0,210.0,0.98,0.4502727660640246,100
1,M3ABL_R01,0.995,G0,215.0,0.98,0.4502727660640246,100
1,M3ABL_R01,0.995,G0,220.0,0.98,0.4502727660640246,100
1,M3ABL_R01,0.995,G0,225.0,0.98,0.4502727660640246,100
1,M3ABL_R01,0.995,G0,230.0,0.98,0.4502727660640246,100
1,M3ABL_R01,0.995,G0,235.0,0.98,0.4502727660640246,100
1,M3ABL_R01,0.995,G0,240.0,0.98,0.4502727660640246,100
1,M3ABL_R01,0.995,G1,60.0,0.93,0.4502727660640246,100
1,M3ABL_R01,0.995,G1,65.0,0.93,0.4502727660640246,100
1,M3ABL_R01,0.995,G1,70.0,0.9,0.4502727660640246,100
1,M3ABL_R01,0.995,G1,75.0,0.9,0.4502727660640246,100
1,M3ABL_R01,0.995,G1,80.0,0.9,0.4502727660640246,100
1,M3ABL_R01,0.995,G1,85.0,0.9,0.4502727660640246,100
1,M3ABL_R01,0.995,G1,90.0,0.89,0.4502727660640246,100
1,M3ABL_R01,0.995,G1,95.0,0.89,0.4502727660640246,100
1,M3ABL_R01,0.995,G1,100.0,0.88,0.4502727660640246,100
1,M3ABL_R01,0.995,G1,105.0,0.87,0.4502727660640246,100
1,M3ABL_R01,0.995,G1,110.0,0.85,0.4502727660640246,100
1,M3ABL_R01,0.995,G1,115.0,0.84,0.4502727660640246,100
1,M3ABL_R01,0.995,G1,120.0,0.84,0.4502727660640246,100
1,M3ABL_R01,0.995,G1,125.0,0.87,0.4502727660640246,100
1,M3ABL_R01,0.995,G1,130.0,0.87,0.4502727660640246,100
1,M3ABL_R01,0.995,G1,135.0,0.87,0.4502727660640246,100
1,M3ABL_R01,0.995,G1,140.0,0.87,0.4502727660640246,100
1,M3ABL_R01,0.995,G1,145.0,0.87,0.4502727660640246,100
1,M3ABL_R01,0.995,G1,150.0,0.87,0.4502727660640246,100
1,M3ABL_R01,0.995,G1,155.0,0.87,0.4502727660640246,100
1,M3ABL_R01,0.995,G1,160.0,0.86,0.4502727660640246,100
1,M3ABL_R01,0.995,G1,165.0,0.87,0.4502727660640246,100
1,M3ABL_R01,0.995,G1,170.0,0.87,0.4502727660640246,100
1,M3ABL_R01,0.995,G1,175.0,0.86,0.4502727660640246,100
1,M3ABL_R01,0.995,G1,180.0,0.85,0.4502727660640246,100
1,M3ABL_R01,0.995,G1,185.0,0.85,0.4502727660640246,100
1,M3ABL_R01,0.995,G1,190.0,0.84,0.4502727660640246,100
1,M3ABL_R01,0.995,G1,195.0,0.84,0.4502727660640246,100
1,M3ABL_R01,0.995,G1,200.0,0.83,0.4502727660640246,100
1,M3ABL_R01,0.995,G1,205.0,0.87,0.4502727660640246,100
1,M3ABL_R01,0.995,G1,210.0,0.87,0.4502727660640246,100
1,M3ABL_R01,0.995,G1,215.0,0.87,0.4502727660640246,100
1,M3ABL_R01,0.995,G1,220.0,0.87,0.4502727660640246,100
1,M3ABL_R01,0.995,G1,225.0,0.87,0.4502727660640246,100
1,M3ABL_R01,0.995,G1,230.0,0.86,0.4502727660640246,100
1,M3ABL_R01,0.995,G1,235.0,0.86,0.4502727660640246,100
1,M3ABL_R01,0.995,G1,240.0,0.85,0.4502727660640246,100
1,M3ABL_R01,0.995,G2,60.0,0.7,0.4502727660640246,100
1,M3ABL_R01,0.995,G2,65.0,0.69,0.4502727660640246,100
1,M3ABL_R01,0.995,G2,70.0,0.64,0.4502727660640246,100
1,M3ABL_R01,0.995,G2,75.0,0.62,0.4502727660640246,100
1,M3ABL_R01,0.995,G2,80.0,0.62,0.4502727660640246,100
1,M3ABL_R01,0.995,G2,85.0,0.7,0.4502727660640246,100
1,M3ABL_R01,0.995,G2,90.0,0.69,0.4502727660640246,100
1,M3ABL_R01,0.995,G2,95.0,0.68,0.4502727660640246,100
1,M3ABL_R01,0.995,G2,100.0,0.64,0.4502727660640246,100
1,M3ABL_R01,0.995,G2,105.0,0.62,0.4502727660640246,100
1,M3ABL_R01,0.995,G2,110.0,0.59,0.4502727660640246,100
1,M3ABL_R01,0.995,G2,115.0,0.58,0.4502727660640246,100
1,M3ABL_R01,0.995,G2,120.0,0.56,0.4502727660640246,100
1,M3ABL_R01,0.995,G2,125.0,0.65,0.4502727660640246,100
1,M3ABL_R01,0.995,G2,130.0,0.63,0.4502727660640246,100
1,M3ABL_R01,0.995,G2,135.0,0.63,0.4502727660640246,100
1,M3ABL_R01,0.995,G2,140.0,0.61,0.4502727660640246,100
1,M3ABL_R01,0.995,G2,145.0,0.6,0.4502727660640246,100
1,M3ABL_R01,0.995,G2,150.0,0.59,0.4502727660640246,100
1,M3ABL_R01,0.995,G2,155.0,0.56,0.4502727660640246,100
1,M3ABL_R01,0.995,G2,160.0,0.55,0.4502727660640246,100
1,M3ABL_R01,0.995,G2,165.0,0.64,0.4502727660640246,100
1,M3ABL_R01,0.995,G2,170.0,0.61,0.4502727660640246,100
1,M3ABL_R01,0.995,G2,175.0,0.59,0.4502727660640246,100
1,M3ABL_R01,0.995,G2,180.0,0.57,0.4502727660640246,100
1,M3ABL_R01,0.995,G2,185.0,0.56,0.4502727660640246,100
1,M3ABL_R01,0.995,G2,190.0,0.55,0.4502727660640246,100
1,M3ABL_R01,0.995,G2,195.0,0.54,0.4502727660640246,100
1,M3ABL_R01,0.995,G2,200.0,0.53,0.4502727660640246,100
1,M3ABL_R01,0.995,G2,205.0,0.56,0.4502727660640246,100
1,M3ABL_R01,0.995,G2,210.0,0.54,0.4502727660640246,100
1,M3ABL_R01,0.995,G2,215.0,0.54,0.4502727660640246,100
1,M3ABL_R01,0.995,G2,220.0,0.54,0.4502727660640246,100
1,M3ABL_R01,0.995,G2,225.0,0.54,0.4502727660640246,100
1,M3ABL_R01,0.995,G2,230.0,0.52,0.4502727660640246,100
1,M3ABL_R01,0.995,G2,235.0,0.52,0.4502727660640246,100
1,M3ABL_R01,0.995,G2,240.0,0.5,0.4502727660640246,100
2,M3ABL_R02,0.95,G0,60.0,0.96,0.3105048941382184,100
2,M3ABL_R02,0.95,G0,65.0,0.99,0.3105048941382184,100
2,M3ABL_R02,0.95,G0,70.0,0.99,0.3105048941382184,100
2,M3ABL_R02,0.95,G0,75.0,0.97,0.3105048941382184,100
2,M3ABL_R02,0.95,G0,80.0,0.98,0.3105048941382184,100
2,M3ABL_R02,0.95,G0,85.0,0.99,0.3105048941382184,100
2,M3ABL_R02,0.95,G0,90.0,0.99,0.3105048941382184,100
2,M3ABL_R02,0.95,G0,95.0,0.99,0.3105048941382184,100
2,M3ABL_R02,0.95,G0,100.0,0.99,0.3105048941382184,100
2,M3ABL_R02,0.95,G0,105.0,0.98,0.3105048941382184,100
2,M3ABL_R02,0.95,G0,110.0,0.99,0.3105048941382184,100
2,M3ABL_R02,0.95,G0,115.0,0.99,0.3105048941382184,100
2,M3ABL_R02,0.95,G0,120.0,0.99,0.3105048941382184,100
2,M3ABL_R02,0.95,G0,125.0,0.99,0.3105048941382184,100
2,M3ABL_R02,0.95,G0,130.0,0.99,0.3105048941382184,100
2,M3ABL_R02,0.95,G0,135.0,0.99,0.3105048941382184,100
2,M3ABL_R02,0.95,G0,140.0,0.99,0.3105048941382184,100
2,M3ABL_R02,0.95,G0,145.0,1.0,0.3105048941382184,100
2,M3ABL_R02,0.95,G0,150.0,1.0,0.3105048941382184,100
2,M3ABL_R02,0.95,G0,155.0,1.0,0.3105048941382184,100
2,M3ABL_R02,0.95,G0,160.0,1.0,0.3105048941382184,100
2,M3ABL_R02,0.95,G0,165.0,1.0,0.3105048941382184,100
2,M3ABL_R02,0.95,G0,170.0,1.0,0.3105048941382184,100
2,M3ABL_R02,0.95,G0,175.0,1.0,0.3105048941382184,100
2,M3ABL_R02,0.95,G0,180.0,1.0,0.3105048941382184,100
2,M3ABL_R02,0.95,G0,185.0,1.0,0.3105048941382184,100
2,M3ABL_R02,0.95,G0,190.0,1.0,0.3105048941382184,100
2,M3ABL_R02,0.95,G0,195.0,1.0,0.3105048941382184,100
2,M3ABL_R02,0.95,G0,200.0,1.0,0.3105048941382184,100
2,M3ABL_R02,0.95,G0,205.0,1.0,0.3105048941382184,100
2,M3ABL_R02,0.95,G0,210.0,1.0,0.3105048941382184,100
2,M3ABL_R02,0.95,G0,215.0,1.0,0.3105048941382184,100
2,M3ABL_R02,0.95,G0,220.0,1.0,0.3105048941382184,100
2,M3ABL_R02,0.95,G0,225.0,1.0,0.3105048941382184,100
2,M3ABL_R02,0.95,G0,230.0,1.0,0.3105048941382184,100
2,M3ABL_R02,0.95,G0,235.0,1.0,0.3105048941382184,100
2,M3ABL_R02,0.95,G0,240.0,1.0,0.3105048941382184,100
2,M3ABL_R02,0.95,G1,60.0,0.88,0.3105048941382184,100
2,M3ABL_R02,0.95,G1,65.0,0.88,0.3105048941382184,100
2,M3ABL_R02,0.95,G1,70.0,0.88,0.3105048941382184,100
2,M3ABL_R02,0.95,G1,75.0,0.87,0.3105048941382184,100
2,M3ABL_R02,0.95,G1,80.0,0.88,0.3105048941382184,100
2,M3ABL_R02,0.95,G1,85.0,0.89,0.3105048941382184,100
2,M3ABL_R02,0.95,G1,90.0,0.88,0.3105048941382184,100
2,M3ABL_R02,0.95,G1,95.0,0.88,0.3105048941382184,100
2,M3ABL_R02,0.95,G1,100.0,0.88,0.3105048941382184,100
2,M3ABL_R02,0.95,G1,105.0,0.91,0.3105048941382184,100
2,M3ABL_R02,0.95,G1,110.0,0.9,0.3105048941382184,100
2,M3ABL_R02,0.95,G1,115.0,0.89,0.3105048941382184,100
2,M3ABL_R02,0.95,G1,120.0,0.89,0.3105048941382184,100
2,M3ABL_R02,0.95,G1,125.0,0.89,0.3105048941382184,100
2,M3ABL_R02,0.95,G1,130.0,0.89,0.3105048941382184,100
2,M3ABL_R02,0.95,G1,135.0,0.89,0.3105048941382184,100
2,M3ABL_R02,0.95,G1,140.0,0.89,0.3105048941382184,100
2,M3ABL_R02,0.95,G1,145.0,0.9,0.3105048941382184,100
2,M3ABL_R02,0.95,G1,150.0,0.9,0.3105048941382184,100
2,M3ABL_R02,0.95,G1,155.0,0.9,0.3105048941382184,100
2,M3ABL_R02,0.95,G1,160.0,0.92,0.3105048941382184,100
2,M3ABL_R02,0.95,G1,165.0,0.91,0.3105048941382184,100
2,M3ABL_R02,0.95,G1,170.0,0.92,0.3105048941382184,100
2,M3ABL_R02,0.95,G1,175.0,0.91,0.3105048941382184,100
2,M3ABL_R02,0.95,G1,180.0,0.91,0.3105048941382184,100
2,M3ABL_R02,0.95,G1,185.0,0.92,0.3105048941382184,100
2,M3ABL_R02,0.95,G1,190.0,0.94,0.3105048941382184,100
2,M3ABL_R02,0.95,G1,195.0,0.94,0.3105048941382184,100
2,M3ABL_R02,0.95,G1,200.0,0.95,0.3105048941382184,100
2,M3ABL_R02,0.95,G1,205.0,0.97,0.3105048941382184,100
2,M3ABL_R02,0.95,G1,210.0,0.95,0.3105048941382184,100
2,M3ABL_R02,0.95,G1,215.0,0.96,0.3105048941382184,100
2,M3ABL_R02,0.95,G1,220.0,0.96,0.3105048941382184,100
2,M3ABL_R02,0.95,G1,225.0,0.96,0.3105048941382184,100
2,M3ABL_R02,0.95,G1,230.0,0.96,0.3105048941382184,100
2,M3ABL_R02,0.95,G1,235.0,0.95,0.3105048941382184,100
2,M3ABL_R02,0.95,G1,240.0,0.95,0.3105048941382184,100
2,M3ABL_R02,0.95,G2,60.0,0.68,0.3105048941382184,100
2,M3ABL_R02,0.95,G2,65.0,0.68,0.3105048941382184,100
2,M3ABL_R02,0.95,G2,70.0,0.72,0.3105048941382184,100
2,M3ABL_R02,0.95,G2,75.0,0.7,0.3105048941382184,100
2,M3ABL_R02,0.95,G2,80.0,0.71,0.3105048941382184,100
2,M3ABL_R02,0.95,G2,85.0,0.74,0.3105048941382184,100
2,M3ABL_R02,0.95,G2,90.0,0.72,0.3105048941382184,100
2,M3ABL_R02,0.95,G2,95.0,0.74,0.3105048941382184,100
2,M3ABL_R02,0.95,G2,100.0,0.73,0.3105048941382184,100
2,M3ABL_R02,0.95,G2,105.0,0.75,0.3105048941382184,100
2,M3ABL_R02,0.95,G2,110.0,0.7,0.3105048941382184,100
2,M3ABL_R02,0.95,G2,115.0,0.73,0.3105048941382184,100
2,M3ABL_R02,0.95,G2,120.0,0.73,0.3105048941382184,100
2,M3ABL_R02,0.95,G2,125.0,0.74,0.3105048941382184,100
2,M3ABL_R02,0.95,G2,130.0,0.73,0.3105048941382184,100
2,M3ABL_R02,0.95,G2,135.0,0.74,0.3105048941382184,100
2,M3ABL_R02,0.95,G2,140.0,0.71,0.3105048941382184,100
2,M3ABL_R02,0.95,G2,145.0,0.71,0.3105048941382184,100
2,M3ABL_R02,0.95,G2,150.0,0.7,0.3105048941382184,100
2,M3ABL_R02,0.95,G2,155.0,0.71,0.3105048941382184,100
2,M3ABL_R02,0.95,G2,160.0,0.74,0.3105048941382184,100
2,M3ABL_R02,0.95,G2,165.0,0.76,0.3105048941382184,100
2,M3ABL_R02,0.95,G2,170.0,0.72,0.3105048941382184,100
2,M3ABL_R02,0.95,G2,175.0,0.7,0.3105048941382184,100
2,M3ABL_R02,0.95,G2,180.0,0.71,0.3105048941382184,100
2,M3ABL_R02,0.95,G2,185.0,0.73,0.3105048941382184,100
2,M3ABL_R02,0.95,G2,190.0,0.73,0.3105048941382184,100
2,M3ABL_R02,0.95,G2,195.0,0.72,0.3105048941382184,100
2,M3ABL_R02,0.95,G2,200.0,0.73,0.3105048941382184,100
2,M3ABL_R02,0.95,G2,205.0,0.72,0.3105048941382184,100
2,M3ABL_R02,0.95,G2,210.0,0.71,0.3105048941382184,100
2,M3ABL_R02,0.95,G2,215.0,0.7,0.3105048941382184,100
2,M3ABL_R02,0.95,G2,220.0,0.7,0.3105048941382184,100
2,M3ABL_R02,0.95,G2,225.0,0.68,0.3105048941382184,100
2,M3ABL_R02,0.95,G2,230.0,0.66,0.3105048941382184,100
2,M3ABL_R02,0.95,G2,235.0,0.67,0.3105048941382184,100
2,M3ABL_R02,0.95,G2,240.0,0.68,0.3105048941382184,100
2,M3ABL_R02,0.975,G0,60.0,0.99,0.3105048941382184,100
2,M3ABL_R02,0.975,G0,65.0,0.99,0.3105048941382184,100
2,M3ABL_R02,0.975,G0,70.0,0.98,0.3105048941382184,100
2,M3ABL_R02,0.975,G0,75.0,0.98,0.3105048941382184,100
2,M3ABL_R02,0.975,G0,80.0,0.98,0.3105048941382184,100
2,M3ABL_R02,0.975,G0,85.0,0.99,0.3105048941382184,100
2,M3ABL_R02,0.975,G0,90.0,0.99,0.3105048941382184,100
2,M3ABL_R02,0.975,G0,95.0,0.99,0.3105048941382184,100
2,M3ABL_R02,0.975,G0,100.0,0.99,0.3105048941382184,100
2,M3ABL_R02,0.975,G0,105.0,0.98,0.3105048941382184,100
2,M3ABL_R02,0.975,G0,110.0,0.98,0.3105048941382184,100
2,M3ABL_R02,0.975,G0,115.0,0.98,0.3105048941382184,100
2,M3ABL_R02,0.975,G0,120.0,0.98,0.3105048941382184,100
2,M3ABL_R02,0.975,G0,125.0,0.98,0.3105048941382184,100
2,M3ABL_R02,0.975,G0,130.0,0.98,0.3105048941382184,100
2,M3ABL_R02,0.975,G0,135.0,0.98,0.3105048941382184,100
2,M3ABL_R02,0.975,G0,140.0,0.98,0.3105048941382184,100
2,M3ABL_R02,0.975,G0,145.0,0.98,0.3105048941382184,100
2,M3ABL_R02,0.975,G0,150.0,0.98,0.3105048941382184,100
2,M3ABL_R02,0.975,G0,155.0,0.98,0.3105048941382184,100
2,M3ABL_R02,0.975,G0,160.0,0.98,0.3105048941382184,100
2,M3ABL_R02,0.975,G0,165.0,0.99,0.3105048941382184,100
2,M3ABL_R02,0.975,G0,170.0,1.0,0.3105048941382184,100
2,M3ABL_R02,0.975,G0,175.0,1.0,0.3105048941382184,100
2,M3ABL_R02,0.975,G0,180.0,1.0,0.3105048941382184,100
2,M3ABL_R02,0.975,G0,185.0,1.0,0.3105048941382184,100
2,M3ABL_R02,0.975,G0,190.0,1.0,0.3105048941382184,100
2,M3ABL_R02,0.975,G0,195.0,1.0,0.3105048941382184,100
2,M3ABL_R02,0.975,G0,200.0,1.0,0.3105048941382184,100
2,M3ABL_R02,0.975,G0,205.0,1.0,0.3105048941382184,100
2,M3ABL_R02,0.975,G0,210.0,1.0,0.3105048941382184,100
2,M3ABL_R02,0.975,G0,215.0,1.0,0.3105048941382184,100
2,M3ABL_R02,0.975,G0,220.0,1.0,0.3105048941382184,100
2,M3ABL_R02,0.975,G0,225.0,1.0,0.3105048941382184,100
2,M3ABL_R02,0.975,G0,230.0,1.0,0.3105048941382184,100
2,M3ABL_R02,0.975,G0,235.0,1.0,0.3105048941382184,100
2,M3ABL_R02,0.975,G0,240.0,1.0,0.3105048941382184,100
2,M3ABL_R02,0.975,G1,60.0,0.88,0.3105048941382184,100
2,M3ABL_R02,0.975,G1,65.0,0.9,0.3105048941382184,100
2,M3ABL_R02,0.975,G1,70.0,0.86,0.3105048941382184,100
2,M3ABL_R02,0.975,G1,75.0,0.88,0.3105048941382184,100
2,M3ABL_R02,0.975,G1,80.0,0.88,0.3105048941382184,100
2,M3ABL_R02,0.975,G1,85.0,0.88,0.3105048941382184,100
2,M3ABL_R02,0.975,G1,90.0,0.88,0.3105048941382184,100
2,M3ABL_R02,0.975,G1,95.0,0.88,0.3105048941382184,100
2,M3ABL_R02,0.975,G1,100.0,0.9,0.3105048941382184,100
2,M3ABL_R02,0.975,G1,105.0,0.89,0.3105048941382184,100
2,M3ABL_R02,0.975,G1,110.0,0.88,0.3105048941382184,100
2,M3ABL_R02,0.975,G1,115.0,0.87,0.3105048941382184,100
2,M3ABL_R02,0.975,G1,120.0,0.87,0.3105048941382184,100
2,M3ABL_R02,0.975,G1,125.0,0.88,0.3105048941382184,100
2,M3ABL_R02,0.975,G1,130.0,0.88,0.3105048941382184,100
2,M3ABL_R02,0.975,G1,135.0,0.88,0.3105048941382184,100
2,M3ABL_R02,0.975,G1,140.0,0.9,0.3105048941382184,100
2,M3ABL_R02,0.975,G1,145.0,0.92,0.3105048941382184,100
2,M3ABL_R02,0.975,G1,150.0,0.92,0.3105048941382184,100
2,M3ABL_R02,0.975,G1,155.0,0.92,0.3105048941382184,100
2,M3ABL_R02,0.975,G1,160.0,0.92,0.3105048941382184,100
2,M3ABL_R02,0.975,G1,165.0,0.91,0.3105048941382184,100
2,M3ABL_R02,0.975,G1,170.0,0.93,0.3105048941382184,100
2,M3ABL_R02,0.975,G1,175.0,0.93,0.3105048941382184,100
2,M3ABL_R02,0.975,G1,180.0,0.93,0.3105048941382184,100
2,M3ABL_R02,0.975,G1,185.0,0.93,0.3105048941382184,100
2,M3ABL_R02,0.975,G1,190.0,0.92,0.3105048941382184,100
2,M3ABL_R02,0.975,G1,195.0,0.92,0.3105048941382184,100
2,M3ABL_R02,0.975,G1,200.0,0.92,0.3105048941382184,100
2,M3ABL_R02,0.975,G1,205.0,0.93,0.3105048941382184,100
2,M3ABL_R02,0.975,G1,210.0,0.94,0.3105048941382184,100
2,M3ABL_R02,0.975,G1,215.0,0.94,0.3105048941382184,100
2,M3ABL_R02,0.975,G1,220.0,0.95,0.3105048941382184,100
2,M3ABL_R02,0.975,G1,225.0,0.95,0.3105048941382184,100
2,M3ABL_R02,0.975,G1,230.0,0.94,0.3105048941382184,100
2,M3ABL_R02,0.975,G1,235.0,0.94,0.3105048941382184,100
2,M3ABL_R02,0.975,G1,240.0,0.94,0.3105048941382184,100
2,M3ABL_R02,0.975,G2,60.0,0.7,0.3105048941382184,100
2,M3ABL_R02,0.975,G2,65.0,0.73,0.3105048941382184,100
2,M3ABL_R02,0.975,G2,70.0,0.7,0.3105048941382184,100
2,M3ABL_R02,0.975,G2,75.0,0.75,0.3105048941382184,100
2,M3ABL_R02,0.975,G2,80.0,0.74,0.3105048941382184,100
2,M3ABL_R02,0.975,G2,85.0,0.73,0.3105048941382184,100
2,M3ABL_R02,0.975,G2,90.0,0.73,0.3105048941382184,100
2,M3ABL_R02,0.975,G2,95.0,0.71,0.3105048941382184,100
2,M3ABL_R02,0.975,G2,100.0,0.71,0.3105048941382184,100
2,M3ABL_R02,0.975,G2,105.0,0.71,0.3105048941382184,100
2,M3ABL_R02,0.975,G2,110.0,0.65,0.3105048941382184,100
2,M3ABL_R02,0.975,G2,115.0,0.68,0.3105048941382184,100
2,M3ABL_R02,0.975,G2,120.0,0.68,0.3105048941382184,100
2,M3ABL_R02,0.975,G2,125.0,0.71,0.3105048941382184,100
2,M3ABL_R02,0.975,G2,130.0,0.71,0.3105048941382184,100
2,M3ABL_R02,0.975,G2,135.0,0.71,0.3105048941382184,100
2,M3ABL_R02,0.975,G2,140.0,0.71,0.3105048941382184,100
2,M3ABL_R02,0.975,G2,145.0,0.73,0.3105048941382184,100
2,M3ABL_R02,0.975,G2,150.0,0.72,0.3105048941382184,100
2,M3ABL_R02,0.975,G2,155.0,0.71,0.3105048941382184,100
2,M3ABL_R02,0.975,G2,160.0,0.71,0.3105048941382184,100
2,M3ABL_R02,0.975,G2,165.0,0.73,0.3105048941382184,100
2,M3ABL_R02,0.975,G2,170.0,0.73,0.3105048941382184,100
2,M3ABL_R02,0.975,G2,175.0,0.7,0.3105048941382184,100
2,M3ABL_R02,0.975,G2,180.0,0.7,0.3105048941382184,100
2,M3ABL_R02,0.975,G2,185.0,0.7,0.3105048941382184,100
2,M3ABL_R02,0.975,G2,190.0,0.68,0.3105048941382184,100
2,M3ABL_R02,0.975,G2,195.0,0.7,0.3105048941382184,100
2,M3ABL_R02,0.975,G2,200.0,0.67,0.3105048941382184,100
2,M3ABL_R02,0.975,G2,205.0,0.68,0.3105048941382184,100
2,M3ABL_R02,0.975,G2,210.0,0.68,0.3105048941382184,100
2,M3ABL_R02,0.975,G2,215.0,0.67,0.3105048941382184,100
2,M3ABL_R02,0.975,G2,220.0,0.66,0.3105048941382184,100
2,M3ABL_R02,0.975,G2,225.0,0.67,0.3105048941382184,100
2,M3ABL_R02,0.975,G2,230.0,0.63,0.3105048941382184,100
2,M3ABL_R02,0.975,G2,235.0,0.63,0.3105048941382184,100
2,M3ABL_R02,0.975,G2,240.0,0.63,0.3105048941382184,100
2,M3ABL_R02,0.9833333333333332,G0,60.0,0.99,0.3105048941382184,100
2,M3ABL_R02,0.9833333333333332,G0,65.0,1.0,0.3105048941382184,100
2,M3ABL_R02,0.9833333333333332,G0,70.0,0.98,0.3105048941382184,100
2,M3ABL_R02,0.9833333333333332,G0,75.0,0.99,0.3105048941382184,100
2,M3ABL_R02,0.9833333333333332,G0,80.0,0.99,0.3105048941382184,100
2,M3ABL_R02,0.9833333333333332,G0,85.0,0.99,0.3105048941382184,100
2,M3ABL_R02,0.9833333333333332,G0,90.0,0.98,0.3105048941382184,100
2,M3ABL_R02,0.9833333333333332,G0,95.0,0.98,0.3105048941382184,100
2,M3ABL_R02,0.9833333333333332,G0,100.0,0.99,0.3105048941382184,100
2,M3ABL_R02,0.9833333333333332,G0,105.0,0.98,0.3105048941382184,100
2,M3ABL_R02,0.9833333333333332,G0,110.0,0.98,0.3105048941382184,100
2,M3ABL_R02,0.9833333333333332,G0,115.0,0.98,0.3105048941382184,100
2,M3ABL_R02,0.9833333333333332,G0,120.0,0.98,0.3105048941382184,100
2,M3ABL_R02,0.9833333333333332,G0,125.0,0.98,0.3105048941382184,100
2,M3ABL_R02,0.9833333333333332,G0,130.0,0.98,0.3105048941382184,100
2,M3ABL_R02,0.9833333333333332,G0,135.0,0.98,0.3105048941382184,100
2,M3ABL_R02,0.9833333333333332,G0,140.0,0.98,0.3105048941382184,100
2,M3ABL_R02,0.9833333333333332,G0,145.0,0.98,0.3105048941382184,100
2,M3ABL_R02,0.9833333333333332,G0,150.0,0.98,0.3105048941382184,100
2,M3ABL_R02,0.9833333333333332,G0,155.0,0.98,0.3105048941382184,100
2,M3ABL_R02,0.9833333333333332,G0,160.0,0.98,0.3105048941382184,100
2,M3ABL_R02,0.9833333333333332,G0,165.0,0.98,0.3105048941382184,100
2,M3ABL_R02,0.9833333333333332,G0,170.0,0.98,0.3105048941382184,100
2,M3ABL_R02,0.9833333333333332,G0,175.0,0.98,0.3105048941382184,100
2,M3ABL_R02,0.9833333333333332,G0,180.0,0.98,0.3105048941382184,100
2,M3ABL_R02,0.9833333333333332,G0,185.0,1.0,0.3105048941382184,100
2,M3ABL_R02,0.9833333333333332,G0,190.0,0.99,0.3105048941382184,100
2,M3ABL_R02,0.9833333333333332,G0,195.0,0.99,0.3105048941382184,100
2,M3ABL_R02,0.9833333333333332,G0,200.0,0.99,0.3105048941382184,100
2,M3ABL_R02,0.9833333333333332,G0,205.0,0.99,0.3105048941382184,100
2,M3ABL_R02,0.9833333333333332,G0,210.0,0.99,0.3105048941382184,100
2,M3ABL_R02,0.9833333333333332,G0,215.0,0.99,0.3105048941382184,100
2,M3ABL_R02,0.9833333333333332,G0,220.0,0.99,0.3105048941382184,100
2,M3ABL_R02,0.9833333333333332,G0,225.0,0.99,0.3105048941382184,100
2,M3ABL_R02,0.9833333333333332,G0,230.0,1.0,0.3105048941382184,100
2,M3ABL_R02,0.9833333333333332,G0,235.0,1.0,0.3105048941382184,100
2,M3ABL_R02,0.9833333333333332,G0,240.0,1.0,0.3105048941382184,100
2,M3ABL_R02,0.9833333333333332,G1,60.0,0.9,0.3105048941382184,100
2,M3ABL_R02,0.9833333333333332,G1,65.0,0.91,0.3105048941382184,100
2,M3ABL_R02,0.9833333333333332,G1,70.0,0.87,0.3105048941382184,100
2,M3ABL_R02,0.9833333333333332,G1,75.0,0.89,0.3105048941382184,100
2,M3ABL_R02,0.9833333333333332,G1,80.0,0.88,0.3105048941382184,100
2,M3ABL_R02,0.9833333333333332,G1,85.0,0.89,0.3105048941382184,100
2,M3ABL_R02,0.9833333333333332,G1,90.0,0.88,0.3105048941382184,100
2,M3ABL_R02,0.9833333333333332,G1,95.0,0.88,0.3105048941382184,100
2,M3ABL_R02,0.9833333333333332,G1,100.0,0.9,0.3105048941382184,100
2,M3ABL_R02,0.9833333333333332,G1,105.0,0.89,0.3105048941382184,100
2,M3ABL_R02,0.9833333333333332,G1,110.0,0.9,0.3105048941382184,100
2,M3ABL_R02,0.9833333333333332,G1,115.0,0.89,0.3105048941382184,100
2,M3ABL_R02,0.9833333333333332,G1,120.0,0.89,0.3105048941382184,100
2,M3ABL_R02,0.9833333333333332,G1,125.0,0.88,0.3105048941382184,100
2,M3ABL_R02,0.9833333333333332,G1,130.0,0.88,0.3105048941382184,100
2,M3ABL_R02,0.9833333333333332,G1,135.0,0.89,0.3105048941382184,100
2,M3ABL_R02,0.9833333333333332,G1,140.0,0.89,0.3105048941382184,100
2,M3ABL_R02,0.9833333333333332,G1,145.0,0.89,0.3105048941382184,100
2,M3ABL_R02,0.9833333333333332,G1,150.0,0.89,0.3105048941382184,100
2,M3ABL_R02,0.9833333333333332,G1,155.0,0.89,0.3105048941382184,100
2,M3ABL_R02,0.9833333333333332,G1,160.0,0.91,0.3105048941382184,100
2,M3ABL_R02,0.9833333333333332,G1,165.0,0.91,0.3105048941382184,100
2,M3ABL_R02,0.9833333333333332,G1,170.0,0.94,0.3105048941382184,100
2,M3ABL_R02,0.9833333333333332,G1,175.0,0.92,0.3105048941382184,100
2,M3ABL_R02,0.9833333333333332,G1,180.0,0.91,0.3105048941382184,100
2,M3ABL_R02,0.9833333333333332,G1,185.0,0.91,0.3105048941382184,100
2,M3ABL_R02,0.9833333333333332,G1,190.0,0.9,0.3105048941382184,100
2,M3ABL_R02,0.9833333333333332,G1,195.0,0.91,0.3105048941382184,100
2,M3ABL_R02,0.9833333333333332,G1,200.0,0.91,0.3105048941382184,100
2,M3ABL_R02,0.9833333333333332,G1,205.0,0.9,0.3105048941382184,100
2,M3ABL_R02,0.9833333333333332,G1,210.0,0.9,0.3105048941382184,100
2,M3ABL_R02,0.9833333333333332,G1,215.0,0.9,0.3105048941382184,100
2,M3ABL_R02,0.9833333333333332,G1,220.0,0.9,0.3105048941382184,100
2,M3ABL_R02,0.9833333333333332,G1,225.0,0.9,0.3105048941382184,100
2,M3ABL_R02,0.9833333333333332,G1,230.0,0.94,0.3105048941382184,100
2,M3ABL_R02,0.9833333333333332,G1,235.0,0.93,0.3105048941382184,100
2,M3ABL_R02,0.9833333333333332,G1,240.0,0.92,0.3105048941382184,100
2,M3ABL_R02,0.9833333333333332,G2,60.0,0.67,0.3105048941382184,100
2,M3ABL_R02,0.9833333333333332,G2,65.0,0.72,0.3105048941382184,100
2,M3ABL_R02,0.9833333333333332,G2,70.0,0.69,0.3105048941382184,100
2,M3ABL_R02,0.9833333333333332,G2,75.0,0.75,0.3105048941382184,100
2,M3ABL_R02,0.9833333333333332,G2,80.0,0.74,0.3105048941382184,100
2,M3ABL_R02,0.9833333333333332,G2,85.0,0.75,0.3105048941382184,100
2,M3ABL_R02,0.9833333333333332,G2,90.0,0.72,0.3105048941382184,100
2,M3ABL_R02,0.9833333333333332,G2,95.0,0.7,0.3105048941382184,100
2,M3ABL_R02,0.9833333333333332,G2,100.0,0.7,0.3105048941382184,100
2,M3ABL_R02,0.9833333333333332,G2,105.0,0.66,0.3105048941382184,100
2,M3ABL_R02,0.9833333333333332,G2,110.0,0.69,0.3105048941382184,100
2,M3ABL_R02,0.9833333333333332,G2,115.0,0.69,0.3105048941382184,100
2,M3ABL_R02,0.9833333333333332,G2,120.0,0.68,0.3105048941382184,100
2,M3ABL_R02,0.9833333333333332,G2,125.0,0.7,0.3105048941382184,100
2,M3ABL_R02,0.9833333333333332,G2,130.0,0.66,0.3105048941382184,100
2,M3ABL_R02,0.9833333333333332,G2,135.0,0.69,0.3105048941382184,100
2,M3ABL_R02,0.9833333333333332,G2,140.0,0.67,0.3105048941382184,100
2,M3ABL_R02,0.9833333333333332,G2,145.0,0.69,0.3105048941382184,100
2,M3ABL_R02,0.9833333333333332,G2,150.0,0.69,0.3105048941382184,100
2,M3ABL_R02,0.9833333333333332,G2,155.0,0.68,0.3105048941382184,100
2,M3ABL_R02,0.9833333333333332,G2,160.0,0.74,0.3105048941382184,100
2,M3ABL_R02,0.9833333333333332,G2,165.0,0.73,0.3105048941382184,100
2,M3ABL_R02,0.9833333333333332,G2,170.0,0.73,0.3105048941382184,100
2,M3ABL_R02,0.9833333333333332,G2,175.0,0.7,0.3105048941382184,100
2,M3ABL_R02,0.9833333333333332,G2,180.0,0.68,0.3105048941382184,100
2,M3ABL_R02,0.9833333333333332,G2,185.0,0.71,0.3105048941382184,100
2,M3ABL_R02,0.9833333333333332,G2,190.0,0.69,0.3105048941382184,100
2,M3ABL_R02,0.9833333333333332,G2,195.0,0.68,0.3105048941382184,100
2,M3ABL_R02,0.9833333333333332,G2,200.0,0.64,0.3105048941382184,100
2,M3ABL_R02,0.9833333333333332,G2,205.0,0.67,0.3105048941382184,100
2,M3ABL_R02,0.9833333333333332,G2,210.0,0.65,0.3105048941382184,100
2,M3ABL_R02,0.9833333333333332,G2,215.0,0.64,0.3105048941382184,100
2,M3ABL_R02,0.9833333333333332,G2,220.0,0.68,0.3105048941382184,100
2,M3ABL_R02,0.9833333333333332,G2,225.0,0.66,0.3105048941382184,100
2,M3ABL_R02,0.9833333333333332,G2,230.0,0.64,0.3105048941382184,100
2,M3ABL_R02,0.9833333333333332,G2,235.0,0.64,0.3105048941382184,100
2,M3ABL_R02,0.9833333333333332,G2,240.0,0.62,0.3105048941382184,100
2,M3ABL_R02,0.99,G0,60.0,0.99,0.3105048941382184,100
2,M3ABL_R02,0.99,G0,65.0,1.0,0.3105048941382184,100
2,M3ABL_R02,0.99,G0,70.0,0.98,0.3105048941382184,100
2,M3ABL_R02,0.99,G0,75.0,0.98,0.3105048941382184,100
2,M3ABL_R02,0.99,G0,80.0,0.98,0.3105048941382184,100
2,M3ABL_R02,0.99,G0,85.0,0.99,0.3105048941382184,100
2,M3ABL_R02,0.99,G0,90.0,0.99,0.3105048941382184,100
2,M3ABL_R02,0.99,G0,95.0,0.99,0.3105048941382184,100
2,M3ABL_R02,0.99,G0,100.0,0.99,0.3105048941382184,100
2,M3ABL_R02,0.99,G0,105.0,0.98,0.3105048941382184,100
2,M3ABL_R02,0.99,G0,110.0,0.98,0.3105048941382184,100
2,M3ABL_R02,0.99,G0,115.0,0.98,0.3105048941382184,100
2,M3ABL_R02,0.99,G0,120.0,0.98,0.3105048941382184,100
2,M3ABL_R02,0.99,G0,125.0,0.98,0.3105048941382184,100
2,M3ABL_R02,0.99,G0,130.0,0.98,0.3105048941382184,100
2,M3ABL_R02,0.99,G0,135.0,0.98,0.3105048941382184,100
2,M3ABL_R02,0.99,G0,140.0,0.98,0.3105048941382184,100
2,M3ABL_R02,0.99,G0,145.0,0.98,0.3105048941382184,100
2,M3ABL_R02,0.99,G0,150.0,0.98,0.3105048941382184,100
2,M3ABL_R02,0.99,G0,155.0,0.98,0.3105048941382184,100
2,M3ABL_R02,0.99,G0,160.0,0.98,0.3105048941382184,100
2,M3ABL_R02,0.99,G0,165.0,0.98,0.3105048941382184,100
2,M3ABL_R02,0.99,G0,170.0,0.98,0.3105048941382184,100
2,M3ABL_R02,0.99,G0,175.0,0.98,0.3105048941382184,100
2,M3ABL_R02,0.99,G0,180.0,0.98,0.3105048941382184,100
2,M3ABL_R02,0.99,G0,185.0,0.98,0.3105048941382184,100
2,M3ABL_R02,0.99,G0,190.0,0.97,0.3105048941382184,100
2,M3ABL_R02,0.99,G0,195.0,0.97,0.3105048941382184,100
2,M3ABL_R02,0.99,G0,200.0,0.97,0.3105048941382184,100
2,M3ABL_R02,0.99,G0,205.0,0.98,0.3105048941382184,100
2,M3ABL_R02,0.99,G0,210.0,0.98,0.3105048941382184,100
2,M3ABL_R02,0.99,G0,215.0,0.98,0.3105048941382184,100
2,M3ABL_R02,0.99,G0,220.0,0.98,0.3105048941382184,100
2,M3ABL_R02,0.99,G0,225.0,0.98,0.3105048941382184,100
2,M3ABL_R02,0.99,G0,230.0,0.98,0.3105048941382184,100
2,M3ABL_R02,0.99,G0,235.0,0.98,0.3105048941382184,100
2,M3ABL_R02,0.99,G0,240.0,0.98,0.3105048941382184,100
2,M3ABL_R02,0.99,G1,60.0,0.92,0.3105048941382184,100
2,M3ABL_R02,0.99,G1,65.0,0.93,0.3105048941382184,100
2,M3ABL_R02,0.99,G1,70.0,0.9,0.3105048941382184,100
2,M3ABL_R02,0.99,G1,75.0,0.9,0.3105048941382184,100
2,M3ABL_R02,0.99,G1,80.0,0.89,0.3105048941382184,100
2,M3ABL_R02,0.99,G1,85.0,0.91,0.3105048941382184,100
2,M3ABL_R02,0.99,G1,90.0,0.9,0.3105048941382184,100
2,M3ABL_R02,0.99,G1,95.0,0.9,0.3105048941382184,100
2,M3ABL_R02,0.99,G1,100.0,0.89,0.3105048941382184,100
2,M3ABL_R02,0.99,G1,105.0,0.9,0.3105048941382184,100
2,M3ABL_R02,0.99,G1,110.0,0.89,0.3105048941382184,100
2,M3ABL_R02,0.99,G1,115.0,0.88,0.3105048941382184,100
2,M3ABL_R02,0.99,G1,120.0,0.88,0.3105048941382184,100
2,M3ABL_R02,0.99,G1,125.0,0.89,0.3105048941382184,100
2,M3ABL_R02,0.99,G1,130.0,0.89,0.3105048941382184,100
2,M3ABL_R02,0.99,G1,135.0,0.89,0.3105048941382184,100
2,M3ABL_R02,0.99,G1,140.0,0.89,0.3105048941382184,100
2,M3ABL_R02,0.99,G1,145.0,0.91,0.3105048941382184,100
2,M3ABL_R02,0.99,G1,150.0,0.91,0.3105048941382184,100
2,M3ABL_R02,0.99,G1,155.0,0.91,0.3105048941382184,100
2,M3ABL_R02,0.99,G1,160.0,0.91,0.3105048941382184,100
2,M3ABL_R02,0.99,G1,165.0,0.92,0.3105048941382184,100
2,M3ABL_R02,0.99,G1,170.0,0.92,0.3105048941382184,100
2,M3ABL_R02,0.99,G1,175.0,0.91,0.3105048941382184,100
2,M3ABL_R02,0.99,G1,180.0,0.91,0.3105048941382184,100
2,M3ABL_R02,0.99,G1,185.0,0.91,0.3105048941382184,100
2,M3ABL_R02,0.99,G1,190.0,0.89,0.3105048941382184,100
2,M3ABL_R02,0.99,G1,195.0,0.89,0.3105048941382184,100
2,M3ABL_R02,0.99,G1,200.0,0.89,0.3105048941382184,100
2,M3ABL_R02,0.99,G1,205.0,0.92,0.3105048941382184,100
2,M3ABL_R02,0.99,G1,210.0,0.92,0.3105048941382184,100
2,M3ABL_R02,0.99,G1,215.0,0.92,0.3105048941382184,100
2,M3ABL_R02,0.99,G1,220.0,0.91,0.3105048941382184,100
2,M3ABL_R02,0.99,G1,225.0,0.94,0.3105048941382184,100
2,M3ABL_R02,0.99,G1,230.0,0.94,0.3105048941382184,100
2,M3ABL_R02,0.99,G1,235.0,0.92,0.3105048941382184,100
2,M3ABL_R02,0.99,G1,240.0,0.91,0.3105048941382184,100
2,M3ABL_R02,0.99,G2,60.0,0.66,0.3105048941382184,100
2,M3ABL_R02,0.99,G2,65.0,0.76,0.3105048941382184,100
2,M3ABL_R02,0.99,G2,70.0,0.74,0.3105048941382184,100
2,M3ABL_R02,0.99,G2,75.0,0.73,0.3105048941382184,100
2,M3ABL_R02,0.99,G2,80.0,0.71,0.3105048941382184,100
2,M3ABL_R02,0.99,G2,85.0,0.76,0.3105048941382184,100
2,M3ABL_R02,0.99,G2,90.0,0.75,0.3105048941382184,100
2,M3ABL_R02,0.99,G2,95.0,0.73,0.3105048941382184,100
2,M3ABL_R02,0.99,G2,100.0,0.69,0.3105048941382184,100
2,M3ABL_R02,0.99,G2,105.0,0.73,0.3105048941382184,100
2,M3ABL_R02,0.99,G2,110.0,0.7,0.3105048941382184,100
2,M3ABL_R02,0.99,G2,115.0,0.69,0.3105048941382184,100
2,M3ABL_R02,0.99,G2,120.0,0.67,0.3105048941382184,100
2,M3ABL_R02,0.99,G2,125.0,0.69,0.3105048941382184,100
2,M3ABL_R02,0.99,G2,130.0,0.66,0.3105048941382184,100
2,M3ABL_R02,0.99,G2,135.0,0.66,0.3105048941382184,100
2,M3ABL_R02,0.99,G2,140.0,0.64,0.3105048941382184,100
2,M3ABL_R02,0.99,G2,145.0,0.67,0.3105048941382184,100
2,M3ABL_R02,0.99,G2,150.0,0.67,0.3105048941382184,100
2,M3ABL_R02,0.99,G2,155.0,0.67,0.3105048941382184,100
2,M3ABL_R02,0.99,G2,160.0,0.66,0.3105048941382184,100
2,M3ABL_R02,0.99,G2,165.0,0.69,0.3105048941382184,100
2,M3ABL_R02,0.99,G2,170.0,0.68,0.3105048941382184,100
2,M3ABL_R02,0.99,G2,175.0,0.65,0.3105048941382184,100
2,M3ABL_R02,0.99,G2,180.0,0.64,0.3105048941382184,100
2,M3ABL_R02,0.99,G2,185.0,0.66,0.3105048941382184,100
2,M3ABL_R02,0.99,G2,190.0,0.64,0.3105048941382184,100
2,M3ABL_R02,0.99,G2,195.0,0.61,0.3105048941382184,100
2,M3ABL_R02,0.99,G2,200.0,0.6,0.3105048941382184,100
2,M3ABL_R02,0.99,G2,205.0,0.66,0.3105048941382184,100
2,M3ABL_R02,0.99,G2,210.0,0.65,0.3105048941382184,100
2,M3ABL_R02,0.99,G2,215.0,0.63,0.3105048941382184,100
2,M3ABL_R02,0.99,G2,220.0,0.62,0.3105048941382184,100
2,M3ABL_R02,0.99,G2,225.0,0.64,0.3105048941382184,100
2,M3ABL_R02,0.99,G2,230.0,0.61,0.3105048941382184,100
2,M3ABL_R02,0.99,G2,235.0,0.61,0.3105048941382184,100
2,M3ABL_R02,0.99,G2,240.0,0.6,0.3105048941382184,100
2,M3ABL_R02,0.995,G0,60.0,1.0,0.3105048941382184,100
2,M3ABL_R02,0.995,G0,65.0,1.0,0.3105048941382184,100
2,M3ABL_R02,0.995,G0,70.0,0.98,0.3105048941382184,100
2,M3ABL_R02,0.995,G0,75.0,0.98,0.3105048941382184,100
2,M3ABL_R02,0.995,G0,80.0,0.98,0.3105048941382184,100
2,M3ABL_R02,0.995,G0,85.0,0.99,0.3105048941382184,100
2,M3ABL_R02,0.995,G0,90.0,0.99,0.3105048941382184,100
2,M3ABL_R02,0.995,G0,95.0,0.99,0.3105048941382184,100
2,M3ABL_R02,0.995,G0,100.0,0.99,0.3105048941382184,100
2,M3ABL_R02,0.995,G0,105.0,0.98,0.3105048941382184,100
2,M3ABL_R02,0.995,G0,110.0,0.98,0.3105048941382184,100
2,M3ABL_R02,0.995,G0,115.0,0.98,0.3105048941382184,100
2,M3ABL_R02,0.995,G0,120.0,0.98,0.3105048941382184,100
2,M3ABL_R02,0.995,G0,125.0,0.98,0.3105048941382184,100
2,M3ABL_R02,0.995,G0,130.0,0.98,0.3105048941382184,100
2,M3ABL_R02,0.995,G0,135.0,0.98,0.3105048941382184,100
2,M3ABL_R02,0.995,G0,140.0,0.98,0.3105048941382184,100
2,M3ABL_R02,0.995,G0,145.0,0.98,0.3105048941382184,100
2,M3ABL_R02,0.995,G0,150.0,0.98,0.3105048941382184,100
2,M3ABL_R02,0.995,G0,155.0,0.98,0.3105048941382184,100
2,M3ABL_R02,0.995,G0,160.0,0.98,0.3105048941382184,100
2,M3ABL_R02,0.995,G0,165.0,0.99,0.3105048941382184,100
2,M3ABL_R02,0.995,G0,170.0,0.99,0.3105048941382184,100
2,M3ABL_R02,0.995,G0,175.0,0.99,0.3105048941382184,100
2,M3ABL_R02,0.995,G0,180.0,0.99,0.3105048941382184,100
2,M3ABL_R02,0.995,G0,185.0,0.99,0.3105048941382184,100
2,M3ABL_R02,0.995,G0,190.0,0.98,0.3105048941382184,100
2,M3ABL_R02,0.995,G0,195.0,0.98,0.3105048941382184,100
2,M3ABL_R02,0.995,G0,200.0,0.98,0.3105048941382184,100
2,M3ABL_R02,0.995,G0,205.0,0.98,0.3105048941382184,100
2,M3ABL_R02,0.995,G0,210.0,0.98,0.3105048941382184,100
2,M3ABL_R02,0.995,G0,215.0,0.98,0.3105048941382184,100
2,M3ABL_R02,0.995,G0,220.0,0.98,0.3105048941382184,100
2,M3ABL_R02,0.995,G0,225.0,0.98,0.3105048941382184,100
2,M3ABL_R02,0.995,G0,230.0,0.98,0.3105048941382184,100
2,M3ABL_R02,0.995,G0,235.0,0.98,0.3105048941382184,100
2,M3ABL_R02,0.995,G0,240.0,0.98,0.3105048941382184,100
2,M3ABL_R02,0.995,G1,60.0,0.93,0.3105048941382184,100
2,M3ABL_R02,0.995,G1,65.0,0.93,0.3105048941382184,100
2,M3ABL_R02,0.995,G1,70.0,0.9,0.3105048941382184,100
2,M3ABL_R02,0.995,G1,75.0,0.9,0.3105048941382184,100
2,M3ABL_R02,0.995,G1,80.0,0.9,0.3105048941382184,100
2,M3ABL_R02,0.995,G1,85.0,0.9,0.3105048941382184,100
2,M3ABL_R02,0.995,G1,90.0,0.89,0.3105048941382184,100
2,M3ABL_R02,0.995,G1,95.0,0.89,0.3105048941382184,100
2,M3ABL_R02,0.995,G1,100.0,0.88,0.3105048941382184,100
2,M3ABL_R02,0.995,G1,105.0,0.87,0.3105048941382184,100
2,M3ABL_R02,0.995,G1,110.0,0.85,0.3105048941382184,100
2,M3ABL_R02,0.995,G1,115.0,0.84,0.3105048941382184,100
2,M3ABL_R02,0.995,G1,120.0,0.84,0.3105048941382184,100
2,M3ABL_R02,0.995,G1,125.0,0.87,0.3105048941382184,100
2,M3ABL_R02,0.995,G1,130.0,0.87,0.3105048941382184,100
2,M3ABL_R02,0.995,G1,135.0,0.87,0.3105048941382184,100
2,M3ABL_R02,0.995,G1,140.0,0.87,0.3105048941382184,100
2,M3ABL_R02,0.995,G1,145.0,0.87,0.3105048941382184,100
2,M3ABL_R02,0.995,G1,150.0,0.87,0.3105048941382184,100
2,M3ABL_R02,0.995,G1,155.0,0.87,0.3105048941382184,100
2,M3ABL_R02,0.995,G1,160.0,0.86,0.3105048941382184,100
2,M3ABL_R02,0.995,G1,165.0,0.87,0.3105048941382184,100
2,M3ABL_R02,0.995,G1,170.0,0.87,0.3105048941382184,100
2,M3ABL_R02,0.995,G1,175.0,0.86,0.3105048941382184,100
2,M3ABL_R02,0.995,G1,180.0,0.85,0.3105048941382184,100
2,M3ABL_R02,0.995,G1,185.0,0.85,0.3105048941382184,100
2,M3ABL_R02,0.995,G1,190.0,0.84,0.3105048941382184,100
2,M3ABL_R02,0.995,G1,195.0,0.84,0.3105048941382184,100
2,M3ABL_R02,0.995,G1,200.0,0.83,0.3105048941382184,100
2,M3ABL_R02,0.995,G1,205.0,0.87,0.3105048941382184,100
2,M3ABL_R02,0.995,G1,210.0,0.87,0.3105048941382184,100
2,M3ABL_R02,0.995,G1,215.0,0.87,0.3105048941382184,100
2,M3ABL_R02,0.995,G1,220.0,0.87,0.3105048941382184,100
2,M3ABL_R02,0.995,G1,225.0,0.87,0.3105048941382184,100
2,M3ABL_R02,0.995,G1,230.0,0.86,0.3105048941382184,100
2,M3ABL_R02,0.995,G1,235.0,0.86,0.3105048941382184,100
2,M3ABL_R02,0.995,G1,240.0,0.85,0.3105048941382184,100
2,M3ABL_R02,0.995,G2,60.0,0.71,0.3105048941382184,100
2,M3ABL_R02,0.995,G2,65.0,0.7,0.3105048941382184,100
2,M3ABL_R02,0.995,G2,70.0,0.65,0.3105048941382184,100
2,M3ABL_R02,0.995,G2,75.0,0.63,0.3105048941382184,100
2,M3ABL_R02,0.995,G2,80.0,0.63,0.3105048941382184,100
2,M3ABL_R02,0.995,G2,85.0,0.7,0.3105048941382184,100
2,M3ABL_R02,0.995,G2,90.0,0.69,0.3105048941382184,100
2,M3ABL_R02,0.995,G2,95.0,0.68,0.3105048941382184,100
2,M3ABL_R02,0.995,G2,100.0,0.64,0.3105048941382184,100
2,M3ABL_R02,0.995,G2,105.0,0.62,0.3105048941382184,100
2,M3ABL_R02,0.995,G2,110.0,0.59,0.3105048941382184,100
2,M3ABL_R02,0.995,G2,115.0,0.58,0.3105048941382184,100
2,M3ABL_R02,0.995,G2,120.0,0.56,0.3105048941382184,100
2,M3ABL_R02,0.995,G2,125.0,0.65,0.3105048941382184,100
2,M3ABL_R02,0.995,G2,130.0,0.63,0.3105048941382184,100
2,M3ABL_R02,0.995,G2,135.0,0.63,0.3105048941382184,100
2,M3ABL_R02,0.995,G2,140.0,0.61,0.3105048941382184,100
2,M3ABL_R02,0.995,G2,145.0,0.6,0.3105048941382184,100
2,M3ABL_R02,0.995,G2,150.0,0.59,0.3105048941382184,100
2,M3ABL_R02,0.995,G2,155.0,0.56,0.3105048941382184,100
2,M3ABL_R02,0.995,G2,160.0,0.55,0.3105048941382184,100
2,M3ABL_R02,0.995,G2,165.0,0.64,0.3105048941382184,100
2,M3ABL_R02,0.995,G2,170.0,0.61,0.3105048941382184,100
2,M3ABL_R02,0.995,G2,175.0,0.59,0.3105048941382184,100
2,M3ABL_R02,0.995,G2,180.0,0.57,0.3105048941382184,100
2,M3ABL_R02,0.995,G2,185.0,0.56,0.3105048941382184,100
2,M3ABL_R02,0.995,G2,190.0,0.55,0.3105048941382184,100
2,M3ABL_R02,0.995,G2,195.0,0.54,0.3105048941382184,100
2,M3ABL_R02,0.995,G2,200.0,0.54,0.3105048941382184,100
2,M3ABL_R02,0.995,G2,205.0,0.56,0.3105048941382184,100
2,M3ABL_R02,0.995,G2,210.0,0.54,0.3105048941382184,100
2,M3ABL_R02,0.995,G2,215.0,0.54,0.3105048941382184,100
2,M3ABL_R02,0.995,G2,220.0,0.54,0.3105048941382184,100
2,M3ABL_R02,0.995,G2,225.0,0.54,0.3105048941382184,100
2,M3ABL_R02,0.995,G2,230.0,0.52,0.3105048941382184,100
2,M3ABL_R02,0.995,G2,235.0,0.52,0.3105048941382184,100
2,M3ABL_R02,0.995,G2,240.0,0.51,0.3105048941382184,100
3,M3ABL_R03,0.95,G0,60.0,0.96,0.1963848301321259,100
3,M3ABL_R03,0.95,G0,65.0,0.99,0.1963848301321259,100
3,M3ABL_R03,0.95,G0,70.0,0.99,0.1963848301321259,100
3,M3ABL_R03,0.95,G0,75.0,0.97,0.1963848301321259,100
3,M3ABL_R03,0.95,G0,80.0,0.98,0.1963848301321259,100
3,M3ABL_R03,0.95,G0,85.0,0.99,0.1963848301321259,100
3,M3ABL_R03,0.95,G0,90.0,0.99,0.1963848301321259,100
3,M3ABL_R03,0.95,G0,95.0,0.99,0.1963848301321259,100
3,M3ABL_R03,0.95,G0,100.0,0.99,0.1963848301321259,100
3,M3ABL_R03,0.95,G0,105.0,0.98,0.1963848301321259,100
3,M3ABL_R03,0.95,G0,110.0,0.99,0.1963848301321259,100
3,M3ABL_R03,0.95,G0,115.0,0.99,0.1963848301321259,100
3,M3ABL_R03,0.95,G0,120.0,0.99,0.1963848301321259,100
3,M3ABL_R03,0.95,G0,125.0,0.99,0.1963848301321259,100
3,M3ABL_R03,0.95,G0,130.0,0.99,0.1963848301321259,100
3,M3ABL_R03,0.95,G0,135.0,0.99,0.1963848301321259,100
3,M3ABL_R03,0.95,G0,140.0,0.99,0.1963848301321259,100
3,M3ABL_R03,0.95,G0,145.0,1.0,0.1963848301321259,100
3,M3ABL_R03,0.95,G0,150.0,1.0,0.1963848301321259,100
3,M3ABL_R03,0.95,G0,155.0,1.0,0.1963848301321259,100
3,M3ABL_R03,0.95,G0,160.0,1.0,0.1963848301321259,100
3,M3ABL_R03,0.95,G0,165.0,1.0,0.1963848301321259,100
3,M3ABL_R03,0.95,G0,170.0,1.0,0.1963848301321259,100
3,M3ABL_R03,0.95,G0,175.0,1.0,0.1963848301321259,100
3,M3ABL_R03,0.95,G0,180.0,1.0,0.1963848301321259,100
3,M3ABL_R03,0.95,G0,185.0,1.0,0.1963848301321259,100
3,M3ABL_R03,0.95,G0,190.0,1.0,0.1963848301321259,100
3,M3ABL_R03,0.95,G0,195.0,1.0,0.1963848301321259,100
3,M3ABL_R03,0.95,G0,200.0,1.0,0.1963848301321259,100
3,M3ABL_R03,0.95,G0,205.0,1.0,0.1963848301321259,100
3,M3ABL_R03,0.95,G0,210.0,1.0,0.1963848301321259,100
3,M3ABL_R03,0.95,G0,215.0,1.0,0.1963848301321259,100
3,M3ABL_R03,0.95,G0,220.0,1.0,0.1963848301321259,100
3,M3ABL_R03,0.95,G0,225.0,1.0,0.1963848301321259,100
3,M3ABL_R03,0.95,G0,230.0,1.0,0.1963848301321259,100
3,M3ABL_R03,0.95,G0,235.0,1.0,0.1963848301321259,100
3,M3ABL_R03,0.95,G0,240.0,1.0,0.1963848301321259,100
3,M3ABL_R03,0.95,G1,60.0,0.88,0.1963848301321259,100
3,M3ABL_R03,0.95,G1,65.0,0.88,0.1963848301321259,100
3,M3ABL_R03,0.95,G1,70.0,0.88,0.1963848301321259,100
3,M3ABL_R03,0.95,G1,75.0,0.87,0.1963848301321259,100
3,M3ABL_R03,0.95,G1,80.0,0.88,0.1963848301321259,100
3,M3ABL_R03,0.95,G1,85.0,0.89,0.1963848301321259,100
3,M3ABL_R03,0.95,G1,90.0,0.88,0.1963848301321259,100
3,M3ABL_R03,0.95,G1,95.0,0.88,0.1963848301321259,100
3,M3ABL_R03,0.95,G1,100.0,0.88,0.1963848301321259,100
3,M3ABL_R03,0.95,G1,105.0,0.91,0.1963848301321259,100
3,M3ABL_R03,0.95,G1,110.0,0.9,0.1963848301321259,100
3,M3ABL_R03,0.95,G1,115.0,0.89,0.1963848301321259,100
3,M3ABL_R03,0.95,G1,120.0,0.89,0.1963848301321259,100
3,M3ABL_R03,0.95,G1,125.0,0.89,0.1963848301321259,100
3,M3ABL_R03,0.95,G1,130.0,0.89,0.1963848301321259,100
3,M3ABL_R03,0.95,G1,135.0,0.89,0.1963848301321259,100
3,M3ABL_R03,0.95,G1,140.0,0.89,0.1963848301321259,100
3,M3ABL_R03,0.95,G1,145.0,0.9,0.1963848301321259,100
3,M3ABL_R03,0.95,G1,150.0,0.9,0.1963848301321259,100
3,M3ABL_R03,0.95,G1,155.0,0.9,0.1963848301321259,100
3,M3ABL_R03,0.95,G1,160.0,0.92,0.1963848301321259,100
3,M3ABL_R03,0.95,G1,165.0,0.91,0.1963848301321259,100
3,M3ABL_R03,0.95,G1,170.0,0.92,0.1963848301321259,100
3,M3ABL_R03,0.95,G1,175.0,0.91,0.1963848301321259,100
3,M3ABL_R03,0.95,G1,180.0,0.91,0.1963848301321259,100
3,M3ABL_R03,0.95,G1,185.0,0.92,0.1963848301321259,100
3,M3ABL_R03,0.95,G1,190.0,0.94,0.1963848301321259,100
3,M3ABL_R03,0.95,G1,195.0,0.94,0.1963848301321259,100
3,M3ABL_R03,0.95,G1,200.0,0.95,0.1963848301321259,100
3,M3ABL_R03,0.95,G1,205.0,0.97,0.1963848301321259,100
3,M3ABL_R03,0.95,G1,210.0,0.95,0.1963848301321259,100
3,M3ABL_R03,0.95,G1,215.0,0.96,0.1963848301321259,100
3,M3ABL_R03,0.95,G1,220.0,0.96,0.1963848301321259,100
3,M3ABL_R03,0.95,G1,225.0,0.96,0.1963848301321259,100
3,M3ABL_R03,0.95,G1,230.0,0.96,0.1963848301321259,100
3,M3ABL_R03,0.95,G1,235.0,0.95,0.1963848301321259,100
3,M3ABL_R03,0.95,G1,240.0,0.95,0.1963848301321259,100
3,M3ABL_R03,0.95,G2,60.0,0.68,0.1963848301321259,100
3,M3ABL_R03,0.95,G2,65.0,0.68,0.1963848301321259,100
3,M3ABL_R03,0.95,G2,70.0,0.71,0.1963848301321259,100
3,M3ABL_R03,0.95,G2,75.0,0.69,0.1963848301321259,100
3,M3ABL_R03,0.95,G2,80.0,0.71,0.1963848301321259,100
3,M3ABL_R03,0.95,G2,85.0,0.73,0.1963848301321259,100
3,M3ABL_R03,0.95,G2,90.0,0.72,0.1963848301321259,100
3,M3ABL_R03,0.95,G2,95.0,0.73,0.1963848301321259,100
3,M3ABL_R03,0.95,G2,100.0,0.73,0.1963848301321259,100
3,M3ABL_R03,0.95,G2,105.0,0.73,0.1963848301321259,100
3,M3ABL_R03,0.95,G2,110.0,0.7,0.1963848301321259,100
3,M3ABL_R03,0.95,G2,115.0,0.72,0.1963848301321259,100
3,M3ABL_R03,0.95,G2,120.0,0.73,0.1963848301321259,100
3,M3ABL_R03,0.95,G2,125.0,0.73,0.1963848301321259,100
3,M3ABL_R03,0.95,G2,130.0,0.73,0.1963848301321259,100
3,M3ABL_R03,0.95,G2,135.0,0.74,0.1963848301321259,100
3,M3ABL_R03,0.95,G2,140.0,0.71,0.1963848301321259,100
3,M3ABL_R03,0.95,G2,145.0,0.71,0.1963848301321259,100
3,M3ABL_R03,0.95,G2,150.0,0.69,0.1963848301321259,100
3,M3ABL_R03,0.95,G2,155.0,0.69,0.1963848301321259,100
3,M3ABL_R03,0.95,G2,160.0,0.71,0.1963848301321259,100
3,M3ABL_R03,0.95,G2,165.0,0.76,0.1963848301321259,100
3,M3ABL_R03,0.95,G2,170.0,0.71,0.1963848301321259,100
3,M3ABL_R03,0.95,G2,175.0,0.7,0.1963848301321259,100
3,M3ABL_R03,0.95,G2,180.0,0.7,0.1963848301321259,100
3,M3ABL_R03,0.95,G2,185.0,0.71,0.1963848301321259,100
3,M3ABL_R03,0.95,G2,190.0,0.72,0.1963848301321259,100
3,M3ABL_R03,0.95,G2,195.0,0.71,0.1963848301321259,100
3,M3ABL_R03,0.95,G2,200.0,0.73,0.1963848301321259,100
3,M3ABL_R03,0.95,G2,205.0,0.72,0.1963848301321259,100
3,M3ABL_R03,0.95,G2,210.0,0.71,0.1963848301321259,100
3,M3ABL_R03,0.95,G2,215.0,0.7,0.1963848301321259,100
3,M3ABL_R03,0.95,G2,220.0,0.69,0.1963848301321259,100
3,M3ABL_R03,0.95,G2,225.0,0.68,0.1963848301321259,100
3,M3ABL_R03,0.95,G2,230.0,0.65,0.1963848301321259,100
3,M3ABL_R03,0.95,G2,235.0,0.66,0.1963848301321259,100
3,M3ABL_R03,0.95,G2,240.0,0.68,0.1963848301321259,100
3,M3ABL_R03,0.975,G0,60.0,0.99,0.1963848301321259,100
3,M3ABL_R03,0.975,G0,65.0,0.99,0.1963848301321259,100
3,M3ABL_R03,0.975,G0,70.0,0.98,0.1963848301321259,100
3,M3ABL_R03,0.975,G0,75.0,0.98,0.1963848301321259,100
3,M3ABL_R03,0.975,G0,80.0,0.98,0.1963848301321259,100
3,M3ABL_R03,0.975,G0,85.0,0.99,0.1963848301321259,100
3,M3ABL_R03,0.975,G0,90.0,0.99,0.1963848301321259,100
3,M3ABL_R03,0.975,G0,95.0,0.99,0.1963848301321259,100
3,M3ABL_R03,0.975,G0,100.0,0.99,0.1963848301321259,100
3,M3ABL_R03,0.975,G0,105.0,0.98,0.1963848301321259,100
3,M3ABL_R03,0.975,G0,110.0,0.98,0.1963848301321259,100
3,M3ABL_R03,0.975,G0,115.0,0.98,0.1963848301321259,100
3,M3ABL_R03,0.975,G0,120.0,0.98,0.1963848301321259,100
3,M3ABL_R03,0.975,G0,125.0,0.98,0.1963848301321259,100
3,M3ABL_R03,0.975,G0,130.0,0.98,0.1963848301321259,100
3,M3ABL_R03,0.975,G0,135.0,0.98,0.1963848301321259,100
3,M3ABL_R03,0.975,G0,140.0,0.98,0.1963848301321259,100
3,M3ABL_R03,0.975,G0,145.0,0.98,0.1963848301321259,100
3,M3ABL_R03,0.975,G0,150.0,0.98,0.1963848301321259,100
3,M3ABL_R03,0.975,G0,155.0,0.98,0.1963848301321259,100
3,M3ABL_R03,0.975,G0,160.0,0.98,0.1963848301321259,100
3,M3ABL_R03,0.975,G0,165.0,0.99,0.1963848301321259,100
3,M3ABL_R03,0.975,G0,170.0,1.0,0.1963848301321259,100
3,M3ABL_R03,0.975,G0,175.0,1.0,0.1963848301321259,100
3,M3ABL_R03,0.975,G0,180.0,1.0,0.1963848301321259,100
3,M3ABL_R03,0.975,G0,185.0,1.0,0.1963848301321259,100
3,M3ABL_R03,0.975,G0,190.0,1.0,0.1963848301321259,100
3,M3ABL_R03,0.975,G0,195.0,1.0,0.1963848301321259,100
3,M3ABL_R03,0.975,G0,200.0,1.0,0.1963848301321259,100
3,M3ABL_R03,0.975,G0,205.0,1.0,0.1963848301321259,100
3,M3ABL_R03,0.975,G0,210.0,1.0,0.1963848301321259,100
3,M3ABL_R03,0.975,G0,215.0,1.0,0.1963848301321259,100
3,M3ABL_R03,0.975,G0,220.0,1.0,0.1963848301321259,100
3,M3ABL_R03,0.975,G0,225.0,1.0,0.1963848301321259,100
3,M3ABL_R03,0.975,G0,230.0,1.0,0.1963848301321259,100
3,M3ABL_R03,0.975,G0,235.0,1.0,0.1963848301321259,100
3,M3ABL_R03,0.975,G0,240.0,1.0,0.1963848301321259,100
3,M3ABL_R03,0.975,G1,60.0,0.88,0.1963848301321259,100
3,M3ABL_R03,0.975,G1,65.0,0.9,0.1963848301321259,100
3,M3ABL_R03,0.975,G1,70.0,0.86,0.1963848301321259,100
3,M3ABL_R03,0.975,G1,75.0,0.88,0.1963848301321259,100
3,M3ABL_R03,0.975,G1,80.0,0.88,0.1963848301321259,100
3,M3ABL_R03,0.975,G1,85.0,0.88,0.1963848301321259,100
3,M3ABL_R03,0.975,G1,90.0,0.88,0.1963848301321259,100
3,M3ABL_R03,0.975,G1,95.0,0.88,0.1963848301321259,100
3,M3ABL_R03,0.975,G1,100.0,0.9,0.1963848301321259,100
3,M3ABL_R03,0.975,G1,105.0,0.89,0.1963848301321259,100
3,M3ABL_R03,0.975,G1,110.0,0.88,0.1963848301321259,100
3,M3ABL_R03,0.975,G1,115.0,0.87,0.1963848301321259,100
3,M3ABL_R03,0.975,G1,120.0,0.87,0.1963848301321259,100
3,M3ABL_R03,0.975,G1,125.0,0.88,0.1963848301321259,100
3,M3ABL_R03,0.975,G1,130.0,0.88,0.1963848301321259,100
3,M3ABL_R03,0.975,G1,135.0,0.88,0.1963848301321259,100
3,M3ABL_R03,0.975,G1,140.0,0.9,0.1963848301321259,100
3,M3ABL_R03,0.975,G1,145.0,0.92,0.1963848301321259,100
3,M3ABL_R03,0.975,G1,150.0,0.92,0.1963848301321259,100
3,M3ABL_R03,0.975,G1,155.0,0.92,0.1963848301321259,100
3,M3ABL_R03,0.975,G1,160.0,0.92,0.1963848301321259,100
3,M3ABL_R03,0.975,G1,165.0,0.91,0.1963848301321259,100
3,M3ABL_R03,0.975,G1,170.0,0.93,0.1963848301321259,100
3,M3ABL_R03,0.975,G1,175.0,0.93,0.1963848301321259,100
3,M3ABL_R03,0.975,G1,180.0,0.93,0.1963848301321259,100
3,M3ABL_R03,0.975,G1,185.0,0.93,0.1963848301321259,100
3,M3ABL_R03,0.975,G1,190.0,0.92,0.1963848301321259,100
3,M3ABL_R03,0.975,G1,195.0,0.92,0.1963848301321259,100
3,M3ABL_R03,0.975,G1,200.0,0.92,0.1963848301321259,100
3,M3ABL_R03,0.975,G1,205.0,0.93,0.1963848301321259,100
3,M3ABL_R03,0.975,G1,210.0,0.94,0.1963848301321259,100
3,M3ABL_R03,0.975,G1,215.0,0.94,0.1963848301321259,100
3,M3ABL_R03,0.975,G1,220.0,0.95,0.1963848301321259,100
3,M3ABL_R03,0.975,G1,225.0,0.95,0.1963848301321259,100
3,M3ABL_R03,0.975,G1,230.0,0.94,0.1963848301321259,100
3,M3ABL_R03,0.975,G1,235.0,0.94,0.1963848301321259,100
3,M3ABL_R03,0.975,G1,240.0,0.94,0.1963848301321259,100
3,M3ABL_R03,0.975,G2,60.0,0.7,0.1963848301321259,100
3,M3ABL_R03,0.975,G2,65.0,0.73,0.1963848301321259,100
3,M3ABL_R03,0.975,G2,70.0,0.7,0.1963848301321259,100
3,M3ABL_R03,0.975,G2,75.0,0.74,0.1963848301321259,100
3,M3ABL_R03,0.975,G2,80.0,0.73,0.1963848301321259,100
3,M3ABL_R03,0.975,G2,85.0,0.73,0.1963848301321259,100
3,M3ABL_R03,0.975,G2,90.0,0.73,0.1963848301321259,100
3,M3ABL_R03,0.975,G2,95.0,0.71,0.1963848301321259,100
3,M3ABL_R03,0.975,G2,100.0,0.71,0.1963848301321259,100
3,M3ABL_R03,0.975,G2,105.0,0.71,0.1963848301321259,100
3,M3ABL_R03,0.975,G2,110.0,0.65,0.1963848301321259,100
3,M3ABL_R03,0.975,G2,115.0,0.68,0.1963848301321259,100
3,M3ABL_R03,0.975,G2,120.0,0.68,0.1963848301321259,100
3,M3ABL_R03,0.975,G2,125.0,0.71,0.1963848301321259,100
3,M3ABL_R03,0.975,G2,130.0,0.71,0.1963848301321259,100
3,M3ABL_R03,0.975,G2,135.0,0.71,0.1963848301321259,100
3,M3ABL_R03,0.975,G2,140.0,0.71,0.1963848301321259,100
3,M3ABL_R03,0.975,G2,145.0,0.73,0.1963848301321259,100
3,M3ABL_R03,0.975,G2,150.0,0.72,0.1963848301321259,100
3,M3ABL_R03,0.975,G2,155.0,0.71,0.1963848301321259,100
3,M3ABL_R03,0.975,G2,160.0,0.71,0.1963848301321259,100
3,M3ABL_R03,0.975,G2,165.0,0.72,0.1963848301321259,100
3,M3ABL_R03,0.975,G2,170.0,0.73,0.1963848301321259,100
3,M3ABL_R03,0.975,G2,175.0,0.7,0.1963848301321259,100
3,M3ABL_R03,0.975,G2,180.0,0.7,0.1963848301321259,100
3,M3ABL_R03,0.975,G2,185.0,0.69,0.1963848301321259,100
3,M3ABL_R03,0.975,G2,190.0,0.67,0.1963848301321259,100
3,M3ABL_R03,0.975,G2,195.0,0.7,0.1963848301321259,100
3,M3ABL_R03,0.975,G2,200.0,0.67,0.1963848301321259,100
3,M3ABL_R03,0.975,G2,205.0,0.67,0.1963848301321259,100
3,M3ABL_R03,0.975,G2,210.0,0.68,0.1963848301321259,100
3,M3ABL_R03,0.975,G2,215.0,0.67,0.1963848301321259,100
3,M3ABL_R03,0.975,G2,220.0,0.66,0.1963848301321259,100
3,M3ABL_R03,0.975,G2,225.0,0.67,0.1963848301321259,100
3,M3ABL_R03,0.975,G2,230.0,0.63,0.1963848301321259,100
3,M3ABL_R03,0.975,G2,235.0,0.63,0.1963848301321259,100
3,M3ABL_R03,0.975,G2,240.0,0.63,0.1963848301321259,100
3,M3ABL_R03,0.9833333333333332,G0,60.0,0.99,0.1963848301321259,100
3,M3ABL_R03,0.9833333333333332,G0,65.0,1.0,0.1963848301321259,100
3,M3ABL_R03,0.9833333333333332,G0,70.0,0.98,0.1963848301321259,100
3,M3ABL_R03,0.9833333333333332,G0,75.0,0.99,0.1963848301321259,100
3,M3ABL_R03,0.9833333333333332,G0,80.0,0.99,0.1963848301321259,100
3,M3ABL_R03,0.9833333333333332,G0,85.0,0.99,0.1963848301321259,100
3,M3ABL_R03,0.9833333333333332,G0,90.0,0.98,0.1963848301321259,100
3,M3ABL_R03,0.9833333333333332,G0,95.0,0.98,0.1963848301321259,100
3,M3ABL_R03,0.9833333333333332,G0,100.0,0.99,0.1963848301321259,100
3,M3ABL_R03,0.9833333333333332,G0,105.0,0.98,0.1963848301321259,100
3,M3ABL_R03,0.9833333333333332,G0,110.0,0.98,0.1963848301321259,100
3,M3ABL_R03,0.9833333333333332,G0,115.0,0.98,0.1963848301321259,100
3,M3ABL_R03,0.9833333333333332,G0,120.0,0.98,0.1963848301321259,100
3,M3ABL_R03,0.9833333333333332,G0,125.0,0.98,0.1963848301321259,100
3,M3ABL_R03,0.9833333333333332,G0,130.0,0.98,0.1963848301321259,100
3,M3ABL_R03,0.9833333333333332,G0,135.0,0.98,0.1963848301321259,100
3,M3ABL_R03,0.9833333333333332,G0,140.0,0.98,0.1963848301321259,100
3,M3ABL_R03,0.9833333333333332,G0,145.0,0.98,0.1963848301321259,100
3,M3ABL_R03,0.9833333333333332,G0,150.0,0.98,0.1963848301321259,100
3,M3ABL_R03,0.9833333333333332,G0,155.0,0.98,0.1963848301321259,100
3,M3ABL_R03,0.9833333333333332,G0,160.0,0.98,0.1963848301321259,100
3,M3ABL_R03,0.9833333333333332,G0,165.0,0.98,0.1963848301321259,100
3,M3ABL_R03,0.9833333333333332,G0,170.0,0.98,0.1963848301321259,100
3,M3ABL_R03,0.9833333333333332,G0,175.0,0.98,0.1963848301321259,100
3,M3ABL_R03,0.9833333333333332,G0,180.0,0.98,0.1963848301321259,100
3,M3ABL_R03,0.9833333333333332,G0,185.0,1.0,0.1963848301321259,100
3,M3ABL_R03,0.9833333333333332,G0,190.0,0.99,0.1963848301321259,100
3,M3ABL_R03,0.9833333333333332,G0,195.0,0.99,0.1963848301321259,100
3,M3ABL_R03,0.9833333333333332,G0,200.0,0.99,0.1963848301321259,100
3,M3ABL_R03,0.9833333333333332,G0,205.0,0.99,0.1963848301321259,100
3,M3ABL_R03,0.9833333333333332,G0,210.0,0.99,0.1963848301321259,100
3,M3ABL_R03,0.9833333333333332,G0,215.0,0.99,0.1963848301321259,100
3,M3ABL_R03,0.9833333333333332,G0,220.0,0.99,0.1963848301321259,100
3,M3ABL_R03,0.9833333333333332,G0,225.0,0.99,0.1963848301321259,100
3,M3ABL_R03,0.9833333333333332,G0,230.0,1.0,0.1963848301321259,100
3,M3ABL_R03,0.9833333333333332,G0,235.0,1.0,0.1963848301321259,100
3,M3ABL_R03,0.9833333333333332,G0,240.0,1.0,0.1963848301321259,100
3,M3ABL_R03,0.9833333333333332,G1,60.0,0.9,0.1963848301321259,100
3,M3ABL_R03,0.9833333333333332,G1,65.0,0.91,0.1963848301321259,100
3,M3ABL_R03,0.9833333333333332,G1,70.0,0.87,0.1963848301321259,100
3,M3ABL_R03,0.9833333333333332,G1,75.0,0.89,0.1963848301321259,100
3,M3ABL_R03,0.9833333333333332,G1,80.0,0.88,0.1963848301321259,100
3,M3ABL_R03,0.9833333333333332,G1,85.0,0.89,0.1963848301321259,100
3,M3ABL_R03,0.9833333333333332,G1,90.0,0.88,0.1963848301321259,100
3,M3ABL_R03,0.9833333333333332,G1,95.0,0.88,0.1963848301321259,100
3,M3ABL_R03,0.9833333333333332,G1,100.0,0.9,0.1963848301321259,100
3,M3ABL_R03,0.9833333333333332,G1,105.0,0.89,0.1963848301321259,100
3,M3ABL_R03,0.9833333333333332,G1,110.0,0.9,0.1963848301321259,100
3,M3ABL_R03,0.9833333333333332,G1,115.0,0.89,0.1963848301321259,100
3,M3ABL_R03,0.9833333333333332,G1,120.0,0.89,0.1963848301321259,100
3,M3ABL_R03,0.9833333333333332,G1,125.0,0.88,0.1963848301321259,100
3,M3ABL_R03,0.9833333333333332,G1,130.0,0.88,0.1963848301321259,100
3,M3ABL_R03,0.9833333333333332,G1,135.0,0.89,0.1963848301321259,100
3,M3ABL_R03,0.9833333333333332,G1,140.0,0.89,0.1963848301321259,100
3,M3ABL_R03,0.9833333333333332,G1,145.0,0.89,0.1963848301321259,100
3,M3ABL_R03,0.9833333333333332,G1,150.0,0.89,0.1963848301321259,100
3,M3ABL_R03,0.9833333333333332,G1,155.0,0.89,0.1963848301321259,100
3,M3ABL_R03,0.9833333333333332,G1,160.0,0.91,0.1963848301321259,100
3,M3ABL_R03,0.9833333333333332,G1,165.0,0.91,0.1963848301321259,100
3,M3ABL_R03,0.9833333333333332,G1,170.0,0.94,0.1963848301321259,100
3,M3ABL_R03,0.9833333333333332,G1,175.0,0.92,0.1963848301321259,100
3,M3ABL_R03,0.9833333333333332,G1,180.0,0.91,0.1963848301321259,100
3,M3ABL_R03,0.9833333333333332,G1,185.0,0.91,0.1963848301321259,100
3,M3ABL_R03,0.9833333333333332,G1,190.0,0.9,0.1963848301321259,100
3,M3ABL_R03,0.9833333333333332,G1,195.0,0.91,0.1963848301321259,100
3,M3ABL_R03,0.9833333333333332,G1,200.0,0.91,0.1963848301321259,100
3,M3ABL_R03,0.9833333333333332,G1,205.0,0.9,0.1963848301321259,100
3,M3ABL_R03,0.9833333333333332,G1,210.0,0.9,0.1963848301321259,100
3,M3ABL_R03,0.9833333333333332,G1,215.0,0.9,0.1963848301321259,100
3,M3ABL_R03,0.9833333333333332,G1,220.0,0.9,0.1963848301321259,100
3,M3ABL_R03,0.9833333333333332,G1,225.0,0.9,0.1963848301321259,100
3,M3ABL_R03,0.9833333333333332,G1,230.0,0.94,0.1963848301321259,100
3,M3ABL_R03,0.9833333333333332,G1,235.0,0.93,0.1963848301321259,100
3,M3ABL_R03,0.9833333333333332,G1,240.0,0.92,0.1963848301321259,100
3,M3ABL_R03,0.9833333333333332,G2,60.0,0.67,0.1963848301321259,100
3,M3ABL_R03,0.9833333333333332,G2,65.0,0.72,0.1963848301321259,100
3,M3ABL_R03,0.9833333333333332,G2,70.0,0.69,0.1963848301321259,100
3,M3ABL_R03,0.9833333333333332,G2,75.0,0.75,0.1963848301321259,100
3,M3ABL_R03,0.9833333333333332,G2,80.0,0.74,0.1963848301321259,100
3,M3ABL_R03,0.9833333333333332,G2,85.0,0.75,0.1963848301321259,100
3,M3ABL_R03,0.9833333333333332,G2,90.0,0.72,0.1963848301321259,100
3,M3ABL_R03,0.9833333333333332,G2,95.0,0.7,0.1963848301321259,100
3,M3ABL_R03,0.9833333333333332,G2,100.0,0.7,0.1963848301321259,100
3,M3ABL_R03,0.9833333333333332,G2,105.0,0.66,0.1963848301321259,100
3,M3ABL_R03,0.9833333333333332,G2,110.0,0.69,0.1963848301321259,100
3,M3ABL_R03,0.9833333333333332,G2,115.0,0.69,0.1963848301321259,100
3,M3ABL_R03,0.9833333333333332,G2,120.0,0.68,0.1963848301321259,100
3,M3ABL_R03,0.9833333333333332,G2,125.0,0.7,0.1963848301321259,100
3,M3ABL_R03,0.9833333333333332,G2,130.0,0.66,0.1963848301321259,100
3,M3ABL_R03,0.9833333333333332,G2,135.0,0.69,0.1963848301321259,100
3,M3ABL_R03,0.9833333333333332,G2,140.0,0.67,0.1963848301321259,100
3,M3ABL_R03,0.9833333333333332,G2,145.0,0.69,0.1963848301321259,100
3,M3ABL_R03,0.9833333333333332,G2,150.0,0.69,0.1963848301321259,100
3,M3ABL_R03,0.9833333333333332,G2,155.0,0.68,0.1963848301321259,100
3,M3ABL_R03,0.9833333333333332,G2,160.0,0.74,0.1963848301321259,100
3,M3ABL_R03,0.9833333333333332,G2,165.0,0.73,0.1963848301321259,100
3,M3ABL_R03,0.9833333333333332,G2,170.0,0.73,0.1963848301321259,100
3,M3ABL_R03,0.9833333333333332,G2,175.0,0.7,0.1963848301321259,100
3,M3ABL_R03,0.9833333333333332,G2,180.0,0.68,0.1963848301321259,100
3,M3ABL_R03,0.9833333333333332,G2,185.0,0.71,0.1963848301321259,100
3,M3ABL_R03,0.9833333333333332,G2,190.0,0.69,0.1963848301321259,100
3,M3ABL_R03,0.9833333333333332,G2,195.0,0.68,0.1963848301321259,100
3,M3ABL_R03,0.9833333333333332,G2,200.0,0.64,0.1963848301321259,100
3,M3ABL_R03,0.9833333333333332,G2,205.0,0.67,0.1963848301321259,100
3,M3ABL_R03,0.9833333333333332,G2,210.0,0.65,0.1963848301321259,100
3,M3ABL_R03,0.9833333333333332,G2,215.0,0.64,0.1963848301321259,100
3,M3ABL_R03,0.9833333333333332,G2,220.0,0.68,0.1963848301321259,100
3,M3ABL_R03,0.9833333333333332,G2,225.0,0.66,0.1963848301321259,100
3,M3ABL_R03,0.9833333333333332,G2,230.0,0.63,0.1963848301321259,100
3,M3ABL_R03,0.9833333333333332,G2,235.0,0.63,0.1963848301321259,100
3,M3ABL_R03,0.9833333333333332,G2,240.0,0.61,0.1963848301321259,100
3,M3ABL_R03,0.99,G0,60.0,0.99,0.1963848301321259,100
3,M3ABL_R03,0.99,G0,65.0,1.0,0.1963848301321259,100
3,M3ABL_R03,0.99,G0,70.0,0.98,0.1963848301321259,100
3,M3ABL_R03,0.99,G0,75.0,0.98,0.1963848301321259,100
3,M3ABL_R03,0.99,G0,80.0,0.98,0.1963848301321259,100
3,M3ABL_R03,0.99,G0,85.0,0.99,0.1963848301321259,100
3,M3ABL_R03,0.99,G0,90.0,0.99,0.1963848301321259,100
3,M3ABL_R03,0.99,G0,95.0,0.99,0.1963848301321259,100
3,M3ABL_R03,0.99,G0,100.0,0.99,0.1963848301321259,100
3,M3ABL_R03,0.99,G0,105.0,0.98,0.1963848301321259,100
3,M3ABL_R03,0.99,G0,110.0,0.98,0.1963848301321259,100
3,M3ABL_R03,0.99,G0,115.0,0.98,0.1963848301321259,100
3,M3ABL_R03,0.99,G0,120.0,0.98,0.1963848301321259,100
3,M3ABL_R03,0.99,G0,125.0,0.98,0.1963848301321259,100
3,M3ABL_R03,0.99,G0,130.0,0.98,0.1963848301321259,100
3,M3ABL_R03,0.99,G0,135.0,0.98,0.1963848301321259,100
3,M3ABL_R03,0.99,G0,140.0,0.98,0.1963848301321259,100
3,M3ABL_R03,0.99,G0,145.0,0.98,0.1963848301321259,100
3,M3ABL_R03,0.99,G0,150.0,0.98,0.1963848301321259,100
3,M3ABL_R03,0.99,G0,155.0,0.98,0.1963848301321259,100
3,M3ABL_R03,0.99,G0,160.0,0.98,0.1963848301321259,100
3,M3ABL_R03,0.99,G0,165.0,0.98,0.1963848301321259,100
3,M3ABL_R03,0.99,G0,170.0,0.98,0.1963848301321259,100
3,M3ABL_R03,0.99,G0,175.0,0.98,0.1963848301321259,100
3,M3ABL_R03,0.99,G0,180.0,0.98,0.1963848301321259,100
3,M3ABL_R03,0.99,G0,185.0,0.98,0.1963848301321259,100
3,M3ABL_R03,0.99,G0,190.0,0.97,0.1963848301321259,100
3,M3ABL_R03,0.99,G0,195.0,0.97,0.1963848301321259,100
3,M3ABL_R03,0.99,G0,200.0,0.97,0.1963848301321259,100
3,M3ABL_R03,0.99,G0,205.0,0.98,0.1963848301321259,100
3,M3ABL_R03,0.99,G0,210.0,0.98,0.1963848301321259,100
3,M3ABL_R03,0.99,G0,215.0,0.98,0.1963848301321259,100
3,M3ABL_R03,0.99,G0,220.0,0.98,0.1963848301321259,100
3,M3ABL_R03,0.99,G0,225.0,0.98,0.1963848301321259,100
3,M3ABL_R03,0.99,G0,230.0,0.98,0.1963848301321259,100
3,M3ABL_R03,0.99,G0,235.0,0.98,0.1963848301321259,100
3,M3ABL_R03,0.99,G0,240.0,0.98,0.1963848301321259,100
3,M3ABL_R03,0.99,G1,60.0,0.92,0.1963848301321259,100
3,M3ABL_R03,0.99,G1,65.0,0.93,0.1963848301321259,100
3,M3ABL_R03,0.99,G1,70.0,0.9,0.1963848301321259,100
3,M3ABL_R03,0.99,G1,75.0,0.9,0.1963848301321259,100
3,M3ABL_R03,0.99,G1,80.0,0.89,0.1963848301321259,100
3,M3ABL_R03,0.99,G1,85.0,0.91,0.1963848301321259,100
3,M3ABL_R03,0.99,G1,90.0,0.9,0.1963848301321259,100
3,M3ABL_R03,0.99,G1,95.0,0.9,0.1963848301321259,100
3,M3ABL_R03,0.99,G1,100.0,0.89,0.1963848301321259,100
3,M3ABL_R03,0.99,G1,105.0,0.9,0.1963848301321259,100
3,M3ABL_R03,0.99,G1,110.0,0.89,0.1963848301321259,100
3,M3ABL_R03,0.99,G1,115.0,0.88,0.1963848301321259,100
3,M3ABL_R03,0.99,G1,120.0,0.88,0.1963848301321259,100
3,M3ABL_R03,0.99,G1,125.0,0.89,0.1963848301321259,100
3,M3ABL_R03,0.99,G1,130.0,0.89,0.1963848301321259,100
3,M3ABL_R03,0.99,G1,135.0,0.89,0.1963848301321259,100
3,M3ABL_R03,0.99,G1,140.0,0.89,0.1963848301321259,100
3,M3ABL_R03,0.99,G1,145.0,0.91,0.1963848301321259,100
3,M3ABL_R03,0.99,G1,150.0,0.91,0.1963848301321259,100
3,M3ABL_R03,0.99,G1,155.0,0.91,0.1963848301321259,100
3,M3ABL_R03,0.99,G1,160.0,0.91,0.1963848301321259,100
3,M3ABL_R03,0.99,G1,165.0,0.92,0.1963848301321259,100
3,M3ABL_R03,0.99,G1,170.0,0.92,0.1963848301321259,100
3,M3ABL_R03,0.99,G1,175.0,0.91,0.1963848301321259,100
3,M3ABL_R03,0.99,G1,180.0,0.91,0.1963848301321259,100
3,M3ABL_R03,0.99,G1,185.0,0.91,0.1963848301321259,100
3,M3ABL_R03,0.99,G1,190.0,0.89,0.1963848301321259,100
3,M3ABL_R03,0.99,G1,195.0,0.89,0.1963848301321259,100
3,M3ABL_R03,0.99,G1,200.0,0.89,0.1963848301321259,100
3,M3ABL_R03,0.99,G1,205.0,0.92,0.1963848301321259,100
3,M3ABL_R03,0.99,G1,210.0,0.92,0.1963848301321259,100
3,M3ABL_R03,0.99,G1,215.0,0.92,0.1963848301321259,100
3,M3ABL_R03,0.99,G1,220.0,0.91,0.1963848301321259,100
3,M3ABL_R03,0.99,G1,225.0,0.94,0.1963848301321259,100
3,M3ABL_R03,0.99,G1,230.0,0.94,0.1963848301321259,100
3,M3ABL_R03,0.99,G1,235.0,0.92,0.1963848301321259,100
3,M3ABL_R03,0.99,G1,240.0,0.91,0.1963848301321259,100
3,M3ABL_R03,0.99,G2,60.0,0.66,0.1963848301321259,100
3,M3ABL_R03,0.99,G2,65.0,0.76,0.1963848301321259,100
3,M3ABL_R03,0.99,G2,70.0,0.73,0.1963848301321259,100
3,M3ABL_R03,0.99,G2,75.0,0.72,0.1963848301321259,100
3,M3ABL_R03,0.99,G2,80.0,0.7,0.1963848301321259,100
3,M3ABL_R03,0.99,G2,85.0,0.76,0.1963848301321259,100
3,M3ABL_R03,0.99,G2,90.0,0.75,0.1963848301321259,100
3,M3ABL_R03,0.99,G2,95.0,0.73,0.1963848301321259,100
3,M3ABL_R03,0.99,G2,100.0,0.69,0.1963848301321259,100
3,M3ABL_R03,0.99,G2,105.0,0.73,0.1963848301321259,100
3,M3ABL_R03,0.99,G2,110.0,0.7,0.1963848301321259,100
3,M3ABL_R03,0.99,G2,115.0,0.69,0.1963848301321259,100
3,M3ABL_R03,0.99,G2,120.0,0.66,0.1963848301321259,100
3,M3ABL_R03,0.99,G2,125.0,0.69,0.1963848301321259,100
3,M3ABL_R03,0.99,G2,130.0,0.66,0.1963848301321259,100
3,M3ABL_R03,0.99,G2,135.0,0.66,0.1963848301321259,100
3,M3ABL_R03,0.99,G2,140.0,0.64,0.1963848301321259,100
3,M3ABL_R03,0.99,G2,145.0,0.67,0.1963848301321259,100
3,M3ABL_R03,0.99,G2,150.0,0.67,0.1963848301321259,100
3,M3ABL_R03,0.99,G2,155.0,0.67,0.1963848301321259,100
3,M3ABL_R03,0.99,G2,160.0,0.66,0.1963848301321259,100
3,M3ABL_R03,0.99,G2,165.0,0.69,0.1963848301321259,100
3,M3ABL_R03,0.99,G2,170.0,0.68,0.1963848301321259,100
3,M3ABL_R03,0.99,G2,175.0,0.65,0.1963848301321259,100
3,M3ABL_R03,0.99,G2,180.0,0.64,0.1963848301321259,100
3,M3ABL_R03,0.99,G2,185.0,0.66,0.1963848301321259,100
3,M3ABL_R03,0.99,G2,190.0,0.64,0.1963848301321259,100
3,M3ABL_R03,0.99,G2,195.0,0.61,0.1963848301321259,100
3,M3ABL_R03,0.99,G2,200.0,0.59,0.1963848301321259,100
3,M3ABL_R03,0.99,G2,205.0,0.66,0.1963848301321259,100
3,M3ABL_R03,0.99,G2,210.0,0.65,0.1963848301321259,100
3,M3ABL_R03,0.99,G2,215.0,0.63,0.1963848301321259,100
3,M3ABL_R03,0.99,G2,220.0,0.62,0.1963848301321259,100
3,M3ABL_R03,0.99,G2,225.0,0.64,0.1963848301321259,100
3,M3ABL_R03,0.99,G2,230.0,0.61,0.1963848301321259,100
3,M3ABL_R03,0.99,G2,235.0,0.61,0.1963848301321259,100
3,M3ABL_R03,0.99,G2,240.0,0.6,0.1963848301321259,100
3,M3ABL_R03,0.995,G0,60.0,1.0,0.1963848301321259,100
3,M3ABL_R03,0.995,G0,65.0,1.0,0.1963848301321259,100
3,M3ABL_R03,0.995,G0,70.0,0.98,0.1963848301321259,100
3,M3ABL_R03,0.995,G0,75.0,0.98,0.1963848301321259,100
3,M3ABL_R03,0.995,G0,80.0,0.98,0.1963848301321259,100
3,M3ABL_R03,0.995,G0,85.0,0.99,0.1963848301321259,100
3,M3ABL_R03,0.995,G0,90.0,0.99,0.1963848301321259,100
3,M3ABL_R03,0.995,G0,95.0,0.99,0.1963848301321259,100
3,M3ABL_R03,0.995,G0,100.0,0.99,0.1963848301321259,100
3,M3ABL_R03,0.995,G0,105.0,0.98,0.1963848301321259,100
3,M3ABL_R03,0.995,G0,110.0,0.98,0.1963848301321259,100
3,M3ABL_R03,0.995,G0,115.0,0.98,0.1963848301321259,100
3,M3ABL_R03,0.995,G0,120.0,0.98,0.1963848301321259,100
3,M3ABL_R03,0.995,G0,125.0,0.98,0.1963848301321259,100
3,M3ABL_R03,0.995,G0,130.0,0.98,0.1963848301321259,100
3,M3ABL_R03,0.995,G0,135.0,0.98,0.1963848301321259,100
3,M3ABL_R03,0.995,G0,140.0,0.98,0.1963848301321259,100
3,M3ABL_R03,0.995,G0,145.0,0.98,0.1963848301321259,100
3,M3ABL_R03,0.995,G0,150.0,0.98,0.1963848301321259,100
3,M3ABL_R03,0.995,G0,155.0,0.98,0.1963848301321259,100
3,M3ABL_R03,0.995,G0,160.0,0.98,0.1963848301321259,100
3,M3ABL_R03,0.995,G0,165.0,0.99,0.1963848301321259,100
3,M3ABL_R03,0.995,G0,170.0,0.99,0.1963848301321259,100
3,M3ABL_R03,0.995,G0,175.0,0.99,0.1963848301321259,100
3,M3ABL_R03,0.995,G0,180.0,0.99,0.1963848301321259,100
3,M3ABL_R03,0.995,G0,185.0,0.99,0.1963848301321259,100
3,M3ABL_R03,0.995,G0,190.0,0.98,0.1963848301321259,100
3,M3ABL_R03,0.995,G0,195.0,0.98,0.1963848301321259,100
3,M3ABL_R03,0.995,G0,200.0,0.98,0.1963848301321259,100
3,M3ABL_R03,0.995,G0,205.0,0.98,0.1963848301321259,100
3,M3ABL_R03,0.995,G0,210.0,0.98,0.1963848301321259,100
3,M3ABL_R03,0.995,G0,215.0,0.98,0.1963848301321259,100
3,M3ABL_R03,0.995,G0,220.0,0.98,0.1963848301321259,100
3,M3ABL_R03,0.995,G0,225.0,0.98,0.1963848301321259,100
3,M3ABL_R03,0.995,G0,230.0,0.98,0.1963848301321259,100
3,M3ABL_R03,0.995,G0,235.0,0.98,0.1963848301321259,100
3,M3ABL_R03,0.995,G0,240.0,0.98,0.1963848301321259,100
3,M3ABL_R03,0.995,G1,60.0,0.93,0.1963848301321259,100
3,M3ABL_R03,0.995,G1,65.0,0.93,0.1963848301321259,100
3,M3ABL_R03,0.995,G1,70.0,0.9,0.1963848301321259,100
3,M3ABL_R03,0.995,G1,75.0,0.9,0.1963848301321259,100
3,M3ABL_R03,0.995,G1,80.0,0.9,0.1963848301321259,100
3,M3ABL_R03,0.995,G1,85.0,0.9,0.1963848301321259,100
3,M3ABL_R03,0.995,G1,90.0,0.89,0.1963848301321259,100
3,M3ABL_R03,0.995,G1,95.0,0.89,0.1963848301321259,100
3,M3ABL_R03,0.995,G1,100.0,0.88,0.1963848301321259,100
3,M3ABL_R03,0.995,G1,105.0,0.87,0.1963848301321259,100
3,M3ABL_R03,0.995,G1,110.0,0.85,0.1963848301321259,100
3,M3ABL_R03,0.995,G1,115.0,0.84,0.1963848301321259,100
3,M3ABL_R03,0.995,G1,120.0,0.84,0.1963848301321259,100
3,M3ABL_R03,0.995,G1,125.0,0.87,0.1963848301321259,100
3,M3ABL_R03,0.995,G1,130.0,0.87,0.1963848301321259,100
3,M3ABL_R03,0.995,G1,135.0,0.87,0.1963848301321259,100
3,M3ABL_R03,0.995,G1,140.0,0.87,0.1963848301321259,100
3,M3ABL_R03,0.995,G1,145.0,0.87,0.1963848301321259,100
3,M3ABL_R03,0.995,G1,150.0,0.87,0.1963848301321259,100
3,M3ABL_R03,0.995,G1,155.0,0.87,0.1963848301321259,100
3,M3ABL_R03,0.995,G1,160.0,0.86,0.1963848301321259,100
3,M3ABL_R03,0.995,G1,165.0,0.87,0.1963848301321259,100
3,M3ABL_R03,0.995,G1,170.0,0.87,0.1963848301321259,100
3,M3ABL_R03,0.995,G1,175.0,0.86,0.1963848301321259,100
3,M3ABL_R03,0.995,G1,180.0,0.85,0.1963848301321259,100
3,M3ABL_R03,0.995,G1,185.0,0.85,0.1963848301321259,100
3,M3ABL_R03,0.995,G1,190.0,0.84,0.1963848301321259,100
3,M3ABL_R03,0.995,G1,195.0,0.84,0.1963848301321259,100
3,M3ABL_R03,0.995,G1,200.0,0.83,0.1963848301321259,100
3,M3ABL_R03,0.995,G1,205.0,0.87,0.1963848301321259,100
3,M3ABL_R03,0.995,G1,210.0,0.87,0.1963848301321259,100
3,M3ABL_R03,0.995,G1,215.0,0.87,0.1963848301321259,100
3,M3ABL_R03,0.995,G1,220.0,0.87,0.1963848301321259,100
3,M3ABL_R03,0.995,G1,225.0,0.87,0.1963848301321259,100
3,M3ABL_R03,0.995,G1,230.0,0.86,0.1963848301321259,100
3,M3ABL_R03,0.995,G1,235.0,0.86,0.1963848301321259,100
3,M3ABL_R03,0.995,G1,240.0,0.85,0.1963848301321259,100
3,M3ABL_R03,0.995,G2,60.0,0.71,0.1963848301321259,100
3,M3ABL_R03,0.995,G2,65.0,0.7,0.1963848301321259,100
3,M3ABL_R03,0.995,G2,70.0,0.64,0.1963848301321259,100
3,M3ABL_R03,0.995,G2,75.0,0.62,0.1963848301321259,100
3,M3ABL_R03,0.995,G2,80.0,0.62,0.1963848301321259,100
3,M3ABL_R03,0.995,G2,85.0,0.7,0.1963848301321259,100
3,M3ABL_R03,0.995,G2,90.0,0.69,0.1963848301321259,100
3,M3ABL_R03,0.995,G2,95.0,0.68,0.1963848301321259,100
3,M3ABL_R03,0.995,G2,100.0,0.64,0.1963848301321259,100
3,M3ABL_R03,0.995,G2,105.0,0.62,0.1963848301321259,100
3,M3ABL_R03,0.995,G2,110.0,0.59,0.1963848301321259,100
3,M3ABL_R03,0.995,G2,115.0,0.58,0.1963848301321259,100
3,M3ABL_R03,0.995,G2,120.0,0.56,0.1963848301321259,100
3,M3ABL_R03,0.995,G2,125.0,0.64,0.1963848301321259,100
3,M3ABL_R03,0.995,G2,130.0,0.62,0.1963848301321259,100
3,M3ABL_R03,0.995,G2,135.0,0.62,0.1963848301321259,100
3,M3ABL_R03,0.995,G2,140.0,0.6,0.1963848301321259,100
3,M3ABL_R03,0.995,G2,145.0,0.59,0.1963848301321259,100
3,M3ABL_R03,0.995,G2,150.0,0.58,0.1963848301321259,100
3,M3ABL_R03,0.995,G2,155.0,0.55,0.1963848301321259,100
3,M3ABL_R03,0.995,G2,160.0,0.54,0.1963848301321259,100
3,M3ABL_R03,0.995,G2,165.0,0.64,0.1963848301321259,100
3,M3ABL_R03,0.995,G2,170.0,0.61,0.1963848301321259,100
3,M3ABL_R03,0.995,G2,175.0,0.59,0.1963848301321259,100
3,M3ABL_R03,0.995,G2,180.0,0.57,0.1963848301321259,100
3,M3ABL_R03,0.995,G2,185.0,0.56,0.1963848301321259,100
3,M3ABL_R03,0.995,G2,190.0,0.55,0.1963848301321259,100
3,M3ABL_R03,0.995,G2,195.0,0.54,0.1963848301321259,100
3,M3ABL_R03,0.995,G2,200.0,0.53,0.1963848301321259,100
3,M3ABL_R03,0.995,G2,205.0,0.56,0.1963848301321259,100
3,M3ABL_R03,0.995,G2,210.0,0.54,0.1963848301321259,100
3,M3ABL_R03,0.995,G2,215.0,0.54,0.1963848301321259,100
3,M3ABL_R03,0.995,G2,220.0,0.54,0.1963848301321259,100
3,M3ABL_R03,0.995,G2,225.0,0.54,0.1963848301321259,100
3,M3ABL_R03,0.995,G2,230.0,0.52,0.1963848301321259,100
3,M3ABL_R03,0.995,G2,235.0,0.52,0.1963848301321259,100
3,M3ABL_R03,0.995,G2,240.0,0.5,0.1963848301321259,100
4,M3ABL_R04,0.95,G0,60.0,1.0,0.0155791138477996,100
4,M3ABL_R04,0.95,G0,65.0,1.0,0.0155791138477996,100
4,M3ABL_R04,0.95,G0,70.0,1.0,0.0155791138477996,100
4,M3ABL_R04,0.95,G0,75.0,1.0,0.0155791138477996,100
4,M3ABL_R04,0.95,G0,80.0,1.0,0.0155791138477996,100
4,M3ABL_R04,0.95,G0,85.0,1.0,0.0155791138477996,100
4,M3ABL_R04,0.95,G0,90.0,1.0,0.0155791138477996,100
4,M3ABL_R04,0.95,G0,95.0,1.0,0.0155791138477996,100
4,M3ABL_R04,0.95,G0,100.0,1.0,0.0155791138477996,100
4,M3ABL_R04,0.95,G0,105.0,1.0,0.0155791138477996,100
4,M3ABL_R04,0.95,G0,110.0,1.0,0.0155791138477996,100
4,M3ABL_R04,0.95,G0,115.0,1.0,0.0155791138477996,100
4,M3ABL_R04,0.95,G0,120.0,1.0,0.0155791138477996,100
4,M3ABL_R04,0.95,G0,125.0,1.0,0.0155791138477996,100
4,M3ABL_R04,0.95,G0,130.0,1.0,0.0155791138477996,100
4,M3ABL_R04,0.95,G0,135.0,1.0,0.0155791138477996,100
4,M3ABL_R04,0.95,G0,140.0,1.0,0.0155791138477996,100
4,M3ABL_R04,0.95,G0,145.0,1.0,0.0155791138477996,100
4,M3ABL_R04,0.95,G0,150.0,1.0,0.0155791138477996,100
4,M3ABL_R04,0.95,G0,155.0,1.0,0.0155791138477996,100
4,M3ABL_R04,0.95,G0,160.0,1.0,0.0155791138477996,100
4,M3ABL_R04,0.95,G0,165.0,1.0,0.0155791138477996,100
4,M3ABL_R04,0.95,G0,170.0,1.0,0.0155791138477996,100
4,M3ABL_R04,0.95,G0,175.0,1.0,0.0155791138477996,100
4,M3ABL_R04,0.95,G0,180.0,1.0,0.0155791138477996,100
4,M3ABL_R04,0.95,G0,185.0,1.0,0.0155791138477996,100
4,M3ABL_R04,0.95,G0,190.0,1.0,0.0155791138477996,100
4,M3ABL_R04,0.95,G0,195.0,1.0,0.0155791138477996,100
4,M3ABL_R04,0.95,G0,200.0,1.0,0.0155791138477996,100
4,M3ABL_R04,0.95,G0,205.0,1.0,0.0155791138477996,100
4,M3ABL_R04,0.95,G0,210.0,1.0,0.0155791138477996,100
4,M3ABL_R04,0.95,G0,215.0,1.0,0.0155791138477996,100
4,M3ABL_R04,0.95,G0,220.0,1.0,0.0155791138477996,100
4,M3ABL_R04,0.95,G0,225.0,1.0,0.0155791138477996,100
4,M3ABL_R04,0.95,G0,230.0,1.0,0.0155791138477996,100
4,M3ABL_R04,0.95,G0,235.0,1.0,0.0155791138477996,100
4,M3ABL_R04,0.95,G0,240.0,1.0,0.0155791138477996,100
4,M3ABL_R04,0.95,G1,60.0,0.97,0.0155791138477996,100
4,M3ABL_R04,0.95,G1,65.0,0.99,0.0155791138477996,100
4,M3ABL_R04,0.95,G1,70.0,0.99,0.0155791138477996,100
4,M3ABL_R04,0.95,G1,75.0,0.99,0.0155791138477996,100
4,M3ABL_R04,0.95,G1,80.0,0.99,0.0155791138477996,100
4,M3ABL_R04,0.95,G1,85.0,0.99,0.0155791138477996,100
4,M3ABL_R04,0.95,G1,90.0,1.0,0.0155791138477996,100
4,M3ABL_R04,0.95,G1,95.0,1.0,0.0155791138477996,100
4,M3ABL_R04,0.95,G1,100.0,1.0,0.0155791138477996,100
4,M3ABL_R04,0.95,G1,105.0,0.99,0.0155791138477996,100
4,M3ABL_R04,0.95,G1,110.0,0.99,0.0155791138477996,100
4,M3ABL_R04,0.95,G1,115.0,0.99,0.0155791138477996,100
4,M3ABL_R04,0.95,G1,120.0,0.99,0.0155791138477996,100
4,M3ABL_R04,0.95,G1,125.0,0.99,0.0155791138477996,100
4,M3ABL_R04,0.95,G1,130.0,0.99,0.0155791138477996,100
4,M3ABL_R04,0.95,G1,135.0,1.0,0.0155791138477996,100
4,M3ABL_R04,0.95,G1,140.0,1.0,0.0155791138477996,100
4,M3ABL_R04,0.95,G1,145.0,1.0,0.0155791138477996,100
4,M3ABL_R04,0.95,G1,150.0,1.0,0.0155791138477996,100
4,M3ABL_R04,0.95,G1,155.0,1.0,0.0155791138477996,100
4,M3ABL_R04,0.95,G1,160.0,1.0,0.0155791138477996,100
4,M3ABL_R04,0.95,G1,165.0,1.0,0.0155791138477996,100
4,M3ABL_R04,0.95,G1,170.0,1.0,0.0155791138477996,100
4,M3ABL_R04,0.95,G1,175.0,1.0,0.0155791138477996,100
4,M3ABL_R04,0.95,G1,180.0,1.0,0.0155791138477996,100
4,M3ABL_R04,0.95,G1,185.0,1.0,0.0155791138477996,100
4,M3ABL_R04,0.95,G1,190.0,1.0,0.0155791138477996,100
4,M3ABL_R04,0.95,G1,195.0,1.0,0.0155791138477996,100
4,M3ABL_R04,0.95,G1,200.0,1.0,0.0155791138477996,100
4,M3ABL_R04,0.95,G1,205.0,1.0,0.0155791138477996,100
4,M3ABL_R04,0.95,G1,210.0,1.0,0.0155791138477996,100
4,M3ABL_R04,0.95,G1,215.0,1.0,0.0155791138477996,100
4,M3ABL_R04,0.95,G1,220.0,1.0,0.0155791138477996,100
4,M3ABL_R04,0.95,G1,225.0,1.0,0.0155791138477996,100
4,M3ABL_R04,0.95,G1,230.0,1.0,0.0155791138477996,100
4,M3ABL_R04,0.95,G1,235.0,1.0,0.0155791138477996,100
4,M3ABL_R04,0.95,G1,240.0,1.0,0.0155791138477996,100
4,M3ABL_R04,0.95,G2,60.0,0.87,0.0155791138477996,100
4,M3ABL_R04,0.95,G2,65.0,0.91,0.0155791138477996,100
4,M3ABL_R04,0.95,G2,70.0,0.87,0.0155791138477996,100
4,M3ABL_R04,0.95,G2,75.0,0.9,0.0155791138477996,100
4,M3ABL_R04,0.95,G2,80.0,0.9,0.0155791138477996,100
4,M3ABL_R04,0.95,G2,85.0,0.92,0.0155791138477996,100
4,M3ABL_R04,0.95,G2,90.0,0.91,0.0155791138477996,100
4,M3ABL_R04,0.95,G2,95.0,0.94,0.0155791138477996,100
4,M3ABL_R04,0.95,G2,100.0,0.93,0.0155791138477996,100
4,M3ABL_R04,0.95,G2,105.0,0.93,0.0155791138477996,100
4,M3ABL_R04,0.95,G2,110.0,0.94,0.0155791138477996,100
4,M3ABL_R04,0.95,G2,115.0,0.93,0.0155791138477996,100
4,M3ABL_R04,0.95,G2,120.0,0.92,0.0155791138477996,100
4,M3ABL_R04,0.95,G2,125.0,0.96,0.0155791138477996,100
4,M3ABL_R04,0.95,G2,130.0,0.95,0.0155791138477996,100
4,M3ABL_R04,0.95,G2,135.0,0.96,0.0155791138477996,100
4,M3ABL_R04,0.95,G2,140.0,0.97,0.0155791138477996,100
4,M3ABL_R04,0.95,G2,145.0,0.98,0.0155791138477996,100
4,M3ABL_R04,0.95,G2,150.0,0.98,0.0155791138477996,100
4,M3ABL_R04,0.95,G2,155.0,0.97,0.0155791138477996,100
4,M3ABL_R04,0.95,G2,160.0,0.97,0.0155791138477996,100
4,M3ABL_R04,0.95,G2,165.0,0.96,0.0155791138477996,100
4,M3ABL_R04,0.95,G2,170.0,0.97,0.0155791138477996,100
4,M3ABL_R04,0.95,G2,175.0,0.97,0.0155791138477996,100
4,M3ABL_R04,0.95,G2,180.0,0.98,0.0155791138477996,100
4,M3ABL_R04,0.95,G2,185.0,0.97,0.0155791138477996,100
4,M3ABL_R04,0.95,G2,190.0,0.97,0.0155791138477996,100
4,M3ABL_R04,0.95,G2,195.0,0.97,0.0155791138477996,100
4,M3ABL_R04,0.95,G2,200.0,0.97,0.0155791138477996,100
4,M3ABL_R04,0.95,G2,205.0,0.98,0.0155791138477996,100
4,M3ABL_R04,0.95,G2,210.0,0.98,0.0155791138477996,100
4,M3ABL_R04,0.95,G2,215.0,0.98,0.0155791138477996,100
4,M3ABL_R04,0.95,G2,220.0,0.98,0.0155791138477996,100
4,M3ABL_R04,0.95,G2,225.0,0.98,0.0155791138477996,100
4,M3ABL_R04,0.95,G2,230.0,1.0,0.0155791138477996,100
4,M3ABL_R04,0.95,G2,235.0,1.0,0.0155791138477996,100
4,M3ABL_R04,0.95,G2,240.0,1.0,0.0155791138477996,100
4,M3ABL_R04,0.975,G0,60.0,1.0,0.0155791138477996,100
4,M3ABL_R04,0.975,G0,65.0,1.0,0.0155791138477996,100
4,M3ABL_R04,0.975,G0,70.0,0.99,0.0155791138477996,100
4,M3ABL_R04,0.975,G0,75.0,0.99,0.0155791138477996,100
4,M3ABL_R04,0.975,G0,80.0,0.99,0.0155791138477996,100
4,M3ABL_R04,0.975,G0,85.0,0.99,0.0155791138477996,100
4,M3ABL_R04,0.975,G0,90.0,0.99,0.0155791138477996,100
4,M3ABL_R04,0.975,G0,95.0,0.99,0.0155791138477996,100
4,M3ABL_R04,0.975,G0,100.0,0.99,0.0155791138477996,100
4,M3ABL_R04,0.975,G0,105.0,0.98,0.0155791138477996,100
4,M3ABL_R04,0.975,G0,110.0,0.98,0.0155791138477996,100
4,M3ABL_R04,0.975,G0,115.0,0.99,0.0155791138477996,100
4,M3ABL_R04,0.975,G0,120.0,0.99,0.0155791138477996,100
4,M3ABL_R04,0.975,G0,125.0,0.99,0.0155791138477996,100
4,M3ABL_R04,0.975,G0,130.0,0.99,0.0155791138477996,100
4,M3ABL_R04,0.975,G0,135.0,0.99,0.0155791138477996,100
4,M3ABL_R04,0.975,G0,140.0,1.0,0.0155791138477996,100
4,M3ABL_R04,0.975,G0,145.0,1.0,0.0155791138477996,100
4,M3ABL_R04,0.975,G0,150.0,1.0,0.0155791138477996,100
4,M3ABL_R04,0.975,G0,155.0,1.0,0.0155791138477996,100
4,M3ABL_R04,0.975,G0,160.0,1.0,0.0155791138477996,100
4,M3ABL_R04,0.975,G0,165.0,1.0,0.0155791138477996,100
4,M3ABL_R04,0.975,G0,170.0,1.0,0.0155791138477996,100
4,M3ABL_R04,0.975,G0,175.0,1.0,0.0155791138477996,100
4,M3ABL_R04,0.975,G0,180.0,1.0,0.0155791138477996,100
4,M3ABL_R04,0.975,G0,185.0,1.0,0.0155791138477996,100
4,M3ABL_R04,0.975,G0,190.0,1.0,0.0155791138477996,100
4,M3ABL_R04,0.975,G0,195.0,1.0,0.0155791138477996,100
4,M3ABL_R04,0.975,G0,200.0,1.0,0.0155791138477996,100
4,M3ABL_R04,0.975,G0,205.0,1.0,0.0155791138477996,100
4,M3ABL_R04,0.975,G0,210.0,1.0,0.0155791138477996,100
4,M3ABL_R04,0.975,G0,215.0,1.0,0.0155791138477996,100
4,M3ABL_R04,0.975,G0,220.0,1.0,0.0155791138477996,100
4,M3ABL_R04,0.975,G0,225.0,1.0,0.0155791138477996,100
4,M3ABL_R04,0.975,G0,230.0,1.0,0.0155791138477996,100
4,M3ABL_R04,0.975,G0,235.0,1.0,0.0155791138477996,100
4,M3ABL_R04,0.975,G0,240.0,1.0,0.0155791138477996,100
4,M3ABL_R04,0.975,G1,60.0,0.97,0.0155791138477996,100
4,M3ABL_R04,0.975,G1,65.0,0.97,0.0155791138477996,100
4,M3ABL_R04,0.975,G1,70.0,0.94,0.0155791138477996,100
4,M3ABL_R04,0.975,G1,75.0,0.94,0.0155791138477996,100
4,M3ABL_R04,0.975,G1,80.0,0.94,0.0155791138477996,100
4,M3ABL_R04,0.975,G1,85.0,0.94,0.0155791138477996,100
4,M3ABL_R04,0.975,G1,90.0,0.96,0.0155791138477996,100
4,M3ABL_R04,0.975,G1,95.0,0.96,0.0155791138477996,100
4,M3ABL_R04,0.975,G1,100.0,0.96,0.0155791138477996,100
4,M3ABL_R04,0.975,G1,105.0,0.97,0.0155791138477996,100
4,M3ABL_R04,0.975,G1,110.0,0.97,0.0155791138477996,100
4,M3ABL_R04,0.975,G1,115.0,0.97,0.0155791138477996,100
4,M3ABL_R04,0.975,G1,120.0,0.97,0.0155791138477996,100
4,M3ABL_R04,0.975,G1,125.0,0.99,0.0155791138477996,100
4,M3ABL_R04,0.975,G1,130.0,0.99,0.0155791138477996,100
4,M3ABL_R04,0.975,G1,135.0,0.97,0.0155791138477996,100
4,M3ABL_R04,0.975,G1,140.0,0.99,0.0155791138477996,100
4,M3ABL_R04,0.975,G1,145.0,0.99,0.0155791138477996,100
4,M3ABL_R04,0.975,G1,150.0,0.99,0.0155791138477996,100
4,M3ABL_R04,0.975,G1,155.0,0.99,0.0155791138477996,100
4,M3ABL_R04,0.975,G1,160.0,0.99,0.0155791138477996,100
4,M3ABL_R04,0.975,G1,165.0,0.99,0.0155791138477996,100
4,M3ABL_R04,0.975,G1,170.0,0.99,0.0155791138477996,100
4,M3ABL_R04,0.975,G1,175.0,0.99,0.0155791138477996,100
4,M3ABL_R04,0.975,G1,180.0,0.99,0.0155791138477996,100
4,M3ABL_R04,0.975,G1,185.0,0.99,0.0155791138477996,100
4,M3ABL_R04,0.975,G1,190.0,0.99,0.0155791138477996,100
4,M3ABL_R04,0.975,G1,195.0,0.99,0.0155791138477996,100
4,M3ABL_R04,0.975,G1,200.0,0.99,0.0155791138477996,100
4,M3ABL_R04,0.975,G1,205.0,1.0,0.0155791138477996,100
4,M3ABL_R04,0.975,G1,210.0,1.0,0.0155791138477996,100
4,M3ABL_R04,0.975,G1,215.0,1.0,0.0155791138477996,100
4,M3ABL_R04,0.975,G1,220.0,1.0,0.0155791138477996,100
4,M3ABL_R04,0.975,G1,225.0,1.0,0.0155791138477996,100
4,M3ABL_R04,0.975,G1,230.0,1.0,0.0155791138477996,100
4,M3ABL_R04,0.975,G1,235.0,1.0,0.0155791138477996,100
4,M3ABL_R04,0.975,G1,240.0,1.0,0.0155791138477996,100
4,M3ABL_R04,0.975,G2,60.0,0.84,0.0155791138477996,100
4,M3ABL_R04,0.975,G2,65.0,0.88,0.0155791138477996,100
4,M3ABL_R04,0.975,G2,70.0,0.85,0.0155791138477996,100
4,M3ABL_R04,0.975,G2,75.0,0.84,0.0155791138477996,100
4,M3ABL_R04,0.975,G2,80.0,0.84,0.0155791138477996,100
4,M3ABL_R04,0.975,G2,85.0,0.86,0.0155791138477996,100
4,M3ABL_R04,0.975,G2,90.0,0.88,0.0155791138477996,100
4,M3ABL_R04,0.975,G2,95.0,0.87,0.0155791138477996,100
4,M3ABL_R04,0.975,G2,100.0,0.87,0.0155791138477996,100
4,M3ABL_R04,0.975,G2,105.0,0.88,0.0155791138477996,100
4,M3ABL_R04,0.975,G2,110.0,0.87,0.0155791138477996,100
4,M3ABL_R04,0.975,G2,115.0,0.89,0.0155791138477996,100
4,M3ABL_R04,0.975,G2,120.0,0.88,0.0155791138477996,100
4,M3ABL_R04,0.975,G2,125.0,0.88,0.0155791138477996,100
4,M3ABL_R04,0.975,G2,130.0,0.88,0.0155791138477996,100
4,M3ABL_R04,0.975,G2,135.0,0.88,0.0155791138477996,100
4,M3ABL_R04,0.975,G2,140.0,0.91,0.0155791138477996,100
4,M3ABL_R04,0.975,G2,145.0,0.92,0.0155791138477996,100
4,M3ABL_R04,0.975,G2,150.0,0.92,0.0155791138477996,100
4,M3ABL_R04,0.975,G2,155.0,0.92,0.0155791138477996,100
4,M3ABL_R04,0.975,G2,160.0,0.9,0.0155791138477996,100
4,M3ABL_R04,0.975,G2,165.0,0.92,0.0155791138477996,100
4,M3ABL_R04,0.975,G2,170.0,0.94,0.0155791138477996,100
4,M3ABL_R04,0.975,G2,175.0,0.93,0.0155791138477996,100
4,M3ABL_R04,0.975,G2,180.0,0.92,0.0155791138477996,100
4,M3ABL_R04,0.975,G2,185.0,0.93,0.0155791138477996,100
4,M3ABL_R04,0.975,G2,190.0,0.93,0.0155791138477996,100
4,M3ABL_R04,0.975,G2,195.0,0.94,0.0155791138477996,100
4,M3ABL_R04,0.975,G2,200.0,0.93,0.0155791138477996,100
4,M3ABL_R04,0.975,G2,205.0,0.94,0.0155791138477996,100
4,M3ABL_R04,0.975,G2,210.0,0.94,0.0155791138477996,100
4,M3ABL_R04,0.975,G2,215.0,0.94,0.0155791138477996,100
4,M3ABL_R04,0.975,G2,220.0,0.95,0.0155791138477996,100
4,M3ABL_R04,0.975,G2,225.0,0.95,0.0155791138477996,100
4,M3ABL_R04,0.975,G2,230.0,0.92,0.0155791138477996,100
4,M3ABL_R04,0.975,G2,235.0,0.93,0.0155791138477996,100
4,M3ABL_R04,0.975,G2,240.0,0.93,0.0155791138477996,100
4,M3ABL_R04,0.9833333333333332,G0,60.0,0.98,0.0155791138477996,100
4,M3ABL_R04,0.9833333333333332,G0,65.0,1.0,0.0155791138477996,100
4,M3ABL_R04,0.9833333333333332,G0,70.0,0.99,0.0155791138477996,100
4,M3ABL_R04,0.9833333333333332,G0,75.0,0.99,0.0155791138477996,100
4,M3ABL_R04,0.9833333333333332,G0,80.0,0.99,0.0155791138477996,100
4,M3ABL_R04,0.9833333333333332,G0,85.0,0.99,0.0155791138477996,100
4,M3ABL_R04,0.9833333333333332,G0,90.0,0.99,0.0155791138477996,100
4,M3ABL_R04,0.9833333333333332,G0,95.0,0.99,0.0155791138477996,100
4,M3ABL_R04,0.9833333333333332,G0,100.0,0.99,0.0155791138477996,100
4,M3ABL_R04,0.9833333333333332,G0,105.0,0.98,0.0155791138477996,100
4,M3ABL_R04,0.9833333333333332,G0,110.0,0.98,0.0155791138477996,100
4,M3ABL_R04,0.9833333333333332,G0,115.0,0.98,0.0155791138477996,100
4,M3ABL_R04,0.9833333333333332,G0,120.0,0.98,0.0155791138477996,100
4,M3ABL_R04,0.9833333333333332,G0,125.0,0.99,0.0155791138477996,100
4,M3ABL_R04,0.9833333333333332,G0,130.0,0.99,0.0155791138477996,100
4,M3ABL_R04,0.9833333333333332,G0,135.0,0.99,0.0155791138477996,100
4,M3ABL_R04,0.9833333333333332,G0,140.0,0.99,0.0155791138477996,100
4,M3ABL_R04,0.9833333333333332,G0,145.0,0.99,0.0155791138477996,100
4,M3ABL_R04,0.9833333333333332,G0,150.0,0.99,0.0155791138477996,100
4,M3ABL_R04,0.9833333333333332,G0,155.0,0.99,0.0155791138477996,100
4,M3ABL_R04,0.9833333333333332,G0,160.0,0.99,0.0155791138477996,100
4,M3ABL_R04,0.9833333333333332,G0,165.0,0.99,0.0155791138477996,100
4,M3ABL_R04,0.9833333333333332,G0,170.0,1.0,0.0155791138477996,100
4,M3ABL_R04,0.9833333333333332,G0,175.0,1.0,0.0155791138477996,100
4,M3ABL_R04,0.9833333333333332,G0,180.0,1.0,0.0155791138477996,100
4,M3ABL_R04,0.9833333333333332,G0,185.0,1.0,0.0155791138477996,100
4,M3ABL_R04,0.9833333333333332,G0,190.0,1.0,0.0155791138477996,100
4,M3ABL_R04,0.9833333333333332,G0,195.0,1.0,0.0155791138477996,100
4,M3ABL_R04,0.9833333333333332,G0,200.0,1.0,0.0155791138477996,100
4,M3ABL_R04,0.9833333333333332,G0,205.0,1.0,0.0155791138477996,100
4,M3ABL_R04,0.9833333333333332,G0,210.0,1.0,0.0155791138477996,100
4,M3ABL_R04,0.9833333333333332,G0,215.0,1.0,0.0155791138477996,100
4,M3ABL_R04,0.9833333333333332,G0,220.0,1.0,0.0155791138477996,100
4,M3ABL_R04,0.9833333333333332,G0,225.0,1.0,0.0155791138477996,100
4,M3ABL_R04,0.9833333333333332,G0,230.0,1.0,0.0155791138477996,100
4,M3ABL_R04,0.9833333333333332,G0,235.0,1.0,0.0155791138477996,100
4,M3ABL_R04,0.9833333333333332,G0,240.0,1.0,0.0155791138477996,100
4,M3ABL_R04,0.9833333333333332,G1,60.0,0.94,0.0155791138477996,100
4,M3ABL_R04,0.9833333333333332,G1,65.0,0.95,0.0155791138477996,100
4,M3ABL_R04,0.9833333333333332,G1,70.0,0.91,0.0155791138477996,100
4,M3ABL_R04,0.9833333333333332,G1,75.0,0.94,0.0155791138477996,100
4,M3ABL_R04,0.9833333333333332,G1,80.0,0.94,0.0155791138477996,100
4,M3ABL_R04,0.9833333333333332,G1,85.0,0.94,0.0155791138477996,100
4,M3ABL_R04,0.9833333333333332,G1,90.0,0.93,0.0155791138477996,100
4,M3ABL_R04,0.9833333333333332,G1,95.0,0.93,0.0155791138477996,100
4,M3ABL_R04,0.9833333333333332,G1,100.0,0.93,0.0155791138477996,100
4,M3ABL_R04,0.9833333333333332,G1,105.0,0.93,0.0155791138477996,100
4,M3ABL_R04,0.9833333333333332,G1,110.0,0.94,0.0155791138477996,100
4,M3ABL_R04,0.9833333333333332,G1,115.0,0.93,0.0155791138477996,100
4,M3ABL_R04,0.9833333333333332,G1,120.0,0.93,0.0155791138477996,100
4,M3ABL_R04,0.9833333333333332,G1,125.0,0.95,0.0155791138477996,100
4,M3ABL_R04,0.9833333333333332,G1,130.0,0.95,0.0155791138477996,100
4,M3ABL_R04,0.9833333333333332,G1,135.0,0.96,0.0155791138477996,100
4,M3ABL_R04,0.9833333333333332,G1,140.0,0.96,0.0155791138477996,100
4,M3ABL_R04,0.9833333333333332,G1,145.0,0.96,0.0155791138477996,100
4,M3ABL_R04,0.9833333333333332,G1,150.0,0.96,0.0155791138477996,100
4,M3ABL_R04,0.9833333333333332,G1,155.0,0.96,0.0155791138477996,100
4,M3ABL_R04,0.9833333333333332,G1,160.0,0.97,0.0155791138477996,100
4,M3ABL_R04,0.9833333333333332,G1,165.0,0.97,0.0155791138477996,100
4,M3ABL_R04,0.9833333333333332,G1,170.0,0.98,0.0155791138477996,100
4,M3ABL_R04,0.9833333333333332,G1,175.0,0.98,0.0155791138477996,100
4,M3ABL_R04,0.9833333333333332,G1,180.0,0.98,0.0155791138477996,100
4,M3ABL_R04,0.9833333333333332,G1,185.0,0.99,0.0155791138477996,100
4,M3ABL_R04,0.9833333333333332,G1,190.0,0.99,0.0155791138477996,100
4,M3ABL_R04,0.9833333333333332,G1,195.0,0.99,0.0155791138477996,100
4,M3ABL_R04,0.9833333333333332,G1,200.0,0.99,0.0155791138477996,100
4,M3ABL_R04,0.9833333333333332,G1,205.0,0.99,0.0155791138477996,100
4,M3ABL_R04,0.9833333333333332,G1,210.0,0.99,0.0155791138477996,100
4,M3ABL_R04,0.9833333333333332,G1,215.0,0.99,0.0155791138477996,100
4,M3ABL_R04,0.9833333333333332,G1,220.0,0.99,0.0155791138477996,100
4,M3ABL_R04,0.9833333333333332,G1,225.0,0.99,0.0155791138477996,100
4,M3ABL_R04,0.9833333333333332,G1,230.0,0.99,0.0155791138477996,100
4,M3ABL_R04,0.9833333333333332,G1,235.0,0.99,0.0155791138477996,100
4,M3ABL_R04,0.9833333333333332,G1,240.0,0.99,0.0155791138477996,100
4,M3ABL_R04,0.9833333333333332,G2,60.0,0.76,0.0155791138477996,100
4,M3ABL_R04,0.9833333333333332,G2,65.0,0.79,0.0155791138477996,100
4,M3ABL_R04,0.9833333333333332,G2,70.0,0.76,0.0155791138477996,100
4,M3ABL_R04,0.9833333333333332,G2,75.0,0.8,0.0155791138477996,100
4,M3ABL_R04,0.9833333333333332,G2,80.0,0.78,0.0155791138477996,100
4,M3ABL_R04,0.9833333333333332,G2,85.0,0.86,0.0155791138477996,100
4,M3ABL_R04,0.9833333333333332,G2,90.0,0.84,0.0155791138477996,100
4,M3ABL_R04,0.9833333333333332,G2,95.0,0.83,0.0155791138477996,100
4,M3ABL_R04,0.9833333333333332,G2,100.0,0.84,0.0155791138477996,100
4,M3ABL_R04,0.9833333333333332,G2,105.0,0.82,0.0155791138477996,100
4,M3ABL_R04,0.9833333333333332,G2,110.0,0.85,0.0155791138477996,100
4,M3ABL_R04,0.9833333333333332,G2,115.0,0.83,0.0155791138477996,100
4,M3ABL_R04,0.9833333333333332,G2,120.0,0.82,0.0155791138477996,100
4,M3ABL_R04,0.9833333333333332,G2,125.0,0.81,0.0155791138477996,100
4,M3ABL_R04,0.9833333333333332,G2,130.0,0.81,0.0155791138477996,100
4,M3ABL_R04,0.9833333333333332,G2,135.0,0.84,0.0155791138477996,100
4,M3ABL_R04,0.9833333333333332,G2,140.0,0.83,0.0155791138477996,100
4,M3ABL_R04,0.9833333333333332,G2,145.0,0.86,0.0155791138477996,100
4,M3ABL_R04,0.9833333333333332,G2,150.0,0.86,0.0155791138477996,100
4,M3ABL_R04,0.9833333333333332,G2,155.0,0.86,0.0155791138477996,100
4,M3ABL_R04,0.9833333333333332,G2,160.0,0.88,0.0155791138477996,100
4,M3ABL_R04,0.9833333333333332,G2,165.0,0.87,0.0155791138477996,100
4,M3ABL_R04,0.9833333333333332,G2,170.0,0.89,0.0155791138477996,100
4,M3ABL_R04,0.9833333333333332,G2,175.0,0.88,0.0155791138477996,100
4,M3ABL_R04,0.9833333333333332,G2,180.0,0.87,0.0155791138477996,100
4,M3ABL_R04,0.9833333333333332,G2,185.0,0.87,0.0155791138477996,100
4,M3ABL_R04,0.9833333333333332,G2,190.0,0.85,0.0155791138477996,100
4,M3ABL_R04,0.9833333333333332,G2,195.0,0.89,0.0155791138477996,100
4,M3ABL_R04,0.9833333333333332,G2,200.0,0.87,0.0155791138477996,100
4,M3ABL_R04,0.9833333333333332,G2,205.0,0.86,0.0155791138477996,100
4,M3ABL_R04,0.9833333333333332,G2,210.0,0.85,0.0155791138477996,100
4,M3ABL_R04,0.9833333333333332,G2,215.0,0.84,0.0155791138477996,100
4,M3ABL_R04,0.9833333333333332,G2,220.0,0.89,0.0155791138477996,100
4,M3ABL_R04,0.9833333333333332,G2,225.0,0.88,0.0155791138477996,100
4,M3ABL_R04,0.9833333333333332,G2,230.0,0.87,0.0155791138477996,100
4,M3ABL_R04,0.9833333333333332,G2,235.0,0.87,0.0155791138477996,100
4,M3ABL_R04,0.9833333333333332,G2,240.0,0.86,0.0155791138477996,100
4,M3ABL_R04,0.99,G0,60.0,0.99,0.0155791138477996,100
4,M3ABL_R04,0.99,G0,65.0,0.99,0.0155791138477996,100
4,M3ABL_R04,0.99,G0,70.0,0.97,0.0155791138477996,100
4,M3ABL_R04,0.99,G0,75.0,0.97,0.0155791138477996,100
4,M3ABL_R04,0.99,G0,80.0,0.97,0.0155791138477996,100
4,M3ABL_R04,0.99,G0,85.0,0.99,0.0155791138477996,100
4,M3ABL_R04,0.99,G0,90.0,0.99,0.0155791138477996,100
4,M3ABL_R04,0.99,G0,95.0,0.99,0.0155791138477996,100
4,M3ABL_R04,0.99,G0,100.0,0.98,0.0155791138477996,100
4,M3ABL_R04,0.99,G0,105.0,0.99,0.0155791138477996,100
4,M3ABL_R04,0.99,G0,110.0,0.99,0.0155791138477996,100
4,M3ABL_R04,0.99,G0,115.0,0.99,0.0155791138477996,100
4,M3ABL_R04,0.99,G0,120.0,0.99,0.0155791138477996,100
4,M3ABL_R04,0.99,G0,125.0,0.99,0.0155791138477996,100
4,M3ABL_R04,0.99,G0,130.0,0.99,0.0155791138477996,100
4,M3ABL_R04,0.99,G0,135.0,0.99,0.0155791138477996,100
4,M3ABL_R04,0.99,G0,140.0,0.99,0.0155791138477996,100
4,M3ABL_R04,0.99,G0,145.0,0.99,0.0155791138477996,100
4,M3ABL_R04,0.99,G0,150.0,0.99,0.0155791138477996,100
4,M3ABL_R04,0.99,G0,155.0,0.99,0.0155791138477996,100
4,M3ABL_R04,0.99,G0,160.0,0.99,0.0155791138477996,100
4,M3ABL_R04,0.99,G0,165.0,0.99,0.0155791138477996,100
4,M3ABL_R04,0.99,G0,170.0,0.99,0.0155791138477996,100
4,M3ABL_R04,0.99,G0,175.0,0.99,0.0155791138477996,100
4,M3ABL_R04,0.99,G0,180.0,0.99,0.0155791138477996,100
4,M3ABL_R04,0.99,G0,185.0,0.99,0.0155791138477996,100
4,M3ABL_R04,0.99,G0,190.0,0.99,0.0155791138477996,100
4,M3ABL_R04,0.99,G0,195.0,0.99,0.0155791138477996,100
4,M3ABL_R04,0.99,G0,200.0,0.99,0.0155791138477996,100
4,M3ABL_R04,0.99,G0,205.0,0.99,0.0155791138477996,100
4,M3ABL_R04,0.99,G0,210.0,0.99,0.0155791138477996,100
4,M3ABL_R04,0.99,G0,215.0,0.99,0.0155791138477996,100
4,M3ABL_R04,0.99,G0,220.0,0.99,0.0155791138477996,100
4,M3ABL_R04,0.99,G0,225.0,0.99,0.0155791138477996,100
4,M3ABL_R04,0.99,G0,230.0,0.99,0.0155791138477996,100
4,M3ABL_R04,0.99,G0,235.0,0.99,0.0155791138477996,100
4,M3ABL_R04,0.99,G0,240.0,0.99,0.0155791138477996,100
4,M3ABL_R04,0.99,G1,60.0,0.89,0.0155791138477996,100
4,M3ABL_R04,0.99,G1,65.0,0.95,0.0155791138477996,100
4,M3ABL_R04,0.99,G1,70.0,0.92,0.0155791138477996,100
4,M3ABL_R04,0.99,G1,75.0,0.92,0.0155791138477996,100
4,M3ABL_R04,0.99,G1,80.0,0.92,0.0155791138477996,100
4,M3ABL_R04,0.99,G1,85.0,0.93,0.0155791138477996,100
4,M3ABL_R04,0.99,G1,90.0,0.93,0.0155791138477996,100
4,M3ABL_R04,0.99,G1,95.0,0.93,0.0155791138477996,100
4,M3ABL_R04,0.99,G1,100.0,0.92,0.0155791138477996,100
4,M3ABL_R04,0.99,G1,105.0,0.95,0.0155791138477996,100
4,M3ABL_R04,0.99,G1,110.0,0.94,0.0155791138477996,100
4,M3ABL_R04,0.99,G1,115.0,0.93,0.0155791138477996,100
4,M3ABL_R04,0.99,G1,120.0,0.93,0.0155791138477996,100
4,M3ABL_R04,0.99,G1,125.0,0.94,0.0155791138477996,100
4,M3ABL_R04,0.99,G1,130.0,0.94,0.0155791138477996,100
4,M3ABL_R04,0.99,G1,135.0,0.94,0.0155791138477996,100
4,M3ABL_R04,0.99,G1,140.0,0.94,0.0155791138477996,100
4,M3ABL_R04,0.99,G1,145.0,0.95,0.0155791138477996,100
4,M3ABL_R04,0.99,G1,150.0,0.95,0.0155791138477996,100
4,M3ABL_R04,0.99,G1,155.0,0.95,0.0155791138477996,100
4,M3ABL_R04,0.99,G1,160.0,0.95,0.0155791138477996,100
4,M3ABL_R04,0.99,G1,165.0,0.97,0.0155791138477996,100
4,M3ABL_R04,0.99,G1,170.0,0.97,0.0155791138477996,100
4,M3ABL_R04,0.99,G1,175.0,0.97,0.0155791138477996,100
4,M3ABL_R04,0.99,G1,180.0,0.97,0.0155791138477996,100
4,M3ABL_R04,0.99,G1,185.0,0.97,0.0155791138477996,100
4,M3ABL_R04,0.99,G1,190.0,0.97,0.0155791138477996,100
4,M3ABL_R04,0.99,G1,195.0,0.97,0.0155791138477996,100
4,M3ABL_R04,0.99,G1,200.0,0.97,0.0155791138477996,100
4,M3ABL_R04,0.99,G1,205.0,0.98,0.0155791138477996,100
4,M3ABL_R04,0.99,G1,210.0,0.98,0.0155791138477996,100
4,M3ABL_R04,0.99,G1,215.0,0.98,0.0155791138477996,100
4,M3ABL_R04,0.99,G1,220.0,0.97,0.0155791138477996,100
4,M3ABL_R04,0.99,G1,225.0,0.97,0.0155791138477996,100
4,M3ABL_R04,0.99,G1,230.0,0.96,0.0155791138477996,100
4,M3ABL_R04,0.99,G1,235.0,0.96,0.0155791138477996,100
4,M3ABL_R04,0.99,G1,240.0,0.96,0.0155791138477996,100
4,M3ABL_R04,0.99,G2,60.0,0.69,0.0155791138477996,100
4,M3ABL_R04,0.99,G2,65.0,0.74,0.0155791138477996,100
4,M3ABL_R04,0.99,G2,70.0,0.71,0.0155791138477996,100
4,M3ABL_R04,0.99,G2,75.0,0.69,0.0155791138477996,100
4,M3ABL_R04,0.99,G2,80.0,0.68,0.0155791138477996,100
4,M3ABL_R04,0.99,G2,85.0,0.72,0.0155791138477996,100
4,M3ABL_R04,0.99,G2,90.0,0.72,0.0155791138477996,100
4,M3ABL_R04,0.99,G2,95.0,0.7,0.0155791138477996,100
4,M3ABL_R04,0.99,G2,100.0,0.67,0.0155791138477996,100
4,M3ABL_R04,0.99,G2,105.0,0.78,0.0155791138477996,100
4,M3ABL_R04,0.99,G2,110.0,0.77,0.0155791138477996,100
4,M3ABL_R04,0.99,G2,115.0,0.76,0.0155791138477996,100
4,M3ABL_R04,0.99,G2,120.0,0.74,0.0155791138477996,100
4,M3ABL_R04,0.99,G2,125.0,0.79,0.0155791138477996,100
4,M3ABL_R04,0.99,G2,130.0,0.79,0.0155791138477996,100
4,M3ABL_R04,0.99,G2,135.0,0.78,0.0155791138477996,100
4,M3ABL_R04,0.99,G2,140.0,0.77,0.0155791138477996,100
4,M3ABL_R04,0.99,G2,145.0,0.8,0.0155791138477996,100
4,M3ABL_R04,0.99,G2,150.0,0.8,0.0155791138477996,100
4,M3ABL_R04,0.99,G2,155.0,0.8,0.0155791138477996,100
4,M3ABL_R04,0.99,G2,160.0,0.79,0.0155791138477996,100
4,M3ABL_R04,0.99,G2,165.0,0.8,0.0155791138477996,100
4,M3ABL_R04,0.99,G2,170.0,0.8,0.0155791138477996,100
4,M3ABL_R04,0.99,G2,175.0,0.8,0.0155791138477996,100
4,M3ABL_R04,0.99,G2,180.0,0.79,0.0155791138477996,100
4,M3ABL_R04,0.99,G2,185.0,0.79,0.0155791138477996,100
4,M3ABL_R04,0.99,G2,190.0,0.78,0.0155791138477996,100
4,M3ABL_R04,0.99,G2,195.0,0.77,0.0155791138477996,100
4,M3ABL_R04,0.99,G2,200.0,0.75,0.0155791138477996,100
4,M3ABL_R04,0.99,G2,205.0,0.78,0.0155791138477996,100
4,M3ABL_R04,0.99,G2,210.0,0.77,0.0155791138477996,100
4,M3ABL_R04,0.99,G2,215.0,0.75,0.0155791138477996,100
4,M3ABL_R04,0.99,G2,220.0,0.73,0.0155791138477996,100
4,M3ABL_R04,0.99,G2,225.0,0.8,0.0155791138477996,100
4,M3ABL_R04,0.99,G2,230.0,0.76,0.0155791138477996,100
4,M3ABL_R04,0.99,G2,235.0,0.76,0.0155791138477996,100
4,M3ABL_R04,0.99,G2,240.0,0.76,0.0155791138477996,100
4,M3ABL_R04,0.995,G0,60.0,0.99,0.0155791138477996,100
4,M3ABL_R04,0.995,G0,65.0,0.99,0.0155791138477996,100
4,M3ABL_R04,0.995,G0,70.0,0.98,0.0155791138477996,100
4,M3ABL_R04,0.995,G0,75.0,0.98,0.0155791138477996,100
4,M3ABL_R04,0.995,G0,80.0,0.98,0.0155791138477996,100
4,M3ABL_R04,0.995,G0,85.0,0.99,0.0155791138477996,100
4,M3ABL_R04,0.995,G0,90.0,0.99,0.0155791138477996,100
4,M3ABL_R04,0.995,G0,95.0,0.99,0.0155791138477996,100
4,M3ABL_R04,0.995,G0,100.0,0.98,0.0155791138477996,100
4,M3ABL_R04,0.995,G0,105.0,0.98,0.0155791138477996,100
4,M3ABL_R04,0.995,G0,110.0,0.98,0.0155791138477996,100
4,M3ABL_R04,0.995,G0,115.0,0.98,0.0155791138477996,100
4,M3ABL_R04,0.995,G0,120.0,0.98,0.0155791138477996,100
4,M3ABL_R04,0.995,G0,125.0,0.99,0.0155791138477996,100
4,M3ABL_R04,0.995,G0,130.0,0.99,0.0155791138477996,100
4,M3ABL_R04,0.995,G0,135.0,0.99,0.0155791138477996,100
4,M3ABL_R04,0.995,G0,140.0,0.99,0.0155791138477996,100
4,M3ABL_R04,0.995,G0,145.0,0.99,0.0155791138477996,100
4,M3ABL_R04,0.995,G0,150.0,0.99,0.0155791138477996,100
4,M3ABL_R04,0.995,G0,155.0,0.99,0.0155791138477996,100
4,M3ABL_R04,0.995,G0,160.0,0.99,0.0155791138477996,100
4,M3ABL_R04,0.995,G0,165.0,0.99,0.0155791138477996,100
4,M3ABL_R04,0.995,G0,170.0,0.99,0.0155791138477996,100
4,M3ABL_R04,0.995,G0,175.0,0.99,0.0155791138477996,100
4,M3ABL_R04,0.995,G0,180.0,0.99,0.0155791138477996,100
4,M3ABL_R04,0.995,G0,185.0,0.99,0.0155791138477996,100
4,M3ABL_R04,0.995,G0,190.0,0.99,0.0155791138477996,100
4,M3ABL_R04,0.995,G0,195.0,0.99,0.0155791138477996,100
4,M3ABL_R04,0.995,G0,200.0,0.99,0.0155791138477996,100
4,M3ABL_R04,0.995,G0,205.0,0.99,0.0155791138477996,100
4,M3ABL_R04,0.995,G0,210.0,0.99,0.0155791138477996,100
4,M3ABL_R04,0.995,G0,215.0,0.99,0.0155791138477996,100
4,M3ABL_R04,0.995,G0,220.0,0.99,0.0155791138477996,100
4,M3ABL_R04,0.995,G0,225.0,0.99,0.0155791138477996,100
4,M3ABL_R04,0.995,G0,230.0,0.99,0.0155791138477996,100
4,M3ABL_R04,0.995,G0,235.0,0.99,0.0155791138477996,100
4,M3ABL_R04,0.995,G0,240.0,0.99,0.0155791138477996,100
4,M3ABL_R04,0.995,G1,60.0,0.91,0.0155791138477996,100
4,M3ABL_R04,0.995,G1,65.0,0.91,0.0155791138477996,100
4,M3ABL_R04,0.995,G1,70.0,0.87,0.0155791138477996,100
4,M3ABL_R04,0.995,G1,75.0,0.87,0.0155791138477996,100
4,M3ABL_R04,0.995,G1,80.0,0.87,0.0155791138477996,100
4,M3ABL_R04,0.995,G1,85.0,0.91,0.0155791138477996,100
4,M3ABL_R04,0.995,G1,90.0,0.9,0.0155791138477996,100
4,M3ABL_R04,0.995,G1,95.0,0.9,0.0155791138477996,100
4,M3ABL_R04,0.995,G1,100.0,0.89,0.0155791138477996,100
4,M3ABL_R04,0.995,G1,105.0,0.89,0.0155791138477996,100
4,M3ABL_R04,0.995,G1,110.0,0.88,0.0155791138477996,100
4,M3ABL_R04,0.995,G1,115.0,0.87,0.0155791138477996,100
4,M3ABL_R04,0.995,G1,120.0,0.87,0.0155791138477996,100
4,M3ABL_R04,0.995,G1,125.0,0.9,0.0155791138477996,100
4,M3ABL_R04,0.995,G1,130.0,0.9,0.0155791138477996,100
4,M3ABL_R04,0.995,G1,135.0,0.9,0.0155791138477996,100
4,M3ABL_R04,0.995,G1,140.0,0.9,0.0155791138477996,100
4,M3ABL_R04,0.995,G1,145.0,0.9,0.0155791138477996,100
4,M3ABL_R04,0.995,G1,150.0,0.9,0.0155791138477996,100
4,M3ABL_R04,0.995,G1,155.0,0.9,0.0155791138477996,100
4,M3ABL_R04,0.995,G1,160.0,0.89,0.0155791138477996,100
4,M3ABL_R04,0.995,G1,165.0,0.93,0.0155791138477996,100
4,M3ABL_R04,0.995,G1,170.0,0.93,0.0155791138477996,100
4,M3ABL_R04,0.995,G1,175.0,0.93,0.0155791138477996,100
4,M3ABL_R04,0.995,G1,180.0,0.93,0.0155791138477996,100
4,M3ABL_R04,0.995,G1,185.0,0.93,0.0155791138477996,100
4,M3ABL_R04,0.995,G1,190.0,0.91,0.0155791138477996,100
4,M3ABL_R04,0.995,G1,195.0,0.91,0.0155791138477996,100
4,M3ABL_R04,0.995,G1,200.0,0.9,0.0155791138477996,100
4,M3ABL_R04,0.995,G1,205.0,0.95,0.0155791138477996,100
4,M3ABL_R04,0.995,G1,210.0,0.95,0.0155791138477996,100
4,M3ABL_R04,0.995,G1,215.0,0.95,0.0155791138477996,100
4,M3ABL_R04,0.995,G1,220.0,0.95,0.0155791138477996,100
4,M3ABL_R04,0.995,G1,225.0,0.95,0.0155791138477996,100
4,M3ABL_R04,0.995,G1,230.0,0.95,0.0155791138477996,100
4,M3ABL_R04,0.995,G1,235.0,0.95,0.0155791138477996,100
4,M3ABL_R04,0.995,G1,240.0,0.95,0.0155791138477996,100
4,M3ABL_R04,0.995,G2,60.0,0.69,0.0155791138477996,100
4,M3ABL_R04,0.995,G2,65.0,0.69,0.0155791138477996,100
4,M3ABL_R04,0.995,G2,70.0,0.66,0.0155791138477996,100
4,M3ABL_R04,0.995,G2,75.0,0.64,0.0155791138477996,100
4,M3ABL_R04,0.995,G2,80.0,0.64,0.0155791138477996,100
4,M3ABL_R04,0.995,G2,85.0,0.68,0.0155791138477996,100
4,M3ABL_R04,0.995,G2,90.0,0.68,0.0155791138477996,100
4,M3ABL_R04,0.995,G2,95.0,0.67,0.0155791138477996,100
4,M3ABL_R04,0.995,G2,100.0,0.64,0.0155791138477996,100
4,M3ABL_R04,0.995,G2,105.0,0.62,0.0155791138477996,100
4,M3ABL_R04,0.995,G2,110.0,0.6,0.0155791138477996,100
4,M3ABL_R04,0.995,G2,115.0,0.6,0.0155791138477996,100
4,M3ABL_R04,0.995,G2,120.0,0.6,0.0155791138477996,100
4,M3ABL_R04,0.995,G2,125.0,0.66,0.0155791138477996,100
4,M3ABL_R04,0.995,G2,130.0,0.66,0.0155791138477996,100
4,M3ABL_R04,0.995,G2,135.0,0.65,0.0155791138477996,100
4,M3ABL_R04,0.995,G2,140.0,0.65,0.0155791138477996,100
4,M3ABL_R04,0.995,G2,145.0,0.63,0.0155791138477996,100
4,M3ABL_R04,0.995,G2,150.0,0.62,0.0155791138477996,100
4,M3ABL_R04,0.995,G2,155.0,0.58,0.0155791138477996,100
4,M3ABL_R04,0.995,G2,160.0,0.58,0.0155791138477996,100
4,M3ABL_R04,0.995,G2,165.0,0.68,0.0155791138477996,100
4,M3ABL_R04,0.995,G2,170.0,0.67,0.0155791138477996,100
4,M3ABL_R04,0.995,G2,175.0,0.67,0.0155791138477996,100
4,M3ABL_R04,0.995,G2,180.0,0.66,0.0155791138477996,100
4,M3ABL_R04,0.995,G2,185.0,0.64,0.0155791138477996,100
4,M3ABL_R04,0.995,G2,190.0,0.63,0.0155791138477996,100
4,M3ABL_R04,0.995,G2,195.0,0.63,0.0155791138477996,100
4,M3ABL_R04,0.995,G2,200.0,0.61,0.0155791138477996,100
4,M3ABL_R04,0.995,G2,205.0,0.67,0.0155791138477996,100
4,M3ABL_R04,0.995,G2,210.0,0.66,0.0155791138477996,100
4,M3ABL_R04,0.995,G2,215.0,0.66,0.0155791138477996,100
4,M3ABL_R04,0.995,G2,220.0,0.65,0.0155791138477996,100
4,M3ABL_R04,0.995,G2,225.0,0.64,0.0155791138477996,100
4,M3ABL_R04,0.995,G2,230.0,0.63,0.0155791138477996,100
4,M3ABL_R04,0.995,G2,235.0,0.63,0.0155791138477996,100
4,M3ABL_R04,0.995,G2,240.0,0.61,0.0155791138477996,100
5,M3ABL_R05,0.95,G0,60.0,1.0,0.0107432460070002,100
5,M3ABL_R05,0.95,G0,65.0,1.0,0.0107432460070002,100
5,M3ABL_R05,0.95,G0,70.0,1.0,0.0107432460070002,100
5,M3ABL_R05,0.95,G0,75.0,1.0,0.0107432460070002,100
5,M3ABL_R05,0.95,G0,80.0,1.0,0.0107432460070002,100
5,M3ABL_R05,0.95,G0,85.0,1.0,0.0107432460070002,100
5,M3ABL_R05,0.95,G0,90.0,1.0,0.0107432460070002,100
5,M3ABL_R05,0.95,G0,95.0,1.0,0.0107432460070002,100
5,M3ABL_R05,0.95,G0,100.0,1.0,0.0107432460070002,100
5,M3ABL_R05,0.95,G0,105.0,1.0,0.0107432460070002,100
5,M3ABL_R05,0.95,G0,110.0,1.0,0.0107432460070002,100
5,M3ABL_R05,0.95,G0,115.0,1.0,0.0107432460070002,100
5,M3ABL_R05,0.95,G0,120.0,1.0,0.0107432460070002,100
5,M3ABL_R05,0.95,G0,125.0,1.0,0.0107432460070002,100
5,M3ABL_R05,0.95,G0,130.0,1.0,0.0107432460070002,100
5,M3ABL_R05,0.95,G0,135.0,1.0,0.0107432460070002,100
5,M3ABL_R05,0.95,G0,140.0,1.0,0.0107432460070002,100
5,M3ABL_R05,0.95,G0,145.0,1.0,0.0107432460070002,100
5,M3ABL_R05,0.95,G0,150.0,1.0,0.0107432460070002,100
5,M3ABL_R05,0.95,G0,155.0,1.0,0.0107432460070002,100
5,M3ABL_R05,0.95,G0,160.0,1.0,0.0107432460070002,100
5,M3ABL_R05,0.95,G0,165.0,1.0,0.0107432460070002,100
5,M3ABL_R05,0.95,G0,170.0,1.0,0.0107432460070002,100
5,M3ABL_R05,0.95,G0,175.0,1.0,0.0107432460070002,100
5,M3ABL_R05,0.95,G0,180.0,1.0,0.0107432460070002,100
5,M3ABL_R05,0.95,G0,185.0,1.0,0.0107432460070002,100
5,M3ABL_R05,0.95,G0,190.0,1.0,0.0107432460070002,100
5,M3ABL_R05,0.95,G0,195.0,1.0,0.0107432460070002,100
5,M3ABL_R05,0.95,G0,200.0,1.0,0.0107432460070002,100
5,M3ABL_R05,0.95,G0,205.0,1.0,0.0107432460070002,100
5,M3ABL_R05,0.95,G0,210.0,1.0,0.0107432460070002,100
5,M3ABL_R05,0.95,G0,215.0,1.0,0.0107432460070002,100
5,M3ABL_R05,0.95,G0,220.0,1.0,0.0107432460070002,100
5,M3ABL_R05,0.95,G0,225.0,1.0,0.0107432460070002,100
5,M3ABL_R05,0.95,G0,230.0,1.0,0.0107432460070002,100
5,M3ABL_R05,0.95,G0,235.0,1.0,0.0107432460070002,100
5,M3ABL_R05,0.95,G0,240.0,1.0,0.0107432460070002,100
5,M3ABL_R05,0.95,G1,60.0,0.97,0.0107432460070002,100
5,M3ABL_R05,0.95,G1,65.0,0.99,0.0107432460070002,100
5,M3ABL_R05,0.95,G1,70.0,0.99,0.0107432460070002,100
5,M3ABL_R05,0.95,G1,75.0,0.99,0.0107432460070002,100
5,M3ABL_R05,0.95,G1,80.0,0.99,0.0107432460070002,100
5,M3ABL_R05,0.95,G1,85.0,0.99,0.0107432460070002,100
5,M3ABL_R05,0.95,G1,90.0,1.0,0.0107432460070002,100
5,M3ABL_R05,0.95,G1,95.0,1.0,0.0107432460070002,100
5,M3ABL_R05,0.95,G1,100.0,1.0,0.0107432460070002,100
5,M3ABL_R05,0.95,G1,105.0,0.99,0.0107432460070002,100
5,M3ABL_R05,0.95,G1,110.0,0.99,0.0107432460070002,100
5,M3ABL_R05,0.95,G1,115.0,0.99,0.0107432460070002,100
5,M3ABL_R05,0.95,G1,120.0,0.99,0.0107432460070002,100
5,M3ABL_R05,0.95,G1,125.0,0.99,0.0107432460070002,100
5,M3ABL_R05,0.95,G1,130.0,0.99,0.0107432460070002,100
5,M3ABL_R05,0.95,G1,135.0,1.0,0.0107432460070002,100
5,M3ABL_R05,0.95,G1,140.0,1.0,0.0107432460070002,100
5,M3ABL_R05,0.95,G1,145.0,1.0,0.0107432460070002,100
5,M3ABL_R05,0.95,G1,150.0,1.0,0.0107432460070002,100
5,M3ABL_R05,0.95,G1,155.0,1.0,0.0107432460070002,100
5,M3ABL_R05,0.95,G1,160.0,1.0,0.0107432460070002,100
5,M3ABL_R05,0.95,G1,165.0,1.0,0.0107432460070002,100
5,M3ABL_R05,0.95,G1,170.0,1.0,0.0107432460070002,100
5,M3ABL_R05,0.95,G1,175.0,1.0,0.0107432460070002,100
5,M3ABL_R05,0.95,G1,180.0,1.0,0.0107432460070002,100
5,M3ABL_R05,0.95,G1,185.0,1.0,0.0107432460070002,100
5,M3ABL_R05,0.95,G1,190.0,1.0,0.0107432460070002,100
5,M3ABL_R05,0.95,G1,195.0,1.0,0.0107432460070002,100
5,M3ABL_R05,0.95,G1,200.0,1.0,0.0107432460070002,100
5,M3ABL_R05,0.95,G1,205.0,1.0,0.0107432460070002,100
5,M3ABL_R05,0.95,G1,210.0,1.0,0.0107432460070002,100
5,M3ABL_R05,0.95,G1,215.0,1.0,0.0107432460070002,100
5,M3ABL_R05,0.95,G1,220.0,1.0,0.0107432460070002,100
5,M3ABL_R05,0.95,G1,225.0,1.0,0.0107432460070002,100
5,M3ABL_R05,0.95,G1,230.0,1.0,0.0107432460070002,100
5,M3ABL_R05,0.95,G1,235.0,1.0,0.0107432460070002,100
5,M3ABL_R05,0.95,G1,240.0,1.0,0.0107432460070002,100
5,M3ABL_R05,0.95,G2,60.0,0.87,0.0107432460070002,100
5,M3ABL_R05,0.95,G2,65.0,0.91,0.0107432460070002,100
5,M3ABL_R05,0.95,G2,70.0,0.87,0.0107432460070002,100
5,M3ABL_R05,0.95,G2,75.0,0.9,0.0107432460070002,100
5,M3ABL_R05,0.95,G2,80.0,0.9,0.0107432460070002,100
5,M3ABL_R05,0.95,G2,85.0,0.92,0.0107432460070002,100
5,M3ABL_R05,0.95,G2,90.0,0.93,0.0107432460070002,100
5,M3ABL_R05,0.95,G2,95.0,0.94,0.0107432460070002,100
5,M3ABL_R05,0.95,G2,100.0,0.93,0.0107432460070002,100
5,M3ABL_R05,0.95,G2,105.0,0.93,0.0107432460070002,100
5,M3ABL_R05,0.95,G2,110.0,0.94,0.0107432460070002,100
5,M3ABL_R05,0.95,G2,115.0,0.93,0.0107432460070002,100
5,M3ABL_R05,0.95,G2,120.0,0.92,0.0107432460070002,100
5,M3ABL_R05,0.95,G2,125.0,0.96,0.0107432460070002,100
5,M3ABL_R05,0.95,G2,130.0,0.95,0.0107432460070002,100
5,M3ABL_R05,0.95,G2,135.0,0.97,0.0107432460070002,100
5,M3ABL_R05,0.95,G2,140.0,0.97,0.0107432460070002,100
5,M3ABL_R05,0.95,G2,145.0,0.98,0.0107432460070002,100
5,M3ABL_R05,0.95,G2,150.0,0.98,0.0107432460070002,100
5,M3ABL_R05,0.95,G2,155.0,0.97,0.0107432460070002,100
5,M3ABL_R05,0.95,G2,160.0,0.97,0.0107432460070002,100
5,M3ABL_R05,0.95,G2,165.0,0.97,0.0107432460070002,100
5,M3ABL_R05,0.95,G2,170.0,0.97,0.0107432460070002,100
5,M3ABL_R05,0.95,G2,175.0,0.97,0.0107432460070002,100
5,M3ABL_R05,0.95,G2,180.0,0.98,0.0107432460070002,100
5,M3ABL_R05,0.95,G2,185.0,0.98,0.0107432460070002,100
5,M3ABL_R05,0.95,G2,190.0,0.98,0.0107432460070002,100
5,M3ABL_R05,0.95,G2,195.0,0.97,0.0107432460070002,100
5,M3ABL_R05,0.95,G2,200.0,0.98,0.0107432460070002,100
5,M3ABL_R05,0.95,G2,205.0,0.99,0.0107432460070002,100
5,M3ABL_R05,0.95,G2,210.0,0.99,0.0107432460070002,100
5,M3ABL_R05,0.95,G2,215.0,0.98,0.0107432460070002,100
5,M3ABL_R05,0.95,G2,220.0,0.99,0.0107432460070002,100
5,M3ABL_R05,0.95,G2,225.0,0.99,0.0107432460070002,100
5,M3ABL_R05,0.95,G2,230.0,1.0,0.0107432460070002,100
5,M3ABL_R05,0.95,G2,235.0,1.0,0.0107432460070002,100
5,M3ABL_R05,0.95,G2,240.0,1.0,0.0107432460070002,100
5,M3ABL_R05,0.975,G0,60.0,1.0,0.0107432460070002,100
5,M3ABL_R05,0.975,G0,65.0,1.0,0.0107432460070002,100
5,M3ABL_R05,0.975,G0,70.0,0.99,0.0107432460070002,100
5,M3ABL_R05,0.975,G0,75.0,0.99,0.0107432460070002,100
5,M3ABL_R05,0.975,G0,80.0,0.99,0.0107432460070002,100
5,M3ABL_R05,0.975,G0,85.0,0.99,0.0107432460070002,100
5,M3ABL_R05,0.975,G0,90.0,0.99,0.0107432460070002,100
5,M3ABL_R05,0.975,G0,95.0,0.99,0.0107432460070002,100
5,M3ABL_R05,0.975,G0,100.0,0.99,0.0107432460070002,100
5,M3ABL_R05,0.975,G0,105.0,0.98,0.0107432460070002,100
5,M3ABL_R05,0.975,G0,110.0,0.98,0.0107432460070002,100
5,M3ABL_R05,0.975,G0,115.0,0.99,0.0107432460070002,100
5,M3ABL_R05,0.975,G0,120.0,0.99,0.0107432460070002,100
5,M3ABL_R05,0.975,G0,125.0,0.99,0.0107432460070002,100
5,M3ABL_R05,0.975,G0,130.0,0.99,0.0107432460070002,100
5,M3ABL_R05,0.975,G0,135.0,0.99,0.0107432460070002,100
5,M3ABL_R05,0.975,G0,140.0,1.0,0.0107432460070002,100
5,M3ABL_R05,0.975,G0,145.0,1.0,0.0107432460070002,100
5,M3ABL_R05,0.975,G0,150.0,1.0,0.0107432460070002,100
5,M3ABL_R05,0.975,G0,155.0,1.0,0.0107432460070002,100
5,M3ABL_R05,0.975,G0,160.0,1.0,0.0107432460070002,100
5,M3ABL_R05,0.975,G0,165.0,1.0,0.0107432460070002,100
5,M3ABL_R05,0.975,G0,170.0,1.0,0.0107432460070002,100
5,M3ABL_R05,0.975,G0,175.0,1.0,0.0107432460070002,100
5,M3ABL_R05,0.975,G0,180.0,1.0,0.0107432460070002,100
5,M3ABL_R05,0.975,G0,185.0,1.0,0.0107432460070002,100
5,M3ABL_R05,0.975,G0,190.0,1.0,0.0107432460070002,100
5,M3ABL_R05,0.975,G0,195.0,1.0,0.0107432460070002,100
5,M3ABL_R05,0.975,G0,200.0,1.0,0.0107432460070002,100
5,M3ABL_R05,0.975,G0,205.0,1.0,0.0107432460070002,100
5,M3ABL_R05,0.975,G0,210.0,1.0,0.0107432460070002,100
5,M3ABL_R05,0.975,G0,215.0,1.0,0.0107432460070002,100
5,M3ABL_R05,0.975,G0,220.0,1.0,0.0107432460070002,100
5,M3ABL_R05,0.975,G0,225.0,1.0,0.0107432460070002,100
5,M3ABL_R05,0.975,G0,230.0,1.0,0.0107432460070002,100
5,M3ABL_R05,0.975,G0,235.0,1.0,0.0107432460070002,100
5,M3ABL_R05,0.975,G0,240.0,1.0,0.0107432460070002,100
5,M3ABL_R05,0.975,G1,60.0,0.97,0.0107432460070002,100
5,M3ABL_R05,0.975,G1,65.0,0.97,0.0107432460070002,100
5,M3ABL_R05,0.975,G1,70.0,0.94,0.0107432460070002,100
5,M3ABL_R05,0.975,G1,75.0,0.94,0.0107432460070002,100
5,M3ABL_R05,0.975,G1,80.0,0.94,0.0107432460070002,100
5,M3ABL_R05,0.975,G1,85.0,0.94,0.0107432460070002,100
5,M3ABL_R05,0.975,G1,90.0,0.96,0.0107432460070002,100
5,M3ABL_R05,0.975,G1,95.0,0.96,0.0107432460070002,100
5,M3ABL_R05,0.975,G1,100.0,0.96,0.0107432460070002,100
5,M3ABL_R05,0.975,G1,105.0,0.97,0.0107432460070002,100
5,M3ABL_R05,0.975,G1,110.0,0.97,0.0107432460070002,100
5,M3ABL_R05,0.975,G1,115.0,0.97,0.0107432460070002,100
5,M3ABL_R05,0.975,G1,120.0,0.97,0.0107432460070002,100
5,M3ABL_R05,0.975,G1,125.0,0.99,0.0107432460070002,100
5,M3ABL_R05,0.975,G1,130.0,0.99,0.0107432460070002,100
5,M3ABL_R05,0.975,G1,135.0,0.97,0.0107432460070002,100
5,M3ABL_R05,0.975,G1,140.0,0.99,0.0107432460070002,100
5,M3ABL_R05,0.975,G1,145.0,0.99,0.0107432460070002,100
5,M3ABL_R05,0.975,G1,150.0,0.99,0.0107432460070002,100
5,M3ABL_R05,0.975,G1,155.0,0.99,0.0107432460070002,100
5,M3ABL_R05,0.975,G1,160.0,0.99,0.0107432460070002,100
5,M3ABL_R05,0.975,G1,165.0,0.99,0.0107432460070002,100
5,M3ABL_R05,0.975,G1,170.0,0.99,0.0107432460070002,100
5,M3ABL_R05,0.975,G1,175.0,0.99,0.0107432460070002,100
5,M3ABL_R05,0.975,G1,180.0,0.99,0.0107432460070002,100
5,M3ABL_R05,0.975,G1,185.0,0.99,0.0107432460070002,100
5,M3ABL_R05,0.975,G1,190.0,0.99,0.0107432460070002,100
5,M3ABL_R05,0.975,G1,195.0,0.99,0.0107432460070002,100
5,M3ABL_R05,0.975,G1,200.0,0.99,0.0107432460070002,100
5,M3ABL_R05,0.975,G1,205.0,1.0,0.0107432460070002,100
5,M3ABL_R05,0.975,G1,210.0,1.0,0.0107432460070002,100
5,M3ABL_R05,0.975,G1,215.0,1.0,0.0107432460070002,100
5,M3ABL_R05,0.975,G1,220.0,1.0,0.0107432460070002,100
5,M3ABL_R05,0.975,G1,225.0,1.0,0.0107432460070002,100
5,M3ABL_R05,0.975,G1,230.0,1.0,0.0107432460070002,100
5,M3ABL_R05,0.975,G1,235.0,1.0,0.0107432460070002,100
5,M3ABL_R05,0.975,G1,240.0,1.0,0.0107432460070002,100
5,M3ABL_R05,0.975,G2,60.0,0.84,0.0107432460070002,100
5,M3ABL_R05,0.975,G2,65.0,0.88,0.0107432460070002,100
5,M3ABL_R05,0.975,G2,70.0,0.85,0.0107432460070002,100
5,M3ABL_R05,0.975,G2,75.0,0.84,0.0107432460070002,100
5,M3ABL_R05,0.975,G2,80.0,0.84,0.0107432460070002,100
5,M3ABL_R05,0.975,G2,85.0,0.86,0.0107432460070002,100
5,M3ABL_R05,0.975,G2,90.0,0.88,0.0107432460070002,100
5,M3ABL_R05,0.975,G2,95.0,0.87,0.0107432460070002,100
5,M3ABL_R05,0.975,G2,100.0,0.87,0.0107432460070002,100
5,M3ABL_R05,0.975,G2,105.0,0.88,0.0107432460070002,100
5,M3ABL_R05,0.975,G2,110.0,0.87,0.0107432460070002,100
5,M3ABL_R05,0.975,G2,115.0,0.89,0.0107432460070002,100
5,M3ABL_R05,0.975,G2,120.0,0.88,0.0107432460070002,100
5,M3ABL_R05,0.975,G2,125.0,0.88,0.0107432460070002,100
5,M3ABL_R05,0.975,G2,130.0,0.88,0.0107432460070002,100
5,M3ABL_R05,0.975,G2,135.0,0.88,0.0107432460070002,100
5,M3ABL_R05,0.975,G2,140.0,0.91,0.0107432460070002,100
5,M3ABL_R05,0.975,G2,145.0,0.92,0.0107432460070002,100
5,M3ABL_R05,0.975,G2,150.0,0.92,0.0107432460070002,100
5,M3ABL_R05,0.975,G2,155.0,0.92,0.0107432460070002,100
5,M3ABL_R05,0.975,G2,160.0,0.9,0.0107432460070002,100
5,M3ABL_R05,0.975,G2,165.0,0.92,0.0107432460070002,100
5,M3ABL_R05,0.975,G2,170.0,0.94,0.0107432460070002,100
5,M3ABL_R05,0.975,G2,175.0,0.93,0.0107432460070002,100
5,M3ABL_R05,0.975,G2,180.0,0.92,0.0107432460070002,100
5,M3ABL_R05,0.975,G2,185.0,0.93,0.0107432460070002,100
5,M3ABL_R05,0.975,G2,190.0,0.93,0.0107432460070002,100
5,M3ABL_R05,0.975,G2,195.0,0.94,0.0107432460070002,100
5,M3ABL_R05,0.975,G2,200.0,0.93,0.0107432460070002,100
5,M3ABL_R05,0.975,G2,205.0,0.94,0.0107432460070002,100
5,M3ABL_R05,0.975,G2,210.0,0.94,0.0107432460070002,100
5,M3ABL_R05,0.975,G2,215.0,0.94,0.0107432460070002,100
5,M3ABL_R05,0.975,G2,220.0,0.95,0.0107432460070002,100
5,M3ABL_R05,0.975,G2,225.0,0.95,0.0107432460070002,100
5,M3ABL_R05,0.975,G2,230.0,0.92,0.0107432460070002,100
5,M3ABL_R05,0.975,G2,235.0,0.93,0.0107432460070002,100
5,M3ABL_R05,0.975,G2,240.0,0.93,0.0107432460070002,100
5,M3ABL_R05,0.9833333333333332,G0,60.0,0.98,0.0107432460070002,100
5,M3ABL_R05,0.9833333333333332,G0,65.0,1.0,0.0107432460070002,100
5,M3ABL_R05,0.9833333333333332,G0,70.0,0.99,0.0107432460070002,100
5,M3ABL_R05,0.9833333333333332,G0,75.0,0.99,0.0107432460070002,100
5,M3ABL_R05,0.9833333333333332,G0,80.0,0.99,0.0107432460070002,100
5,M3ABL_R05,0.9833333333333332,G0,85.0,0.99,0.0107432460070002,100
5,M3ABL_R05,0.9833333333333332,G0,90.0,0.99,0.0107432460070002,100
5,M3ABL_R05,0.9833333333333332,G0,95.0,0.99,0.0107432460070002,100
5,M3ABL_R05,0.9833333333333332,G0,100.0,0.99,0.0107432460070002,100
5,M3ABL_R05,0.9833333333333332,G0,105.0,0.98,0.0107432460070002,100
5,M3ABL_R05,0.9833333333333332,G0,110.0,0.98,0.0107432460070002,100
5,M3ABL_R05,0.9833333333333332,G0,115.0,0.98,0.0107432460070002,100
5,M3ABL_R05,0.9833333333333332,G0,120.0,0.98,0.0107432460070002,100
5,M3ABL_R05,0.9833333333333332,G0,125.0,0.99,0.0107432460070002,100
5,M3ABL_R05,0.9833333333333332,G0,130.0,0.99,0.0107432460070002,100
5,M3ABL_R05,0.9833333333333332,G0,135.0,0.99,0.0107432460070002,100
5,M3ABL_R05,0.9833333333333332,G0,140.0,0.99,0.0107432460070002,100
5,M3ABL_R05,0.9833333333333332,G0,145.0,0.99,0.0107432460070002,100
5,M3ABL_R05,0.9833333333333332,G0,150.0,0.99,0.0107432460070002,100
5,M3ABL_R05,0.9833333333333332,G0,155.0,0.99,0.0107432460070002,100
5,M3ABL_R05,0.9833333333333332,G0,160.0,0.99,0.0107432460070002,100
5,M3ABL_R05,0.9833333333333332,G0,165.0,0.99,0.0107432460070002,100
5,M3ABL_R05,0.9833333333333332,G0,170.0,1.0,0.0107432460070002,100
5,M3ABL_R05,0.9833333333333332,G0,175.0,1.0,0.0107432460070002,100
5,M3ABL_R05,0.9833333333333332,G0,180.0,1.0,0.0107432460070002,100
5,M3ABL_R05,0.9833333333333332,G0,185.0,1.0,0.0107432460070002,100
5,M3ABL_R05,0.9833333333333332,G0,190.0,1.0,0.0107432460070002,100
5,M3ABL_R05,0.9833333333333332,G0,195.0,1.0,0.0107432460070002,100
5,M3ABL_R05,0.9833333333333332,G0,200.0,1.0,0.0107432460070002,100
5,M3ABL_R05,0.9833333333333332,G0,205.0,1.0,0.0107432460070002,100
5,M3ABL_R05,0.9833333333333332,G0,210.0,1.0,0.0107432460070002,100
5,M3ABL_R05,0.9833333333333332,G0,215.0,1.0,0.0107432460070002,100
5,M3ABL_R05,0.9833333333333332,G0,220.0,1.0,0.0107432460070002,100
5,M3ABL_R05,0.9833333333333332,G0,225.0,1.0,0.0107432460070002,100
5,M3ABL_R05,0.9833333333333332,G0,230.0,1.0,0.0107432460070002,100
5,M3ABL_R05,0.9833333333333332,G0,235.0,1.0,0.0107432460070002,100
5,M3ABL_R05,0.9833333333333332,G0,240.0,1.0,0.0107432460070002,100
5,M3ABL_R05,0.9833333333333332,G1,60.0,0.94,0.0107432460070002,100
5,M3ABL_R05,0.9833333333333332,G1,65.0,0.95,0.0107432460070002,100
5,M3ABL_R05,0.9833333333333332,G1,70.0,0.91,0.0107432460070002,100
5,M3ABL_R05,0.9833333333333332,G1,75.0,0.94,0.0107432460070002,100
5,M3ABL_R05,0.9833333333333332,G1,80.0,0.94,0.0107432460070002,100
5,M3ABL_R05,0.9833333333333332,G1,85.0,0.94,0.0107432460070002,100
5,M3ABL_R05,0.9833333333333332,G1,90.0,0.93,0.0107432460070002,100
5,M3ABL_R05,0.9833333333333332,G1,95.0,0.93,0.0107432460070002,100
5,M3ABL_R05,0.9833333333333332,G1,100.0,0.93,0.0107432460070002,100
5,M3ABL_R05,0.9833333333333332,G1,105.0,0.93,0.0107432460070002,100
5,M3ABL_R05,0.9833333333333332,G1,110.0,0.94,0.0107432460070002,100
5,M3ABL_R05,0.9833333333333332,G1,115.0,0.93,0.0107432460070002,100
5,M3ABL_R05,0.9833333333333332,G1,120.0,0.93,0.0107432460070002,100
5,M3ABL_R05,0.9833333333333332,G1,125.0,0.95,0.0107432460070002,100
5,M3ABL_R05,0.9833333333333332,G1,130.0,0.95,0.0107432460070002,100
5,M3ABL_R05,0.9833333333333332,G1,135.0,0.96,0.0107432460070002,100
5,M3ABL_R05,0.9833333333333332,G1,140.0,0.96,0.0107432460070002,100
5,M3ABL_R05,0.9833333333333332,G1,145.0,0.96,0.0107432460070002,100
5,M3ABL_R05,0.9833333333333332,G1,150.0,0.96,0.0107432460070002,100
5,M3ABL_R05,0.9833333333333332,G1,155.0,0.96,0.0107432460070002,100
5,M3ABL_R05,0.9833333333333332,G1,160.0,0.97,0.0107432460070002,100
5,M3ABL_R05,0.9833333333333332,G1,165.0,0.97,0.0107432460070002,100
5,M3ABL_R05,0.9833333333333332,G1,170.0,0.98,0.0107432460070002,100
5,M3ABL_R05,0.9833333333333332,G1,175.0,0.98,0.0107432460070002,100
5,M3ABL_R05,0.9833333333333332,G1,180.0,0.98,0.0107432460070002,100
5,M3ABL_R05,0.9833333333333332,G1,185.0,0.99,0.0107432460070002,100
5,M3ABL_R05,0.9833333333333332,G1,190.0,0.99,0.0107432460070002,100
5,M3ABL_R05,0.9833333333333332,G1,195.0,0.99,0.0107432460070002,100
5,M3ABL_R05,0.9833333333333332,G1,200.0,0.99,0.0107432460070002,100
5,M3ABL_R05,0.9833333333333332,G1,205.0,0.99,0.0107432460070002,100
5,M3ABL_R05,0.9833333333333332,G1,210.0,0.99,0.0107432460070002,100
5,M3ABL_R05,0.9833333333333332,G1,215.0,0.99,0.0107432460070002,100
5,M3ABL_R05,0.9833333333333332,G1,220.0,0.99,0.0107432460070002,100
5,M3ABL_R05,0.9833333333333332,G1,225.0,0.99,0.0107432460070002,100
5,M3ABL_R05,0.9833333333333332,G1,230.0,0.99,0.0107432460070002,100
5,M3ABL_R05,0.9833333333333332,G1,235.0,0.99,0.0107432460070002,100
5,M3ABL_R05,0.9833333333333332,G1,240.0,0.99,0.0107432460070002,100
5,M3ABL_R05,0.9833333333333332,G2,60.0,0.76,0.0107432460070002,100
5,M3ABL_R05,0.9833333333333332,G2,65.0,0.8,0.0107432460070002,100
5,M3ABL_R05,0.9833333333333332,G2,70.0,0.77,0.0107432460070002,100
5,M3ABL_R05,0.9833333333333332,G2,75.0,0.8,0.0107432460070002,100
5,M3ABL_R05,0.9833333333333332,G2,80.0,0.78,0.0107432460070002,100
5,M3ABL_R05,0.9833333333333332,G2,85.0,0.86,0.0107432460070002,100
5,M3ABL_R05,0.9833333333333332,G2,90.0,0.84,0.0107432460070002,100
5,M3ABL_R05,0.9833333333333332,G2,95.0,0.83,0.0107432460070002,100
5,M3ABL_R05,0.9833333333333332,G2,100.0,0.84,0.0107432460070002,100
5,M3ABL_R05,0.9833333333333332,G2,105.0,0.82,0.0107432460070002,100
5,M3ABL_R05,0.9833333333333332,G2,110.0,0.85,0.0107432460070002,100
5,M3ABL_R05,0.9833333333333332,G2,115.0,0.83,0.0107432460070002,100
5,M3ABL_R05,0.9833333333333332,G2,120.0,0.82,0.0107432460070002,100
5,M3ABL_R05,0.9833333333333332,G2,125.0,0.82,0.0107432460070002,100
5,M3ABL_R05,0.9833333333333332,G2,130.0,0.82,0.0107432460070002,100
5,M3ABL_R05,0.9833333333333332,G2,135.0,0.85,0.0107432460070002,100
5,M3ABL_R05,0.9833333333333332,G2,140.0,0.84,0.0107432460070002,100
5,M3ABL_R05,0.9833333333333332,G2,145.0,0.87,0.0107432460070002,100
5,M3ABL_R05,0.9833333333333332,G2,150.0,0.87,0.0107432460070002,100
5,M3ABL_R05,0.9833333333333332,G2,155.0,0.86,0.0107432460070002,100
5,M3ABL_R05,0.9833333333333332,G2,160.0,0.88,0.0107432460070002,100
5,M3ABL_R05,0.9833333333333332,G2,165.0,0.87,0.0107432460070002,100
5,M3ABL_R05,0.9833333333333332,G2,170.0,0.9,0.0107432460070002,100
5,M3ABL_R05,0.9833333333333332,G2,175.0,0.89,0.0107432460070002,100
5,M3ABL_R05,0.9833333333333332,G2,180.0,0.87,0.0107432460070002,100
5,M3ABL_R05,0.9833333333333332,G2,185.0,0.88,0.0107432460070002,100
5,M3ABL_R05,0.9833333333333332,G2,190.0,0.86,0.0107432460070002,100
5,M3ABL_R05,0.9833333333333332,G2,195.0,0.89,0.0107432460070002,100
5,M3ABL_R05,0.9833333333333332,G2,200.0,0.87,0.0107432460070002,100
5,M3ABL_R05,0.9833333333333332,G2,205.0,0.87,0.0107432460070002,100
5,M3ABL_R05,0.9833333333333332,G2,210.0,0.86,0.0107432460070002,100
5,M3ABL_R05,0.9833333333333332,G2,215.0,0.85,0.0107432460070002,100
5,M3ABL_R05,0.9833333333333332,G2,220.0,0.89,0.0107432460070002,100
5,M3ABL_R05,0.9833333333333332,G2,225.0,0.88,0.0107432460070002,100
5,M3ABL_R05,0.9833333333333332,G2,230.0,0.87,0.0107432460070002,100
5,M3ABL_R05,0.9833333333333332,G2,235.0,0.87,0.0107432460070002,100
5,M3ABL_R05,0.9833333333333332,G2,240.0,0.86,0.0107432460070002,100
5,M3ABL_R05,0.99,G0,60.0,0.99,0.0107432460070002,100
5,M3ABL_R05,0.99,G0,65.0,0.99,0.0107432460070002,100
5,M3ABL_R05,0.99,G0,70.0,0.97,0.0107432460070002,100
5,M3ABL_R05,0.99,G0,75.0,0.97,0.0107432460070002,100
5,M3ABL_R05,0.99,G0,80.0,0.97,0.0107432460070002,100
5,M3ABL_R05,0.99,G0,85.0,0.99,0.0107432460070002,100
5,M3ABL_R05,0.99,G0,90.0,0.99,0.0107432460070002,100
5,M3ABL_R05,0.99,G0,95.0,0.99,0.0107432460070002,100
5,M3ABL_R05,0.99,G0,100.0,0.98,0.0107432460070002,100
5,M3ABL_R05,0.99,G0,105.0,0.99,0.0107432460070002,100
5,M3ABL_R05,0.99,G0,110.0,0.99,0.0107432460070002,100
5,M3ABL_R05,0.99,G0,115.0,0.99,0.0107432460070002,100
5,M3ABL_R05,0.99,G0,120.0,0.99,0.0107432460070002,100
5,M3ABL_R05,0.99,G0,125.0,0.99,0.0107432460070002,100
5,M3ABL_R05,0.99,G0,130.0,0.99,0.0107432460070002,100
5,M3ABL_R05,0.99,G0,135.0,0.99,0.0107432460070002,100
5,M3ABL_R05,0.99,G0,140.0,0.99,0.0107432460070002,100
5,M3ABL_R05,0.99,G0,145.0,0.99,0.0107432460070002,100
5,M3ABL_R05,0.99,G0,150.0,0.99,0.0107432460070002,100
5,M3ABL_R05,0.99,G0,155.0,0.99,0.0107432460070002,100
5,M3ABL_R05,0.99,G0,160.0,0.99,0.0107432460070002,100
5,M3ABL_R05,0.99,G0,165.0,0.99,0.0107432460070002,100
5,M3ABL_R05,0.99,G0,170.0,0.99,0.0107432460070002,100
5,M3ABL_R05,0.99,G0,175.0,0.99,0.0107432460070002,100
5,M3ABL_R05,0.99,G0,180.0,0.99,0.0107432460070002,100
5,M3ABL_R05,0.99,G0,185.0,0.99,0.0107432460070002,100
5,M3ABL_R05,0.99,G0,190.0,0.99,0.0107432460070002,100
5,M3ABL_R05,0.99,G0,195.0,0.99,0.0107432460070002,100
5,M3ABL_R05,0.99,G0,200.0,0.99,0.0107432460070002,100
5,M3ABL_R05,0.99,G0,205.0,0.99,0.0107432460070002,100
5,M3ABL_R05,0.99,G0,210.0,0.99,0.0107432460070002,100
5,M3ABL_R05,0.99,G0,215.0,0.99,0.0107432460070002,100
5,M3ABL_R05,0.99,G0,220.0,0.99,0.0107432460070002,100
5,M3ABL_R05,0.99,G0,225.0,0.99,0.0107432460070002,100
5,M3ABL_R05,0.99,G0,230.0,0.99,0.0107432460070002,100
5,M3ABL_R05,0.99,G0,235.0,0.99,0.0107432460070002,100
5,M3ABL_R05,0.99,G0,240.0,0.99,0.0107432460070002,100
5,M3ABL_R05,0.99,G1,60.0,0.89,0.0107432460070002,100
5,M3ABL_R05,0.99,G1,65.0,0.95,0.0107432460070002,100
5,M3ABL_R05,0.99,G1,70.0,0.92,0.0107432460070002,100
5,M3ABL_R05,0.99,G1,75.0,0.92,0.0107432460070002,100
5,M3ABL_R05,0.99,G1,80.0,0.92,0.0107432460070002,100
5,M3ABL_R05,0.99,G1,85.0,0.93,0.0107432460070002,100
5,M3ABL_R05,0.99,G1,90.0,0.93,0.0107432460070002,100
5,M3ABL_R05,0.99,G1,95.0,0.93,0.0107432460070002,100
5,M3ABL_R05,0.99,G1,100.0,0.92,0.0107432460070002,100
5,M3ABL_R05,0.99,G1,105.0,0.95,0.0107432460070002,100
5,M3ABL_R05,0.99,G1,110.0,0.94,0.0107432460070002,100
5,M3ABL_R05,0.99,G1,115.0,0.93,0.0107432460070002,100
5,M3ABL_R05,0.99,G1,120.0,0.93,0.0107432460070002,100
5,M3ABL_R05,0.99,G1,125.0,0.94,0.0107432460070002,100
5,M3ABL_R05,0.99,G1,130.0,0.94,0.0107432460070002,100
5,M3ABL_R05,0.99,G1,135.0,0.94,0.0107432460070002,100
5,M3ABL_R05,0.99,G1,140.0,0.94,0.0107432460070002,100
5,M3ABL_R05,0.99,G1,145.0,0.95,0.0107432460070002,100
5,M3ABL_R05,0.99,G1,150.0,0.95,0.0107432460070002,100
5,M3ABL_R05,0.99,G1,155.0,0.95,0.0107432460070002,100
5,M3ABL_R05,0.99,G1,160.0,0.95,0.0107432460070002,100
5,M3ABL_R05,0.99,G1,165.0,0.97,0.0107432460070002,100
5,M3ABL_R05,0.99,G1,170.0,0.97,0.0107432460070002,100
5,M3ABL_R05,0.99,G1,175.0,0.97,0.0107432460070002,100
5,M3ABL_R05,0.99,G1,180.0,0.97,0.0107432460070002,100
5,M3ABL_R05,0.99,G1,185.0,0.97,0.0107432460070002,100
5,M3ABL_R05,0.99,G1,190.0,0.97,0.0107432460070002,100
5,M3ABL_R05,0.99,G1,195.0,0.97,0.0107432460070002,100
5,M3ABL_R05,0.99,G1,200.0,0.97,0.0107432460070002,100
5,M3ABL_R05,0.99,G1,205.0,0.98,0.0107432460070002,100
5,M3ABL_R05,0.99,G1,210.0,0.98,0.0107432460070002,100
5,M3ABL_R05,0.99,G1,215.0,0.98,0.0107432460070002,100
5,M3ABL_R05,0.99,G1,220.0,0.97,0.0107432460070002,100
5,M3ABL_R05,0.99,G1,225.0,0.97,0.0107432460070002,100
5,M3ABL_R05,0.99,G1,230.0,0.96,0.0107432460070002,100
5,M3ABL_R05,0.99,G1,235.0,0.96,0.0107432460070002,100
5,M3ABL_R05,0.99,G1,240.0,0.96,0.0107432460070002,100
5,M3ABL_R05,0.99,G2,60.0,0.69,0.0107432460070002,100
5,M3ABL_R05,0.99,G2,65.0,0.75,0.0107432460070002,100
5,M3ABL_R05,0.99,G2,70.0,0.72,0.0107432460070002,100
5,M3ABL_R05,0.99,G2,75.0,0.7,0.0107432460070002,100
5,M3ABL_R05,0.99,G2,80.0,0.69,0.0107432460070002,100
5,M3ABL_R05,0.99,G2,85.0,0.72,0.0107432460070002,100
5,M3ABL_R05,0.99,G2,90.0,0.72,0.0107432460070002,100
5,M3ABL_R05,0.99,G2,95.0,0.7,0.0107432460070002,100
5,M3ABL_R05,0.99,G2,100.0,0.67,0.0107432460070002,100
5,M3ABL_R05,0.99,G2,105.0,0.78,0.0107432460070002,100
5,M3ABL_R05,0.99,G2,110.0,0.77,0.0107432460070002,100
5,M3ABL_R05,0.99,G2,115.0,0.76,0.0107432460070002,100
5,M3ABL_R05,0.99,G2,120.0,0.74,0.0107432460070002,100
5,M3ABL_R05,0.99,G2,125.0,0.79,0.0107432460070002,100
5,M3ABL_R05,0.99,G2,130.0,0.79,0.0107432460070002,100
5,M3ABL_R05,0.99,G2,135.0,0.78,0.0107432460070002,100
5,M3ABL_R05,0.99,G2,140.0,0.77,0.0107432460070002,100
5,M3ABL_R05,0.99,G2,145.0,0.81,0.0107432460070002,100
5,M3ABL_R05,0.99,G2,150.0,0.81,0.0107432460070002,100
5,M3ABL_R05,0.99,G2,155.0,0.81,0.0107432460070002,100
5,M3ABL_R05,0.99,G2,160.0,0.8,0.0107432460070002,100
5,M3ABL_R05,0.99,G2,165.0,0.8,0.0107432460070002,100
5,M3ABL_R05,0.99,G2,170.0,0.8,0.0107432460070002,100
5,M3ABL_R05,0.99,G2,175.0,0.8,0.0107432460070002,100
5,M3ABL_R05,0.99,G2,180.0,0.79,0.0107432460070002,100
5,M3ABL_R05,0.99,G2,185.0,0.79,0.0107432460070002,100
5,M3ABL_R05,0.99,G2,190.0,0.78,0.0107432460070002,100
5,M3ABL_R05,0.99,G2,195.0,0.77,0.0107432460070002,100
5,M3ABL_R05,0.99,G2,200.0,0.75,0.0107432460070002,100
5,M3ABL_R05,0.99,G2,205.0,0.79,0.0107432460070002,100
5,M3ABL_R05,0.99,G2,210.0,0.78,0.0107432460070002,100
5,M3ABL_R05,0.99,G2,215.0,0.76,0.0107432460070002,100
5,M3ABL_R05,0.99,G2,220.0,0.74,0.0107432460070002,100
5,M3ABL_R05,0.99,G2,225.0,0.8,0.0107432460070002,100
5,M3ABL_R05,0.99,G2,230.0,0.76,0.0107432460070002,100
5,M3ABL_R05,0.99,G2,235.0,0.76,0.0107432460070002,100
5,M3ABL_R05,0.99,G2,240.0,0.76,0.0107432460070002,100
5,M3ABL_R05,0.995,G0,60.0,0.99,0.0107432460070002,100
5,M3ABL_R05,0.995,G0,65.0,0.99,0.0107432460070002,100
5,M3ABL_R05,0.995,G0,70.0,0.98,0.0107432460070002,100
5,M3ABL_R05,0.995,G0,75.0,0.98,0.0107432460070002,100
5,M3ABL_R05,0.995,G0,80.0,0.98,0.0107432460070002,100
5,M3ABL_R05,0.995,G0,85.0,0.99,0.0107432460070002,100
5,M3ABL_R05,0.995,G0,90.0,0.99,0.0107432460070002,100
5,M3ABL_R05,0.995,G0,95.0,0.99,0.0107432460070002,100
5,M3ABL_R05,0.995,G0,100.0,0.98,0.0107432460070002,100
5,M3ABL_R05,0.995,G0,105.0,0.98,0.0107432460070002,100
5,M3ABL_R05,0.995,G0,110.0,0.98,0.0107432460070002,100
5,M3ABL_R05,0.995,G0,115.0,0.98,0.0107432460070002,100
5,M3ABL_R05,0.995,G0,120.0,0.98,0.0107432460070002,100
5,M3ABL_R05,0.995,G0,125.0,0.99,0.0107432460070002,100
5,M3ABL_R05,0.995,G0,130.0,0.99,0.0107432460070002,100
5,M3ABL_R05,0.995,G0,135.0,0.99,0.0107432460070002,100
5,M3ABL_R05,0.995,G0,140.0,0.99,0.0107432460070002,100
5,M3ABL_R05,0.995,G0,145.0,0.99,0.0107432460070002,100
5,M3ABL_R05,0.995,G0,150.0,0.99,0.0107432460070002,100
5,M3ABL_R05,0.995,G0,155.0,0.99,0.0107432460070002,100
5,M3ABL_R05,0.995,G0,160.0,0.99,0.0107432460070002,100
5,M3ABL_R05,0.995,G0,165.0,0.99,0.0107432460070002,100
5,M3ABL_R05,0.995,G0,170.0,0.99,0.0107432460070002,100
5,M3ABL_R05,0.995,G0,175.0,0.99,0.0107432460070002,100
5,M3ABL_R05,0.995,G0,180.0,0.99,0.0107432460070002,100
5,M3ABL_R05,0.995,G0,185.0,0.99,0.0107432460070002,100
5,M3ABL_R05,0.995,G0,190.0,0.99,0.0107432460070002,100
5,M3ABL_R05,0.995,G0,195.0,0.99,0.0107432460070002,100
5,M3ABL_R05,0.995,G0,200.0,0.99,0.0107432460070002,100
5,M3ABL_R05,0.995,G0,205.0,0.99,0.0107432460070002,100
5,M3ABL_R05,0.995,G0,210.0,0.99,0.0107432460070002,100
5,M3ABL_R05,0.995,G0,215.0,0.99,0.0107432460070002,100
5,M3ABL_R05,0.995,G0,220.0,0.99,0.0107432460070002,100
5,M3ABL_R05,0.995,G0,225.0,0.99,0.0107432460070002,100
5,M3ABL_R05,0.995,G0,230.0,0.99,0.0107432460070002,100
5,M3ABL_R05,0.995,G0,235.0,0.99,0.0107432460070002,100
5,M3ABL_R05,0.995,G0,240.0,0.99,0.0107432460070002,100
5,M3ABL_R05,0.995,G1,60.0,0.91,0.0107432460070002,100
5,M3ABL_R05,0.995,G1,65.0,0.91,0.0107432460070002,100
5,M3ABL_R05,0.995,G1,70.0,0.87,0.0107432460070002,100
5,M3ABL_R05,0.995,G1,75.0,0.87,0.0107432460070002,100
5,M3ABL_R05,0.995,G1,80.0,0.87,0.0107432460070002,100
5,M3ABL_R05,0.995,G1,85.0,0.91,0.0107432460070002,100
5,M3ABL_R05,0.995,G1,90.0,0.9,0.0107432460070002,100
5,M3ABL_R05,0.995,G1,95.0,0.9,0.0107432460070002,100
5,M3ABL_R05,0.995,G1,100.0,0.89,0.0107432460070002,100
5,M3ABL_R05,0.995,G1,105.0,0.89,0.0107432460070002,100
5,M3ABL_R05,0.995,G1,110.0,0.88,0.0107432460070002,100
5,M3ABL_R05,0.995,G1,115.0,0.87,0.0107432460070002,100
5,M3ABL_R05,0.995,G1,120.0,0.87,0.0107432460070002,100
5,M3ABL_R05,0.995,G1,125.0,0.9,0.0107432460070002,100
5,M3ABL_R05,0.995,G1,130.0,0.9,0.0107432460070002,100
5,M3ABL_R05,0.995,G1,135.0,0.9,0.0107432460070002,100
5,M3ABL_R05,0.995,G1,140.0,0.9,0.0107432460070002,100
5,M3ABL_R05,0.995,G1,145.0,0.9,0.0107432460070002,100
5,M3ABL_R05,0.995,G1,150.0,0.9,0.0107432460070002,100
5,M3ABL_R05,0.995,G1,155.0,0.9,0.0107432460070002,100
5,M3ABL_R05,0.995,G1,160.0,0.89,0.0107432460070002,100
5,M3ABL_R05,0.995,G1,165.0,0.93,0.0107432460070002,100
5,M3ABL_R05,0.995,G1,170.0,0.93,0.0107432460070002,100
5,M3ABL_R05,0.995,G1,175.0,0.93,0.0107432460070002,100
5,M3ABL_R05,0.995,G1,180.0,0.93,0.0107432460070002,100
5,M3ABL_R05,0.995,G1,185.0,0.93,0.0107432460070002,100
5,M3ABL_R05,0.995,G1,190.0,0.91,0.0107432460070002,100
5,M3ABL_R05,0.995,G1,195.0,0.91,0.0107432460070002,100
5,M3ABL_R05,0.995,G1,200.0,0.9,0.0107432460070002,100
5,M3ABL_R05,0.995,G1,205.0,0.95,0.0107432460070002,100
5,M3ABL_R05,0.995,G1,210.0,0.95,0.0107432460070002,100
5,M3ABL_R05,0.995,G1,215.0,0.95,0.0107432460070002,100
5,M3ABL_R05,0.995,G1,220.0,0.95,0.0107432460070002,100
5,M3ABL_R05,0.995,G1,225.0,0.95,0.0107432460070002,100
5,M3ABL_R05,0.995,G1,230.0,0.95,0.0107432460070002,100
5,M3ABL_R05,0.995,G1,235.0,0.95,0.0107432460070002,100
5,M3ABL_R05,0.995,G1,240.0,0.95,0.0107432460070002,100
5,M3ABL_R05,0.995,G2,60.0,0.69,0.0107432460070002,100
5,M3ABL_R05,0.995,G2,65.0,0.69,0.0107432460070002,100
5,M3ABL_R05,0.995,G2,70.0,0.66,0.0107432460070002,100
5,M3ABL_R05,0.995,G2,75.0,0.64,0.0107432460070002,100
5,M3ABL_R05,0.995,G2,80.0,0.64,0.0107432460070002,100
5,M3ABL_R05,0.995,G2,85.0,0.69,0.0107432460070002,100
5,M3ABL_R05,0.995,G2,90.0,0.69,0.0107432460070002,100
5,M3ABL_R05,0.995,G2,95.0,0.68,0.0107432460070002,100
5,M3ABL_R05,0.995,G2,100.0,0.65,0.0107432460070002,100
5,M3ABL_R05,0.995,G2,105.0,0.63,0.0107432460070002,100
5,M3ABL_R05,0.995,G2,110.0,0.61,0.0107432460070002,100
5,M3ABL_R05,0.995,G2,115.0,0.61,0.0107432460070002,100
5,M3ABL_R05,0.995,G2,120.0,0.61,0.0107432460070002,100
5,M3ABL_R05,0.995,G2,125.0,0.66,0.0107432460070002,100
5,M3ABL_R05,0.995,G2,130.0,0.66,0.0107432460070002,100
5,M3ABL_R05,0.995,G2,135.0,0.65,0.0107432460070002,100
5,M3ABL_R05,0.995,G2,140.0,0.65,0.0107432460070002,100
5,M3ABL_R05,0.995,G2,145.0,0.64,0.0107432460070002,100
5,M3ABL_R05,0.995,G2,150.0,0.63,0.0107432460070002,100
5,M3ABL_R05,0.995,G2,155.0,0.59,0.0107432460070002,100
5,M3ABL_R05,0.995,G2,160.0,0.59,0.0107432460070002,100
5,M3ABL_R05,0.995,G2,165.0,0.69,0.0107432460070002,100
5,M3ABL_R05,0.995,G2,170.0,0.68,0.0107432460070002,100
5,M3ABL_R05,0.995,G2,175.0,0.68,0.0107432460070002,100
5,M3ABL_R05,0.995,G2,180.0,0.67,0.0107432460070002,100
5,M3ABL_R05,0.995,G2,185.0,0.65,0.0107432460070002,100
5,M3ABL_R05,0.995,G2,190.0,0.63,0.0107432460070002,100
5,M3ABL_R05,0.995,G2,195.0,0.63,0.0107432460070002,100
5,M3ABL_R05,0.995,G2,200.0,0.61,0.0107432460070002,100
5,M3ABL_R05,0.995,G2,205.0,0.69,0.0107432460070002,100
5,M3ABL_R05,0.995,G2,210.0,0.68,0.0107432460070002,100
5,M3ABL_R05,0.995,G2,215.0,0.68,0.0107432460070002,100
5,M3ABL_R05,0.995,G2,220.0,0.67,0.0107432460070002,100
5,M3ABL_R05,0.995,G2,225.0,0.66,0.0107432460070002,100
5,M3ABL_R05,0.995,G2,230.0,0.65,0.0107432460070002,100
5,M3ABL_R05,0.995,G2,235.0,0.65,0.0107432460070002,100
5,M3ABL_R05,0.995,G2,240.0,0.62,0.0107432460070002,100
6,M3ABL_R06,0.95,G0,60.0,1.0,0.0067947738730752,100
6,M3ABL_R06,0.95,G0,65.0,1.0,0.0067947738730752,100
6,M3ABL_R06,0.95,G0,70.0,1.0,0.0067947738730752,100
6,M3ABL_R06,0.95,G0,75.0,1.0,0.0067947738730752,100
6,M3ABL_R06,0.95,G0,80.0,1.0,0.0067947738730752,100
6,M3ABL_R06,0.95,G0,85.0,1.0,0.0067947738730752,100
6,M3ABL_R06,0.95,G0,90.0,1.0,0.0067947738730752,100
6,M3ABL_R06,0.95,G0,95.0,1.0,0.0067947738730752,100
6,M3ABL_R06,0.95,G0,100.0,1.0,0.0067947738730752,100
6,M3ABL_R06,0.95,G0,105.0,1.0,0.0067947738730752,100
6,M3ABL_R06,0.95,G0,110.0,1.0,0.0067947738730752,100
6,M3ABL_R06,0.95,G0,115.0,1.0,0.0067947738730752,100
6,M3ABL_R06,0.95,G0,120.0,1.0,0.0067947738730752,100
6,M3ABL_R06,0.95,G0,125.0,1.0,0.0067947738730752,100
6,M3ABL_R06,0.95,G0,130.0,1.0,0.0067947738730752,100
6,M3ABL_R06,0.95,G0,135.0,1.0,0.0067947738730752,100
6,M3ABL_R06,0.95,G0,140.0,1.0,0.0067947738730752,100
6,M3ABL_R06,0.95,G0,145.0,1.0,0.0067947738730752,100
6,M3ABL_R06,0.95,G0,150.0,1.0,0.0067947738730752,100
6,M3ABL_R06,0.95,G0,155.0,1.0,0.0067947738730752,100
6,M3ABL_R06,0.95,G0,160.0,1.0,0.0067947738730752,100
6,M3ABL_R06,0.95,G0,165.0,1.0,0.0067947738730752,100
6,M3ABL_R06,0.95,G0,170.0,1.0,0.0067947738730752,100
6,M3ABL_R06,0.95,G0,175.0,1.0,0.0067947738730752,100
6,M3ABL_R06,0.95,G0,180.0,1.0,0.0067947738730752,100
6,M3ABL_R06,0.95,G0,185.0,1.0,0.0067947738730752,100
6,M3ABL_R06,0.95,G0,190.0,1.0,0.0067947738730752,100
6,M3ABL_R06,0.95,G0,195.0,1.0,0.0067947738730752,100
6,M3ABL_R06,0.95,G0,200.0,1.0,0.0067947738730752,100
6,M3ABL_R06,0.95,G0,205.0,1.0,0.0067947738730752,100
6,M3ABL_R06,0.95,G0,210.0,1.0,0.0067947738730752,100
6,M3ABL_R06,0.95,G0,215.0,1.0,0.0067947738730752,100
6,M3ABL_R06,0.95,G0,220.0,1.0,0.0067947738730752,100
6,M3ABL_R06,0.95,G0,225.0,1.0,0.0067947738730752,100
6,M3ABL_R06,0.95,G0,230.0,1.0,0.0067947738730752,100
6,M3ABL_R06,0.95,G0,235.0,1.0,0.0067947738730752,100
6,M3ABL_R06,0.95,G0,240.0,1.0,0.0067947738730752,100
6,M3ABL_R06,0.95,G1,60.0,0.97,0.0067947738730752,100
6,M3ABL_R06,0.95,G1,65.0,0.99,0.0067947738730752,100
6,M3ABL_R06,0.95,G1,70.0,0.99,0.0067947738730752,100
6,M3ABL_R06,0.95,G1,75.0,0.99,0.0067947738730752,100
6,M3ABL_R06,0.95,G1,80.0,0.99,0.0067947738730752,100
6,M3ABL_R06,0.95,G1,85.0,0.99,0.0067947738730752,100
6,M3ABL_R06,0.95,G1,90.0,1.0,0.0067947738730752,100
6,M3ABL_R06,0.95,G1,95.0,1.0,0.0067947738730752,100
6,M3ABL_R06,0.95,G1,100.0,1.0,0.0067947738730752,100
6,M3ABL_R06,0.95,G1,105.0,0.99,0.0067947738730752,100
6,M3ABL_R06,0.95,G1,110.0,0.99,0.0067947738730752,100
6,M3ABL_R06,0.95,G1,115.0,0.99,0.0067947738730752,100
6,M3ABL_R06,0.95,G1,120.0,0.99,0.0067947738730752,100
6,M3ABL_R06,0.95,G1,125.0,0.99,0.0067947738730752,100
6,M3ABL_R06,0.95,G1,130.0,0.99,0.0067947738730752,100
6,M3ABL_R06,0.95,G1,135.0,1.0,0.0067947738730752,100
6,M3ABL_R06,0.95,G1,140.0,1.0,0.0067947738730752,100
6,M3ABL_R06,0.95,G1,145.0,1.0,0.0067947738730752,100
6,M3ABL_R06,0.95,G1,150.0,1.0,0.0067947738730752,100
6,M3ABL_R06,0.95,G1,155.0,1.0,0.0067947738730752,100
6,M3ABL_R06,0.95,G1,160.0,1.0,0.0067947738730752,100
6,M3ABL_R06,0.95,G1,165.0,1.0,0.0067947738730752,100
6,M3ABL_R06,0.95,G1,170.0,1.0,0.0067947738730752,100
6,M3ABL_R06,0.95,G1,175.0,1.0,0.0067947738730752,100
6,M3ABL_R06,0.95,G1,180.0,1.0,0.0067947738730752,100
6,M3ABL_R06,0.95,G1,185.0,1.0,0.0067947738730752,100
6,M3ABL_R06,0.95,G1,190.0,1.0,0.0067947738730752,100
6,M3ABL_R06,0.95,G1,195.0,1.0,0.0067947738730752,100
6,M3ABL_R06,0.95,G1,200.0,1.0,0.0067947738730752,100
6,M3ABL_R06,0.95,G1,205.0,1.0,0.0067947738730752,100
6,M3ABL_R06,0.95,G1,210.0,1.0,0.0067947738730752,100
6,M3ABL_R06,0.95,G1,215.0,1.0,0.0067947738730752,100
6,M3ABL_R06,0.95,G1,220.0,1.0,0.0067947738730752,100
6,M3ABL_R06,0.95,G1,225.0,1.0,0.0067947738730752,100
6,M3ABL_R06,0.95,G1,230.0,1.0,0.0067947738730752,100
6,M3ABL_R06,0.95,G1,235.0,1.0,0.0067947738730752,100
6,M3ABL_R06,0.95,G1,240.0,1.0,0.0067947738730752,100
6,M3ABL_R06,0.95,G2,60.0,0.87,0.0067947738730752,100
6,M3ABL_R06,0.95,G2,65.0,0.9,0.0067947738730752,100
6,M3ABL_R06,0.95,G2,70.0,0.87,0.0067947738730752,100
6,M3ABL_R06,0.95,G2,75.0,0.9,0.0067947738730752,100
6,M3ABL_R06,0.95,G2,80.0,0.9,0.0067947738730752,100
6,M3ABL_R06,0.95,G2,85.0,0.92,0.0067947738730752,100
6,M3ABL_R06,0.95,G2,90.0,0.93,0.0067947738730752,100
6,M3ABL_R06,0.95,G2,95.0,0.94,0.0067947738730752,100
6,M3ABL_R06,0.95,G2,100.0,0.93,0.0067947738730752,100
6,M3ABL_R06,0.95,G2,105.0,0.93,0.0067947738730752,100
6,M3ABL_R06,0.95,G2,110.0,0.94,0.0067947738730752,100
6,M3ABL_R06,0.95,G2,115.0,0.93,0.0067947738730752,100
6,M3ABL_R06,0.95,G2,120.0,0.92,0.0067947738730752,100
6,M3ABL_R06,0.95,G2,125.0,0.96,0.0067947738730752,100
6,M3ABL_R06,0.95,G2,130.0,0.95,0.0067947738730752,100
6,M3ABL_R06,0.95,G2,135.0,0.97,0.0067947738730752,100
6,M3ABL_R06,0.95,G2,140.0,0.97,0.0067947738730752,100
6,M3ABL_R06,0.95,G2,145.0,0.98,0.0067947738730752,100
6,M3ABL_R06,0.95,G2,150.0,0.98,0.0067947738730752,100
6,M3ABL_R06,0.95,G2,155.0,0.97,0.0067947738730752,100
6,M3ABL_R06,0.95,G2,160.0,0.97,0.0067947738730752,100
6,M3ABL_R06,0.95,G2,165.0,0.97,0.0067947738730752,100
6,M3ABL_R06,0.95,G2,170.0,0.97,0.0067947738730752,100
6,M3ABL_R06,0.95,G2,175.0,0.97,0.0067947738730752,100
6,M3ABL_R06,0.95,G2,180.0,0.97,0.0067947738730752,100
6,M3ABL_R06,0.95,G2,185.0,0.97,0.0067947738730752,100
6,M3ABL_R06,0.95,G2,190.0,0.98,0.0067947738730752,100
6,M3ABL_R06,0.95,G2,195.0,0.97,0.0067947738730752,100
6,M3ABL_R06,0.95,G2,200.0,0.97,0.0067947738730752,100
6,M3ABL_R06,0.95,G2,205.0,0.98,0.0067947738730752,100
6,M3ABL_R06,0.95,G2,210.0,0.98,0.0067947738730752,100
6,M3ABL_R06,0.95,G2,215.0,0.98,0.0067947738730752,100
6,M3ABL_R06,0.95,G2,220.0,0.98,0.0067947738730752,100
6,M3ABL_R06,0.95,G2,225.0,0.98,0.0067947738730752,100
6,M3ABL_R06,0.95,G2,230.0,1.0,0.0067947738730752,100
6,M3ABL_R06,0.95,G2,235.0,1.0,0.0067947738730752,100
6,M3ABL_R06,0.95,G2,240.0,1.0,0.0067947738730752,100
6,M3ABL_R06,0.975,G0,60.0,1.0,0.0067947738730752,100
6,M3ABL_R06,0.975,G0,65.0,1.0,0.0067947738730752,100
6,M3ABL_R06,0.975,G0,70.0,0.99,0.0067947738730752,100
6,M3ABL_R06,0.975,G0,75.0,0.99,0.0067947738730752,100
6,M3ABL_R06,0.975,G0,80.0,0.99,0.0067947738730752,100
6,M3ABL_R06,0.975,G0,85.0,0.99,0.0067947738730752,100
6,M3ABL_R06,0.975,G0,90.0,0.99,0.0067947738730752,100
6,M3ABL_R06,0.975,G0,95.0,0.99,0.0067947738730752,100
6,M3ABL_R06,0.975,G0,100.0,0.99,0.0067947738730752,100
6,M3ABL_R06,0.975,G0,105.0,0.98,0.0067947738730752,100
6,M3ABL_R06,0.975,G0,110.0,0.98,0.0067947738730752,100
6,M3ABL_R06,0.975,G0,115.0,0.99,0.0067947738730752,100
6,M3ABL_R06,0.975,G0,120.0,0.99,0.0067947738730752,100
6,M3ABL_R06,0.975,G0,125.0,0.99,0.0067947738730752,100
6,M3ABL_R06,0.975,G0,130.0,0.99,0.0067947738730752,100
6,M3ABL_R06,0.975,G0,135.0,0.99,0.0067947738730752,100
6,M3ABL_R06,0.975,G0,140.0,1.0,0.0067947738730752,100
6,M3ABL_R06,0.975,G0,145.0,1.0,0.0067947738730752,100
6,M3ABL_R06,0.975,G0,150.0,1.0,0.0067947738730752,100
6,M3ABL_R06,0.975,G0,155.0,1.0,0.0067947738730752,100
6,M3ABL_R06,0.975,G0,160.0,1.0,0.0067947738730752,100
6,M3ABL_R06,0.975,G0,165.0,1.0,0.0067947738730752,100
6,M3ABL_R06,0.975,G0,170.0,1.0,0.0067947738730752,100
6,M3ABL_R06,0.975,G0,175.0,1.0,0.0067947738730752,100
6,M3ABL_R06,0.975,G0,180.0,1.0,0.0067947738730752,100
6,M3ABL_R06,0.975,G0,185.0,1.0,0.0067947738730752,100
6,M3ABL_R06,0.975,G0,190.0,1.0,0.0067947738730752,100
6,M3ABL_R06,0.975,G0,195.0,1.0,0.0067947738730752,100
6,M3ABL_R06,0.975,G0,200.0,1.0,0.0067947738730752,100
6,M3ABL_R06,0.975,G0,205.0,1.0,0.0067947738730752,100
6,M3ABL_R06,0.975,G0,210.0,1.0,0.0067947738730752,100
6,M3ABL_R06,0.975,G0,215.0,1.0,0.0067947738730752,100
6,M3ABL_R06,0.975,G0,220.0,1.0,0.0067947738730752,100
6,M3ABL_R06,0.975,G0,225.0,1.0,0.0067947738730752,100
6,M3ABL_R06,0.975,G0,230.0,1.0,0.0067947738730752,100
6,M3ABL_R06,0.975,G0,235.0,1.0,0.0067947738730752,100
6,M3ABL_R06,0.975,G0,240.0,1.0,0.0067947738730752,100
6,M3ABL_R06,0.975,G1,60.0,0.97,0.0067947738730752,100
6,M3ABL_R06,0.975,G1,65.0,0.97,0.0067947738730752,100
6,M3ABL_R06,0.975,G1,70.0,0.94,0.0067947738730752,100
6,M3ABL_R06,0.975,G1,75.0,0.94,0.0067947738730752,100
6,M3ABL_R06,0.975,G1,80.0,0.94,0.0067947738730752,100
6,M3ABL_R06,0.975,G1,85.0,0.94,0.0067947738730752,100
6,M3ABL_R06,0.975,G1,90.0,0.96,0.0067947738730752,100
6,M3ABL_R06,0.975,G1,95.0,0.96,0.0067947738730752,100
6,M3ABL_R06,0.975,G1,100.0,0.96,0.0067947738730752,100
6,M3ABL_R06,0.975,G1,105.0,0.97,0.0067947738730752,100
6,M3ABL_R06,0.975,G1,110.0,0.97,0.0067947738730752,100
6,M3ABL_R06,0.975,G1,115.0,0.97,0.0067947738730752,100
6,M3ABL_R06,0.975,G1,120.0,0.97,0.0067947738730752,100
6,M3ABL_R06,0.975,G1,125.0,0.99,0.0067947738730752,100
6,M3ABL_R06,0.975,G1,130.0,0.99,0.0067947738730752,100
6,M3ABL_R06,0.975,G1,135.0,0.97,0.0067947738730752,100
6,M3ABL_R06,0.975,G1,140.0,0.99,0.0067947738730752,100
6,M3ABL_R06,0.975,G1,145.0,0.99,0.0067947738730752,100
6,M3ABL_R06,0.975,G1,150.0,0.99,0.0067947738730752,100
6,M3ABL_R06,0.975,G1,155.0,0.99,0.0067947738730752,100
6,M3ABL_R06,0.975,G1,160.0,0.99,0.0067947738730752,100
6,M3ABL_R06,0.975,G1,165.0,0.99,0.0067947738730752,100
6,M3ABL_R06,0.975,G1,170.0,0.99,0.0067947738730752,100
6,M3ABL_R06,0.975,G1,175.0,0.99,0.0067947738730752,100
6,M3ABL_R06,0.975,G1,180.0,0.99,0.0067947738730752,100
6,M3ABL_R06,0.975,G1,185.0,0.99,0.0067947738730752,100
6,M3ABL_R06,0.975,G1,190.0,0.99,0.0067947738730752,100
6,M3ABL_R06,0.975,G1,195.0,0.99,0.0067947738730752,100
6,M3ABL_R06,0.975,G1,200.0,0.99,0.0067947738730752,100
6,M3ABL_R06,0.975,G1,205.0,1.0,0.0067947738730752,100
6,M3ABL_R06,0.975,G1,210.0,1.0,0.0067947738730752,100
6,M3ABL_R06,0.975,G1,215.0,1.0,0.0067947738730752,100
6,M3ABL_R06,0.975,G1,220.0,1.0,0.0067947738730752,100
6,M3ABL_R06,0.975,G1,225.0,1.0,0.0067947738730752,100
6,M3ABL_R06,0.975,G1,230.0,1.0,0.0067947738730752,100
6,M3ABL_R06,0.975,G1,235.0,1.0,0.0067947738730752,100
6,M3ABL_R06,0.975,G1,240.0,1.0,0.0067947738730752,100
6,M3ABL_R06,0.975,G2,60.0,0.84,0.0067947738730752,100
6,M3ABL_R06,0.975,G2,65.0,0.88,0.0067947738730752,100
6,M3ABL_R06,0.975,G2,70.0,0.85,0.0067947738730752,100
6,M3ABL_R06,0.975,G2,75.0,0.84,0.0067947738730752,100
6,M3ABL_R06,0.975,G2,80.0,0.84,0.0067947738730752,100
6,M3ABL_R06,0.975,G2,85.0,0.85,0.0067947738730752,100
6,M3ABL_R06,0.975,G2,90.0,0.88,0.0067947738730752,100
6,M3ABL_R06,0.975,G2,95.0,0.87,0.0067947738730752,100
6,M3ABL_R06,0.975,G2,100.0,0.87,0.0067947738730752,100
6,M3ABL_R06,0.975,G2,105.0,0.88,0.0067947738730752,100
6,M3ABL_R06,0.975,G2,110.0,0.87,0.0067947738730752,100
6,M3ABL_R06,0.975,G2,115.0,0.89,0.0067947738730752,100
6,M3ABL_R06,0.975,G2,120.0,0.88,0.0067947738730752,100
6,M3ABL_R06,0.975,G2,125.0,0.88,0.0067947738730752,100
6,M3ABL_R06,0.975,G2,130.0,0.88,0.0067947738730752,100
6,M3ABL_R06,0.975,G2,135.0,0.88,0.0067947738730752,100
6,M3ABL_R06,0.975,G2,140.0,0.9,0.0067947738730752,100
6,M3ABL_R06,0.975,G2,145.0,0.92,0.0067947738730752,100
6,M3ABL_R06,0.975,G2,150.0,0.92,0.0067947738730752,100
6,M3ABL_R06,0.975,G2,155.0,0.92,0.0067947738730752,100
6,M3ABL_R06,0.975,G2,160.0,0.89,0.0067947738730752,100
6,M3ABL_R06,0.975,G2,165.0,0.91,0.0067947738730752,100
6,M3ABL_R06,0.975,G2,170.0,0.92,0.0067947738730752,100
6,M3ABL_R06,0.975,G2,175.0,0.91,0.0067947738730752,100
6,M3ABL_R06,0.975,G2,180.0,0.92,0.0067947738730752,100
6,M3ABL_R06,0.975,G2,185.0,0.93,0.0067947738730752,100
6,M3ABL_R06,0.975,G2,190.0,0.93,0.0067947738730752,100
6,M3ABL_R06,0.975,G2,195.0,0.94,0.0067947738730752,100
6,M3ABL_R06,0.975,G2,200.0,0.93,0.0067947738730752,100
6,M3ABL_R06,0.975,G2,205.0,0.93,0.0067947738730752,100
6,M3ABL_R06,0.975,G2,210.0,0.94,0.0067947738730752,100
6,M3ABL_R06,0.975,G2,215.0,0.94,0.0067947738730752,100
6,M3ABL_R06,0.975,G2,220.0,0.95,0.0067947738730752,100
6,M3ABL_R06,0.975,G2,225.0,0.95,0.0067947738730752,100
6,M3ABL_R06,0.975,G2,230.0,0.92,0.0067947738730752,100
6,M3ABL_R06,0.975,G2,235.0,0.93,0.0067947738730752,100
6,M3ABL_R06,0.975,G2,240.0,0.93,0.0067947738730752,100
6,M3ABL_R06,0.9833333333333332,G0,60.0,0.98,0.0067947738730752,100
6,M3ABL_R06,0.9833333333333332,G0,65.0,1.0,0.0067947738730752,100
6,M3ABL_R06,0.9833333333333332,G0,70.0,0.99,0.0067947738730752,100
6,M3ABL_R06,0.9833333333333332,G0,75.0,0.99,0.0067947738730752,100
6,M3ABL_R06,0.9833333333333332,G0,80.0,0.99,0.0067947738730752,100
6,M3ABL_R06,0.9833333333333332,G0,85.0,0.99,0.0067947738730752,100
6,M3ABL_R06,0.9833333333333332,G0,90.0,0.99,0.0067947738730752,100
6,M3ABL_R06,0.9833333333333332,G0,95.0,0.99,0.0067947738730752,100
6,M3ABL_R06,0.9833333333333332,G0,100.0,0.99,0.0067947738730752,100
6,M3ABL_R06,0.9833333333333332,G0,105.0,0.98,0.0067947738730752,100
6,M3ABL_R06,0.9833333333333332,G0,110.0,0.98,0.0067947738730752,100
6,M3ABL_R06,0.9833333333333332,G0,115.0,0.98,0.0067947738730752,100
6,M3ABL_R06,0.9833333333333332,G0,120.0,0.98,0.0067947738730752,100
6,M3ABL_R06,0.9833333333333332,G0,125.0,0.99,0.0067947738730752,100
6,M3ABL_R06,0.9833333333333332,G0,130.0,0.99,0.0067947738730752,100
6,M3ABL_R06,0.9833333333333332,G0,135.0,0.99,0.0067947738730752,100
6,M3ABL_R06,0.9833333333333332,G0,140.0,0.99,0.0067947738730752,100
6,M3ABL_R06,0.9833333333333332,G0,145.0,0.99,0.0067947738730752,100
6,M3ABL_R06,0.9833333333333332,G0,150.0,0.99,0.0067947738730752,100
6,M3ABL_R06,0.9833333333333332,G0,155.0,0.99,0.0067947738730752,100
6,M3ABL_R06,0.9833333333333332,G0,160.0,0.99,0.0067947738730752,100
6,M3ABL_R06,0.9833333333333332,G0,165.0,0.99,0.0067947738730752,100
6,M3ABL_R06,0.9833333333333332,G0,170.0,1.0,0.0067947738730752,100
6,M3ABL_R06,0.9833333333333332,G0,175.0,1.0,0.0067947738730752,100
6,M3ABL_R06,0.9833333333333332,G0,180.0,1.0,0.0067947738730752,100
6,M3ABL_R06,0.9833333333333332,G0,185.0,1.0,0.0067947738730752,100
6,M3ABL_R06,0.9833333333333332,G0,190.0,1.0,0.0067947738730752,100
6,M3ABL_R06,0.9833333333333332,G0,195.0,1.0,0.0067947738730752,100
6,M3ABL_R06,0.9833333333333332,G0,200.0,1.0,0.0067947738730752,100
6,M3ABL_R06,0.9833333333333332,G0,205.0,1.0,0.0067947738730752,100
6,M3ABL_R06,0.9833333333333332,G0,210.0,1.0,0.0067947738730752,100
6,M3ABL_R06,0.9833333333333332,G0,215.0,1.0,0.0067947738730752,100
6,M3ABL_R06,0.9833333333333332,G0,220.0,1.0,0.0067947738730752,100
6,M3ABL_R06,0.9833333333333332,G0,225.0,1.0,0.0067947738730752,100
6,M3ABL_R06,0.9833333333333332,G0,230.0,1.0,0.0067947738730752,100
6,M3ABL_R06,0.9833333333333332,G0,235.0,1.0,0.0067947738730752,100
6,M3ABL_R06,0.9833333333333332,G0,240.0,1.0,0.0067947738730752,100
6,M3ABL_R06,0.9833333333333332,G1,60.0,0.94,0.0067947738730752,100
6,M3ABL_R06,0.9833333333333332,G1,65.0,0.95,0.0067947738730752,100
6,M3ABL_R06,0.9833333333333332,G1,70.0,0.91,0.0067947738730752,100
6,M3ABL_R06,0.9833333333333332,G1,75.0,0.94,0.0067947738730752,100
6,M3ABL_R06,0.9833333333333332,G1,80.0,0.94,0.0067947738730752,100
6,M3ABL_R06,0.9833333333333332,G1,85.0,0.94,0.0067947738730752,100
6,M3ABL_R06,0.9833333333333332,G1,90.0,0.93,0.0067947738730752,100
6,M3ABL_R06,0.9833333333333332,G1,95.0,0.93,0.0067947738730752,100
6,M3ABL_R06,0.9833333333333332,G1,100.0,0.93,0.0067947738730752,100
6,M3ABL_R06,0.9833333333333332,G1,105.0,0.93,0.0067947738730752,100
6,M3ABL_R06,0.9833333333333332,G1,110.0,0.94,0.0067947738730752,100
6,M3ABL_R06,0.9833333333333332,G1,115.0,0.93,0.0067947738730752,100
6,M3ABL_R06,0.9833333333333332,G1,120.0,0.93,0.0067947738730752,100
6,M3ABL_R06,0.9833333333333332,G1,125.0,0.95,0.0067947738730752,100
6,M3ABL_R06,0.9833333333333332,G1,130.0,0.95,0.0067947738730752,100
6,M3ABL_R06,0.9833333333333332,G1,135.0,0.96,0.0067947738730752,100
6,M3ABL_R06,0.9833333333333332,G1,140.0,0.96,0.0067947738730752,100
6,M3ABL_R06,0.9833333333333332,G1,145.0,0.96,0.0067947738730752,100
6,M3ABL_R06,0.9833333333333332,G1,150.0,0.96,0.0067947738730752,100
6,M3ABL_R06,0.9833333333333332,G1,155.0,0.96,0.0067947738730752,100
6,M3ABL_R06,0.9833333333333332,G1,160.0,0.97,0.0067947738730752,100
6,M3ABL_R06,0.9833333333333332,G1,165.0,0.97,0.0067947738730752,100
6,M3ABL_R06,0.9833333333333332,G1,170.0,0.98,0.0067947738730752,100
6,M3ABL_R06,0.9833333333333332,G1,175.0,0.98,0.0067947738730752,100
6,M3ABL_R06,0.9833333333333332,G1,180.0,0.98,0.0067947738730752,100
6,M3ABL_R06,0.9833333333333332,G1,185.0,0.99,0.0067947738730752,100
6,M3ABL_R06,0.9833333333333332,G1,190.0,0.99,0.0067947738730752,100
6,M3ABL_R06,0.9833333333333332,G1,195.0,0.99,0.0067947738730752,100
6,M3ABL_R06,0.9833333333333332,G1,200.0,0.99,0.0067947738730752,100
6,M3ABL_R06,0.9833333333333332,G1,205.0,0.99,0.0067947738730752,100
6,M3ABL_R06,0.9833333333333332,G1,210.0,0.99,0.0067947738730752,100
6,M3ABL_R06,0.9833333333333332,G1,215.0,0.99,0.0067947738730752,100
6,M3ABL_R06,0.9833333333333332,G1,220.0,0.99,0.0067947738730752,100
6,M3ABL_R06,0.9833333333333332,G1,225.0,0.99,0.0067947738730752,100
6,M3ABL_R06,0.9833333333333332,G1,230.0,0.99,0.0067947738730752,100
6,M3ABL_R06,0.9833333333333332,G1,235.0,0.99,0.0067947738730752,100
6,M3ABL_R06,0.9833333333333332,G1,240.0,0.99,0.0067947738730752,100
6,M3ABL_R06,0.9833333333333332,G2,60.0,0.76,0.0067947738730752,100
6,M3ABL_R06,0.9833333333333332,G2,65.0,0.8,0.0067947738730752,100
6,M3ABL_R06,0.9833333333333332,G2,70.0,0.77,0.0067947738730752,100
6,M3ABL_R06,0.9833333333333332,G2,75.0,0.8,0.0067947738730752,100
6,M3ABL_R06,0.9833333333333332,G2,80.0,0.78,0.0067947738730752,100
6,M3ABL_R06,0.9833333333333332,G2,85.0,0.86,0.0067947738730752,100
6,M3ABL_R06,0.9833333333333332,G2,90.0,0.84,0.0067947738730752,100
6,M3ABL_R06,0.9833333333333332,G2,95.0,0.83,0.0067947738730752,100
6,M3ABL_R06,0.9833333333333332,G2,100.0,0.84,0.0067947738730752,100
6,M3ABL_R06,0.9833333333333332,G2,105.0,0.82,0.0067947738730752,100
6,M3ABL_R06,0.9833333333333332,G2,110.0,0.85,0.0067947738730752,100
6,M3ABL_R06,0.9833333333333332,G2,115.0,0.83,0.0067947738730752,100
6,M3ABL_R06,0.9833333333333332,G2,120.0,0.82,0.0067947738730752,100
6,M3ABL_R06,0.9833333333333332,G2,125.0,0.82,0.0067947738730752,100
6,M3ABL_R06,0.9833333333333332,G2,130.0,0.82,0.0067947738730752,100
6,M3ABL_R06,0.9833333333333332,G2,135.0,0.85,0.0067947738730752,100
6,M3ABL_R06,0.9833333333333332,G2,140.0,0.84,0.0067947738730752,100
6,M3ABL_R06,0.9833333333333332,G2,145.0,0.86,0.0067947738730752,100
6,M3ABL_R06,0.9833333333333332,G2,150.0,0.86,0.0067947738730752,100
6,M3ABL_R06,0.9833333333333332,G2,155.0,0.85,0.0067947738730752,100
6,M3ABL_R06,0.9833333333333332,G2,160.0,0.88,0.0067947738730752,100
6,M3ABL_R06,0.9833333333333332,G2,165.0,0.87,0.0067947738730752,100
6,M3ABL_R06,0.9833333333333332,G2,170.0,0.9,0.0067947738730752,100
6,M3ABL_R06,0.9833333333333332,G2,175.0,0.89,0.0067947738730752,100
6,M3ABL_R06,0.9833333333333332,G2,180.0,0.87,0.0067947738730752,100
6,M3ABL_R06,0.9833333333333332,G2,185.0,0.88,0.0067947738730752,100
6,M3ABL_R06,0.9833333333333332,G2,190.0,0.86,0.0067947738730752,100
6,M3ABL_R06,0.9833333333333332,G2,195.0,0.89,0.0067947738730752,100
6,M3ABL_R06,0.9833333333333332,G2,200.0,0.87,0.0067947738730752,100
6,M3ABL_R06,0.9833333333333332,G2,205.0,0.87,0.0067947738730752,100
6,M3ABL_R06,0.9833333333333332,G2,210.0,0.86,0.0067947738730752,100
6,M3ABL_R06,0.9833333333333332,G2,215.0,0.85,0.0067947738730752,100
6,M3ABL_R06,0.9833333333333332,G2,220.0,0.88,0.0067947738730752,100
6,M3ABL_R06,0.9833333333333332,G2,225.0,0.87,0.0067947738730752,100
6,M3ABL_R06,0.9833333333333332,G2,230.0,0.87,0.0067947738730752,100
6,M3ABL_R06,0.9833333333333332,G2,235.0,0.87,0.0067947738730752,100
6,M3ABL_R06,0.9833333333333332,G2,240.0,0.86,0.0067947738730752,100
6,M3ABL_R06,0.99,G0,60.0,0.99,0.0067947738730752,100
6,M3ABL_R06,0.99,G0,65.0,0.99,0.0067947738730752,100
6,M3ABL_R06,0.99,G0,70.0,0.97,0.0067947738730752,100
6,M3ABL_R06,0.99,G0,75.0,0.97,0.0067947738730752,100
6,M3ABL_R06,0.99,G0,80.0,0.97,0.0067947738730752,100
6,M3ABL_R06,0.99,G0,85.0,0.99,0.0067947738730752,100
6,M3ABL_R06,0.99,G0,90.0,0.99,0.0067947738730752,100
6,M3ABL_R06,0.99,G0,95.0,0.99,0.0067947738730752,100
6,M3ABL_R06,0.99,G0,100.0,0.98,0.0067947738730752,100
6,M3ABL_R06,0.99,G0,105.0,0.99,0.0067947738730752,100
6,M3ABL_R06,0.99,G0,110.0,0.99,0.0067947738730752,100
6,M3ABL_R06,0.99,G0,115.0,0.99,0.0067947738730752,100
6,M3ABL_R06,0.99,G0,120.0,0.99,0.0067947738730752,100
6,M3ABL_R06,0.99,G0,125.0,0.99,0.0067947738730752,100
6,M3ABL_R06,0.99,G0,130.0,0.99,0.0067947738730752,100
6,M3ABL_R06,0.99,G0,135.0,0.99,0.0067947738730752,100
6,M3ABL_R06,0.99,G0,140.0,0.99,0.0067947738730752,100
6,M3ABL_R06,0.99,G0,145.0,0.99,0.0067947738730752,100
6,M3ABL_R06,0.99,G0,150.0,0.99,0.0067947738730752,100
6,M3ABL_R06,0.99,G0,155.0,0.99,0.0067947738730752,100
6,M3ABL_R06,0.99,G0,160.0,0.99,0.0067947738730752,100
6,M3ABL_R06,0.99,G0,165.0,0.99,0.0067947738730752,100
6,M3ABL_R06,0.99,G0,170.0,0.99,0.0067947738730752,100
6,M3ABL_R06,0.99,G0,175.0,0.99,0.0067947738730752,100
6,M3ABL_R06,0.99,G0,180.0,0.99,0.0067947738730752,100
6,M3ABL_R06,0.99,G0,185.0,0.99,0.0067947738730752,100
6,M3ABL_R06,0.99,G0,190.0,0.99,0.0067947738730752,100
6,M3ABL_R06,0.99,G0,195.0,0.99,0.0067947738730752,100
6,M3ABL_R06,0.99,G0,200.0,0.99,0.0067947738730752,100
6,M3ABL_R06,0.99,G0,205.0,0.99,0.0067947738730752,100
6,M3ABL_R06,0.99,G0,210.0,0.99,0.0067947738730752,100
6,M3ABL_R06,0.99,G0,215.0,0.99,0.0067947738730752,100
6,M3ABL_R06,0.99,G0,220.0,0.99,0.0067947738730752,100
6,M3ABL_R06,0.99,G0,225.0,0.99,0.0067947738730752,100
6,M3ABL_R06,0.99,G0,230.0,0.99,0.0067947738730752,100
6,M3ABL_R06,0.99,G0,235.0,0.99,0.0067947738730752,100
6,M3ABL_R06,0.99,G0,240.0,0.99,0.0067947738730752,100
6,M3ABL_R06,0.99,G1,60.0,0.89,0.0067947738730752,100
6,M3ABL_R06,0.99,G1,65.0,0.95,0.0067947738730752,100
6,M3ABL_R06,0.99,G1,70.0,0.92,0.0067947738730752,100
6,M3ABL_R06,0.99,G1,75.0,0.92,0.0067947738730752,100
6,M3ABL_R06,0.99,G1,80.0,0.92,0.0067947738730752,100
6,M3ABL_R06,0.99,G1,85.0,0.93,0.0067947738730752,100
6,M3ABL_R06,0.99,G1,90.0,0.93,0.0067947738730752,100
6,M3ABL_R06,0.99,G1,95.0,0.93,0.0067947738730752,100
6,M3ABL_R06,0.99,G1,100.0,0.92,0.0067947738730752,100
6,M3ABL_R06,0.99,G1,105.0,0.95,0.0067947738730752,100
6,M3ABL_R06,0.99,G1,110.0,0.94,0.0067947738730752,100
6,M3ABL_R06,0.99,G1,115.0,0.93,0.0067947738730752,100
6,M3ABL_R06,0.99,G1,120.0,0.93,0.0067947738730752,100
6,M3ABL_R06,0.99,G1,125.0,0.94,0.0067947738730752,100
6,M3ABL_R06,0.99,G1,130.0,0.94,0.0067947738730752,100
6,M3ABL_R06,0.99,G1,135.0,0.94,0.0067947738730752,100
6,M3ABL_R06,0.99,G1,140.0,0.94,0.0067947738730752,100
6,M3ABL_R06,0.99,G1,145.0,0.95,0.0067947738730752,100
6,M3ABL_R06,0.99,G1,150.0,0.95,0.0067947738730752,100
6,M3ABL_R06,0.99,G1,155.0,0.95,0.0067947738730752,100
6,M3ABL_R06,0.99,G1,160.0,0.95,0.0067947738730752,100
6,M3ABL_R06,0.99,G1,165.0,0.97,0.0067947738730752,100
6,M3ABL_R06,0.99,G1,170.0,0.97,0.0067947738730752,100
6,M3ABL_R06,0.99,G1,175.0,0.97,0.0067947738730752,100
6,M3ABL_R06,0.99,G1,180.0,0.97,0.0067947738730752,100
6,M3ABL_R06,0.99,G1,185.0,0.97,0.0067947738730752,100
6,M3ABL_R06,0.99,G1,190.0,0.97,0.0067947738730752,100
6,M3ABL_R06,0.99,G1,195.0,0.97,0.0067947738730752,100
6,M3ABL_R06,0.99,G1,200.0,0.97,0.0067947738730752,100
6,M3ABL_R06,0.99,G1,205.0,0.98,0.0067947738730752,100
6,M3ABL_R06,0.99,G1,210.0,0.98,0.0067947738730752,100
6,M3ABL_R06,0.99,G1,215.0,0.98,0.0067947738730752,100
6,M3ABL_R06,0.99,G1,220.0,0.97,0.0067947738730752,100
6,M3ABL_R06,0.99,G1,225.0,0.97,0.0067947738730752,100
6,M3ABL_R06,0.99,G1,230.0,0.96,0.0067947738730752,100
6,M3ABL_R06,0.99,G1,235.0,0.96,0.0067947738730752,100
6,M3ABL_R06,0.99,G1,240.0,0.96,0.0067947738730752,100
6,M3ABL_R06,0.99,G2,60.0,0.69,0.0067947738730752,100
6,M3ABL_R06,0.99,G2,65.0,0.75,0.0067947738730752,100
6,M3ABL_R06,0.99,G2,70.0,0.71,0.0067947738730752,100
6,M3ABL_R06,0.99,G2,75.0,0.69,0.0067947738730752,100
6,M3ABL_R06,0.99,G2,80.0,0.68,0.0067947738730752,100
6,M3ABL_R06,0.99,G2,85.0,0.72,0.0067947738730752,100
6,M3ABL_R06,0.99,G2,90.0,0.72,0.0067947738730752,100
6,M3ABL_R06,0.99,G2,95.0,0.7,0.0067947738730752,100
6,M3ABL_R06,0.99,G2,100.0,0.67,0.0067947738730752,100
6,M3ABL_R06,0.99,G2,105.0,0.78,0.0067947738730752,100
6,M3ABL_R06,0.99,G2,110.0,0.77,0.0067947738730752,100
6,M3ABL_R06,0.99,G2,115.0,0.76,0.0067947738730752,100
6,M3ABL_R06,0.99,G2,120.0,0.73,0.0067947738730752,100
6,M3ABL_R06,0.99,G2,125.0,0.79,0.0067947738730752,100
6,M3ABL_R06,0.99,G2,130.0,0.79,0.0067947738730752,100
6,M3ABL_R06,0.99,G2,135.0,0.78,0.0067947738730752,100
6,M3ABL_R06,0.99,G2,140.0,0.77,0.0067947738730752,100
6,M3ABL_R06,0.99,G2,145.0,0.8,0.0067947738730752,100
6,M3ABL_R06,0.99,G2,150.0,0.8,0.0067947738730752,100
6,M3ABL_R06,0.99,G2,155.0,0.8,0.0067947738730752,100
6,M3ABL_R06,0.99,G2,160.0,0.79,0.0067947738730752,100
6,M3ABL_R06,0.99,G2,165.0,0.8,0.0067947738730752,100
6,M3ABL_R06,0.99,G2,170.0,0.8,0.0067947738730752,100
6,M3ABL_R06,0.99,G2,175.0,0.8,0.0067947738730752,100
6,M3ABL_R06,0.99,G2,180.0,0.79,0.0067947738730752,100
6,M3ABL_R06,0.99,G2,185.0,0.79,0.0067947738730752,100
6,M3ABL_R06,0.99,G2,190.0,0.78,0.0067947738730752,100
6,M3ABL_R06,0.99,G2,195.0,0.77,0.0067947738730752,100
6,M3ABL_R06,0.99,G2,200.0,0.75,0.0067947738730752,100
6,M3ABL_R06,0.99,G2,205.0,0.79,0.0067947738730752,100
6,M3ABL_R06,0.99,G2,210.0,0.78,0.0067947738730752,100
6,M3ABL_R06,0.99,G2,215.0,0.76,0.0067947738730752,100
6,M3ABL_R06,0.99,G2,220.0,0.74,0.0067947738730752,100
6,M3ABL_R06,0.99,G2,225.0,0.8,0.0067947738730752,100
6,M3ABL_R06,0.99,G2,230.0,0.76,0.0067947738730752,100
6,M3ABL_R06,0.99,G2,235.0,0.76,0.0067947738730752,100
6,M3ABL_R06,0.99,G2,240.0,0.76,0.0067947738730752,100
6,M3ABL_R06,0.995,G0,60.0,0.99,0.0067947738730752,100
6,M3ABL_R06,0.995,G0,65.0,0.99,0.0067947738730752,100
6,M3ABL_R06,0.995,G0,70.0,0.98,0.0067947738730752,100
6,M3ABL_R06,0.995,G0,75.0,0.98,0.0067947738730752,100
6,M3ABL_R06,0.995,G0,80.0,0.98,0.0067947738730752,100
6,M3ABL_R06,0.995,G0,85.0,0.99,0.0067947738730752,100
6,M3ABL_R06,0.995,G0,90.0,0.99,0.0067947738730752,100
6,M3ABL_R06,0.995,G0,95.0,0.99,0.0067947738730752,100
6,M3ABL_R06,0.995,G0,100.0,0.98,0.0067947738730752,100
6,M3ABL_R06,0.995,G0,105.0,0.98,0.0067947738730752,100
6,M3ABL_R06,0.995,G0,110.0,0.98,0.0067947738730752,100
6,M3ABL_R06,0.995,G0,115.0,0.98,0.0067947738730752,100
6,M3ABL_R06,0.995,G0,120.0,0.98,0.0067947738730752,100
6,M3ABL_R06,0.995,G0,125.0,0.99,0.0067947738730752,100
6,M3ABL_R06,0.995,G0,130.0,0.99,0.0067947738730752,100
6,M3ABL_R06,0.995,G0,135.0,0.99,0.0067947738730752,100
6,M3ABL_R06,0.995,G0,140.0,0.99,0.0067947738730752,100
6,M3ABL_R06,0.995,G0,145.0,0.99,0.0067947738730752,100
6,M3ABL_R06,0.995,G0,150.0,0.99,0.0067947738730752,100
6,M3ABL_R06,0.995,G0,155.0,0.99,0.0067947738730752,100
6,M3ABL_R06,0.995,G0,160.0,0.99,0.0067947738730752,100
6,M3ABL_R06,0.995,G0,165.0,0.99,0.0067947738730752,100
6,M3ABL_R06,0.995,G0,170.0,0.99,0.0067947738730752,100
6,M3ABL_R06,0.995,G0,175.0,0.99,0.0067947738730752,100
6,M3ABL_R06,0.995,G0,180.0,0.99,0.0067947738730752,100
6,M3ABL_R06,0.995,G0,185.0,0.99,0.0067947738730752,100
6,M3ABL_R06,0.995,G0,190.0,0.99,0.0067947738730752,100
6,M3ABL_R06,0.995,G0,195.0,0.99,0.0067947738730752,100
6,M3ABL_R06,0.995,G0,200.0,0.99,0.0067947738730752,100
6,M3ABL_R06,0.995,G0,205.0,0.99,0.0067947738730752,100
6,M3ABL_R06,0.995,G0,210.0,0.99,0.0067947738730752,100
6,M3ABL_R06,0.995,G0,215.0,0.99,0.0067947738730752,100
6,M3ABL_R06,0.995,G0,220.0,0.99,0.0067947738730752,100
6,M3ABL_R06,0.995,G0,225.0,0.99,0.0067947738730752,100
6,M3ABL_R06,0.995,G0,230.0,0.99,0.0067947738730752,100
6,M3ABL_R06,0.995,G0,235.0,0.99,0.0067947738730752,100
6,M3ABL_R06,0.995,G0,240.0,0.99,0.0067947738730752,100
6,M3ABL_R06,0.995,G1,60.0,0.91,0.0067947738730752,100
6,M3ABL_R06,0.995,G1,65.0,0.91,0.0067947738730752,100
6,M3ABL_R06,0.995,G1,70.0,0.87,0.0067947738730752,100
6,M3ABL_R06,0.995,G1,75.0,0.87,0.0067947738730752,100
6,M3ABL_R06,0.995,G1,80.0,0.87,0.0067947738730752,100
6,M3ABL_R06,0.995,G1,85.0,0.91,0.0067947738730752,100
6,M3ABL_R06,0.995,G1,90.0,0.9,0.0067947738730752,100
6,M3ABL_R06,0.995,G1,95.0,0.9,0.0067947738730752,100
6,M3ABL_R06,0.995,G1,100.0,0.89,0.0067947738730752,100
6,M3ABL_R06,0.995,G1,105.0,0.89,0.0067947738730752,100
6,M3ABL_R06,0.995,G1,110.0,0.88,0.0067947738730752,100
6,M3ABL_R06,0.995,G1,115.0,0.87,0.0067947738730752,100
6,M3ABL_R06,0.995,G1,120.0,0.87,0.0067947738730752,100
6,M3ABL_R06,0.995,G1,125.0,0.9,0.0067947738730752,100
6,M3ABL_R06,0.995,G1,130.0,0.9,0.0067947738730752,100
6,M3ABL_R06,0.995,G1,135.0,0.9,0.0067947738730752,100
6,M3ABL_R06,0.995,G1,140.0,0.9,0.0067947738730752,100
6,M3ABL_R06,0.995,G1,145.0,0.9,0.0067947738730752,100
6,M3ABL_R06,0.995,G1,150.0,0.9,0.0067947738730752,100
6,M3ABL_R06,0.995,G1,155.0,0.9,0.0067947738730752,100
6,M3ABL_R06,0.995,G1,160.0,0.89,0.0067947738730752,100
6,M3ABL_R06,0.995,G1,165.0,0.93,0.0067947738730752,100
6,M3ABL_R06,0.995,G1,170.0,0.93,0.0067947738730752,100
6,M3ABL_R06,0.995,G1,175.0,0.93,0.0067947738730752,100
6,M3ABL_R06,0.995,G1,180.0,0.93,0.0067947738730752,100
6,M3ABL_R06,0.995,G1,185.0,0.93,0.0067947738730752,100
6,M3ABL_R06,0.995,G1,190.0,0.91,0.0067947738730752,100
6,M3ABL_R06,0.995,G1,195.0,0.91,0.0067947738730752,100
6,M3ABL_R06,0.995,G1,200.0,0.9,0.0067947738730752,100
6,M3ABL_R06,0.995,G1,205.0,0.95,0.0067947738730752,100
6,M3ABL_R06,0.995,G1,210.0,0.95,0.0067947738730752,100
6,M3ABL_R06,0.995,G1,215.0,0.95,0.0067947738730752,100
6,M3ABL_R06,0.995,G1,220.0,0.95,0.0067947738730752,100
6,M3ABL_R06,0.995,G1,225.0,0.95,0.0067947738730752,100
6,M3ABL_R06,0.995,G1,230.0,0.95,0.0067947738730752,100
6,M3ABL_R06,0.995,G1,235.0,0.95,0.0067947738730752,100
6,M3ABL_R06,0.995,G1,240.0,0.95,0.0067947738730752,100
6,M3ABL_R06,0.995,G2,60.0,0.69,0.0067947738730752,100
6,M3ABL_R06,0.995,G2,65.0,0.69,0.0067947738730752,100
6,M3ABL_R06,0.995,G2,70.0,0.66,0.0067947738730752,100
6,M3ABL_R06,0.995,G2,75.0,0.64,0.0067947738730752,100
6,M3ABL_R06,0.995,G2,80.0,0.64,0.0067947738730752,100
6,M3ABL_R06,0.995,G2,85.0,0.68,0.0067947738730752,100
6,M3ABL_R06,0.995,G2,90.0,0.68,0.0067947738730752,100
6,M3ABL_R06,0.995,G2,95.0,0.67,0.0067947738730752,100
6,M3ABL_R06,0.995,G2,100.0,0.64,0.0067947738730752,100
6,M3ABL_R06,0.995,G2,105.0,0.62,0.0067947738730752,100
6,M3ABL_R06,0.995,G2,110.0,0.6,0.0067947738730752,100
6,M3ABL_R06,0.995,G2,115.0,0.6,0.0067947738730752,100
6,M3ABL_R06,0.995,G2,120.0,0.6,0.0067947738730752,100
6,M3ABL_R06,0.995,G2,125.0,0.66,0.0067947738730752,100
6,M3ABL_R06,0.995,G2,130.0,0.66,0.0067947738730752,100
6,M3ABL_R06,0.995,G2,135.0,0.65,0.0067947738730752,100
6,M3ABL_R06,0.995,G2,140.0,0.65,0.0067947738730752,100
6,M3ABL_R06,0.995,G2,145.0,0.64,0.0067947738730752,100
6,M3ABL_R06,0.995,G2,150.0,0.63,0.0067947738730752,100
6,M3ABL_R06,0.995,G2,155.0,0.59,0.0067947738730752,100
6,M3ABL_R06,0.995,G2,160.0,0.59,0.0067947738730752,100
6,M3ABL_R06,0.995,G2,165.0,0.69,0.0067947738730752,100
6,M3ABL_R06,0.995,G2,170.0,0.68,0.0067947738730752,100
6,M3ABL_R06,0.995,G2,175.0,0.68,0.0067947738730752,100
6,M3ABL_R06,0.995,G2,180.0,0.67,0.0067947738730752,100
6,M3ABL_R06,0.995,G2,185.0,0.65,0.0067947738730752,100
6,M3ABL_R06,0.995,G2,190.0,0.63,0.0067947738730752,100
6,M3ABL_R06,0.995,G2,195.0,0.63,0.0067947738730752,100
6,M3ABL_R06,0.995,G2,200.0,0.61,0.0067947738730752,100
6,M3ABL_R06,0.995,G2,205.0,0.68,0.0067947738730752,100
6,M3ABL_R06,0.995,G2,210.0,0.67,0.0067947738730752,100
6,M3ABL_R06,0.995,G2,215.0,0.67,0.0067947738730752,100
6,M3ABL_R06,0.995,G2,220.0,0.66,0.0067947738730752,100
6,M3ABL_R06,0.995,G2,225.0,0.65,0.0067947738730752,100
6,M3ABL_R06,0.995,G2,230.0,0.64,0.0067947738730752,100
6,M3ABL_R06,0.995,G2,235.0,0.64,0.0067947738730752,100
6,M3ABL_R06,0.995,G2,240.0,0.62,0.0067947738730752,100
7,M3ABL_R07,0.95,G0,60.0,0.96,0.0037363282739307,100
7,M3ABL_R07,0.95,G0,65.0,0.98,0.0037363282739307,100
7,M3ABL_R07,0.95,G0,70.0,0.99,0.0037363282739307,100
7,M3ABL_R07,0.95,G0,75.0,0.98,0.0037363282739307,100
7,M3ABL_R07,0.95,G0,80.0,0.98,0.0037363282739307,100
7,M3ABL_R07,0.95,G0,85.0,0.99,0.0037363282739307,100
7,M3ABL_R07,0.95,G0,90.0,0.99,0.0037363282739307,100
7,M3ABL_R07,0.95,G0,95.0,0.99,0.0037363282739307,100
7,M3ABL_R07,0.95,G0,100.0,0.99,0.0037363282739307,100
7,M3ABL_R07,0.95,G0,105.0,0.98,0.0037363282739307,100
7,M3ABL_R07,0.95,G0,110.0,0.99,0.0037363282739307,100
7,M3ABL_R07,0.95,G0,115.0,0.99,0.0037363282739307,100
7,M3ABL_R07,0.95,G0,120.0,0.99,0.0037363282739307,100
7,M3ABL_R07,0.95,G0,125.0,0.99,0.0037363282739307,100
7,M3ABL_R07,0.95,G0,130.0,0.99,0.0037363282739307,100
7,M3ABL_R07,0.95,G0,135.0,0.99,0.0037363282739307,100
7,M3ABL_R07,0.95,G0,140.0,0.99,0.0037363282739307,100
7,M3ABL_R07,0.95,G0,145.0,1.0,0.0037363282739307,100
7,M3ABL_R07,0.95,G0,150.0,1.0,0.0037363282739307,100
7,M3ABL_R07,0.95,G0,155.0,1.0,0.0037363282739307,100
7,M3ABL_R07,0.95,G0,160.0,1.0,0.0037363282739307,100
7,M3ABL_R07,0.95,G0,165.0,1.0,0.0037363282739307,100
7,M3ABL_R07,0.95,G0,170.0,1.0,0.0037363282739307,100
7,M3ABL_R07,0.95,G0,175.0,1.0,0.0037363282739307,100
7,M3ABL_R07,0.95,G0,180.0,1.0,0.0037363282739307,100
7,M3ABL_R07,0.95,G0,185.0,1.0,0.0037363282739307,100
7,M3ABL_R07,0.95,G0,190.0,1.0,0.0037363282739307,100
7,M3ABL_R07,0.95,G0,195.0,1.0,0.0037363282739307,100
7,M3ABL_R07,0.95,G0,200.0,1.0,0.0037363282739307,100
7,M3ABL_R07,0.95,G0,205.0,1.0,0.0037363282739307,100
7,M3ABL_R07,0.95,G0,210.0,1.0,0.0037363282739307,100
7,M3ABL_R07,0.95,G0,215.0,1.0,0.0037363282739307,100
7,M3ABL_R07,0.95,G0,220.0,1.0,0.0037363282739307,100
7,M3ABL_R07,0.95,G0,225.0,1.0,0.0037363282739307,100
7,M3ABL_R07,0.95,G0,230.0,1.0,0.0037363282739307,100
7,M3ABL_R07,0.95,G0,235.0,1.0,0.0037363282739307,100
7,M3ABL_R07,0.95,G0,240.0,1.0,0.0037363282739307,100
7,M3ABL_R07,0.95,G1,60.0,0.86,0.0037363282739307,100
7,M3ABL_R07,0.95,G1,65.0,0.87,0.0037363282739307,100
7,M3ABL_R07,0.95,G1,70.0,0.87,0.0037363282739307,100
7,M3ABL_R07,0.95,G1,75.0,0.86,0.0037363282739307,100
7,M3ABL_R07,0.95,G1,80.0,0.88,0.0037363282739307,100
7,M3ABL_R07,0.95,G1,85.0,0.89,0.0037363282739307,100
7,M3ABL_R07,0.95,G1,90.0,0.88,0.0037363282739307,100
7,M3ABL_R07,0.95,G1,95.0,0.88,0.0037363282739307,100
7,M3ABL_R07,0.95,G1,100.0,0.89,0.0037363282739307,100
7,M3ABL_R07,0.95,G1,105.0,0.9,0.0037363282739307,100
7,M3ABL_R07,0.95,G1,110.0,0.89,0.0037363282739307,100
7,M3ABL_R07,0.95,G1,115.0,0.88,0.0037363282739307,100
7,M3ABL_R07,0.95,G1,120.0,0.89,0.0037363282739307,100
7,M3ABL_R07,0.95,G1,125.0,0.89,0.0037363282739307,100
7,M3ABL_R07,0.95,G1,130.0,0.89,0.0037363282739307,100
7,M3ABL_R07,0.95,G1,135.0,0.89,0.0037363282739307,100
7,M3ABL_R07,0.95,G1,140.0,0.89,0.0037363282739307,100
7,M3ABL_R07,0.95,G1,145.0,0.9,0.0037363282739307,100
7,M3ABL_R07,0.95,G1,150.0,0.91,0.0037363282739307,100
7,M3ABL_R07,0.95,G1,155.0,0.91,0.0037363282739307,100
7,M3ABL_R07,0.95,G1,160.0,0.92,0.0037363282739307,100
7,M3ABL_R07,0.95,G1,165.0,0.91,0.0037363282739307,100
7,M3ABL_R07,0.95,G1,170.0,0.92,0.0037363282739307,100
7,M3ABL_R07,0.95,G1,175.0,0.92,0.0037363282739307,100
7,M3ABL_R07,0.95,G1,180.0,0.92,0.0037363282739307,100
7,M3ABL_R07,0.95,G1,185.0,0.93,0.0037363282739307,100
7,M3ABL_R07,0.95,G1,190.0,0.94,0.0037363282739307,100
7,M3ABL_R07,0.95,G1,195.0,0.94,0.0037363282739307,100
7,M3ABL_R07,0.95,G1,200.0,0.95,0.0037363282739307,100
7,M3ABL_R07,0.95,G1,205.0,0.97,0.0037363282739307,100
7,M3ABL_R07,0.95,G1,210.0,0.97,0.0037363282739307,100
7,M3ABL_R07,0.95,G1,215.0,0.96,0.0037363282739307,100
7,M3ABL_R07,0.95,G1,220.0,0.96,0.0037363282739307,100
7,M3ABL_R07,0.95,G1,225.0,0.96,0.0037363282739307,100
7,M3ABL_R07,0.95,G1,230.0,0.96,0.0037363282739307,100
7,M3ABL_R07,0.95,G1,235.0,0.95,0.0037363282739307,100
7,M3ABL_R07,0.95,G1,240.0,0.95,0.0037363282739307,100
7,M3ABL_R07,0.95,G2,60.0,0.67,0.0037363282739307,100
7,M3ABL_R07,0.95,G2,65.0,0.68,0.0037363282739307,100
7,M3ABL_R07,0.95,G2,70.0,0.72,0.0037363282739307,100
7,M3ABL_R07,0.95,G2,75.0,0.7,0.0037363282739307,100
7,M3ABL_R07,0.95,G2,80.0,0.7,0.0037363282739307,100
7,M3ABL_R07,0.95,G2,85.0,0.71,0.0037363282739307,100
7,M3ABL_R07,0.95,G2,90.0,0.7,0.0037363282739307,100
7,M3ABL_R07,0.95,G2,95.0,0.72,0.0037363282739307,100
7,M3ABL_R07,0.95,G2,100.0,0.72,0.0037363282739307,100
7,M3ABL_R07,0.95,G2,105.0,0.73,0.0037363282739307,100
7,M3ABL_R07,0.95,G2,110.0,0.69,0.0037363282739307,100
7,M3ABL_R07,0.95,G2,115.0,0.71,0.0037363282739307,100
7,M3ABL_R07,0.95,G2,120.0,0.74,0.0037363282739307,100
7,M3ABL_R07,0.95,G2,125.0,0.74,0.0037363282739307,100
7,M3ABL_R07,0.95,G2,130.0,0.74,0.0037363282739307,100
7,M3ABL_R07,0.95,G2,135.0,0.74,0.0037363282739307,100
7,M3ABL_R07,0.95,G2,140.0,0.71,0.0037363282739307,100
7,M3ABL_R07,0.95,G2,145.0,0.72,0.0037363282739307,100
7,M3ABL_R07,0.95,G2,150.0,0.69,0.0037363282739307,100
7,M3ABL_R07,0.95,G2,155.0,0.7,0.0037363282739307,100
7,M3ABL_R07,0.95,G2,160.0,0.71,0.0037363282739307,100
7,M3ABL_R07,0.95,G2,165.0,0.75,0.0037363282739307,100
7,M3ABL_R07,0.95,G2,170.0,0.72,0.0037363282739307,100
7,M3ABL_R07,0.95,G2,175.0,0.73,0.0037363282739307,100
7,M3ABL_R07,0.95,G2,180.0,0.71,0.0037363282739307,100
7,M3ABL_R07,0.95,G2,185.0,0.72,0.0037363282739307,100
7,M3ABL_R07,0.95,G2,190.0,0.72,0.0037363282739307,100
7,M3ABL_R07,0.95,G2,195.0,0.72,0.0037363282739307,100
7,M3ABL_R07,0.95,G2,200.0,0.73,0.0037363282739307,100
7,M3ABL_R07,0.95,G2,205.0,0.72,0.0037363282739307,100
7,M3ABL_R07,0.95,G2,210.0,0.7,0.0037363282739307,100
7,M3ABL_R07,0.95,G2,215.0,0.72,0.0037363282739307,100
7,M3ABL_R07,0.95,G2,220.0,0.71,0.0037363282739307,100
7,M3ABL_R07,0.95,G2,225.0,0.69,0.0037363282739307,100
7,M3ABL_R07,0.95,G2,230.0,0.66,0.0037363282739307,100
7,M3ABL_R07,0.95,G2,235.0,0.67,0.0037363282739307,100
7,M3ABL_R07,0.95,G2,240.0,0.68,0.0037363282739307,100
7,M3ABL_R07,0.975,G0,60.0,0.99,0.0037363282739307,100
7,M3ABL_R07,0.975,G0,65.0,0.99,0.0037363282739307,100
7,M3ABL_R07,0.975,G0,70.0,0.98,0.0037363282739307,100
7,M3ABL_R07,0.975,G0,75.0,0.98,0.0037363282739307,100
7,M3ABL_R07,0.975,G0,80.0,0.98,0.0037363282739307,100
7,M3ABL_R07,0.975,G0,85.0,0.99,0.0037363282739307,100
7,M3ABL_R07,0.975,G0,90.0,0.99,0.0037363282739307,100
7,M3ABL_R07,0.975,G0,95.0,0.99,0.0037363282739307,100
7,M3ABL_R07,0.975,G0,100.0,0.99,0.0037363282739307,100
7,M3ABL_R07,0.975,G0,105.0,0.98,0.0037363282739307,100
7,M3ABL_R07,0.975,G0,110.0,0.98,0.0037363282739307,100
7,M3ABL_R07,0.975,G0,115.0,0.98,0.0037363282739307,100
7,M3ABL_R07,0.975,G0,120.0,0.98,0.0037363282739307,100
7,M3ABL_R07,0.975,G0,125.0,0.98,0.0037363282739307,100
7,M3ABL_R07,0.975,G0,130.0,0.98,0.0037363282739307,100
7,M3ABL_R07,0.975,G0,135.0,0.98,0.0037363282739307,100
7,M3ABL_R07,0.975,G0,140.0,0.98,0.0037363282739307,100
7,M3ABL_R07,0.975,G0,145.0,0.98,0.0037363282739307,100
7,M3ABL_R07,0.975,G0,150.0,0.98,0.0037363282739307,100
7,M3ABL_R07,0.975,G0,155.0,0.98,0.0037363282739307,100
7,M3ABL_R07,0.975,G0,160.0,0.98,0.0037363282739307,100
7,M3ABL_R07,0.975,G0,165.0,0.99,0.0037363282739307,100
7,M3ABL_R07,0.975,G0,170.0,1.0,0.0037363282739307,100
7,M3ABL_R07,0.975,G0,175.0,1.0,0.0037363282739307,100
7,M3ABL_R07,0.975,G0,180.0,1.0,0.0037363282739307,100
7,M3ABL_R07,0.975,G0,185.0,1.0,0.0037363282739307,100
7,M3ABL_R07,0.975,G0,190.0,1.0,0.0037363282739307,100
7,M3ABL_R07,0.975,G0,195.0,1.0,0.0037363282739307,100
7,M3ABL_R07,0.975,G0,200.0,1.0,0.0037363282739307,100
7,M3ABL_R07,0.975,G0,205.0,1.0,0.0037363282739307,100
7,M3ABL_R07,0.975,G0,210.0,1.0,0.0037363282739307,100
7,M3ABL_R07,0.975,G0,215.0,1.0,0.0037363282739307,100
7,M3ABL_R07,0.975,G0,220.0,1.0,0.0037363282739307,100
7,M3ABL_R07,0.975,G0,225.0,1.0,0.0037363282739307,100
7,M3ABL_R07,0.975,G0,230.0,1.0,0.0037363282739307,100
7,M3ABL_R07,0.975,G0,235.0,1.0,0.0037363282739307,100
7,M3ABL_R07,0.975,G0,240.0,1.0,0.0037363282739307,100
7,M3ABL_R07,0.975,G1,60.0,0.89,0.0037363282739307,100
7,M3ABL_R07,0.975,G1,65.0,0.9,0.0037363282739307,100
7,M3ABL_R07,0.975,G1,70.0,0.86,0.0037363282739307,100
7,M3ABL_R07,0.975,G1,75.0,0.88,0.0037363282739307,100
7,M3ABL_R07,0.975,G1,80.0,0.88,0.0037363282739307,100
7,M3ABL_R07,0.975,G1,85.0,0.88,0.0037363282739307,100
7,M3ABL_R07,0.975,G1,90.0,0.88,0.0037363282739307,100
7,M3ABL_R07,0.975,G1,95.0,0.88,0.0037363282739307,100
7,M3ABL_R07,0.975,G1,100.0,0.9,0.0037363282739307,100
7,M3ABL_R07,0.975,G1,105.0,0.89,0.0037363282739307,100
7,M3ABL_R07,0.975,G1,110.0,0.88,0.0037363282739307,100
7,M3ABL_R07,0.975,G1,115.0,0.87,0.0037363282739307,100
7,M3ABL_R07,0.975,G1,120.0,0.87,0.0037363282739307,100
7,M3ABL_R07,0.975,G1,125.0,0.87,0.0037363282739307,100
7,M3ABL_R07,0.975,G1,130.0,0.89,0.0037363282739307,100
7,M3ABL_R07,0.975,G1,135.0,0.89,0.0037363282739307,100
7,M3ABL_R07,0.975,G1,140.0,0.9,0.0037363282739307,100
7,M3ABL_R07,0.975,G1,145.0,0.92,0.0037363282739307,100
7,M3ABL_R07,0.975,G1,150.0,0.92,0.0037363282739307,100
7,M3ABL_R07,0.975,G1,155.0,0.92,0.0037363282739307,100
7,M3ABL_R07,0.975,G1,160.0,0.92,0.0037363282739307,100
7,M3ABL_R07,0.975,G1,165.0,0.91,0.0037363282739307,100
7,M3ABL_R07,0.975,G1,170.0,0.93,0.0037363282739307,100
7,M3ABL_R07,0.975,G1,175.0,0.93,0.0037363282739307,100
7,M3ABL_R07,0.975,G1,180.0,0.93,0.0037363282739307,100
7,M3ABL_R07,0.975,G1,185.0,0.93,0.0037363282739307,100
7,M3ABL_R07,0.975,G1,190.0,0.91,0.0037363282739307,100
7,M3ABL_R07,0.975,G1,195.0,0.92,0.0037363282739307,100
7,M3ABL_R07,0.975,G1,200.0,0.92,0.0037363282739307,100
7,M3ABL_R07,0.975,G1,205.0,0.93,0.0037363282739307,100
7,M3ABL_R07,0.975,G1,210.0,0.94,0.0037363282739307,100
7,M3ABL_R07,0.975,G1,215.0,0.94,0.0037363282739307,100
7,M3ABL_R07,0.975,G1,220.0,0.95,0.0037363282739307,100
7,M3ABL_R07,0.975,G1,225.0,0.95,0.0037363282739307,100
7,M3ABL_R07,0.975,G1,230.0,0.95,0.0037363282739307,100
7,M3ABL_R07,0.975,G1,235.0,0.94,0.0037363282739307,100
7,M3ABL_R07,0.975,G1,240.0,0.94,0.0037363282739307,100
7,M3ABL_R07,0.975,G2,60.0,0.71,0.0037363282739307,100
7,M3ABL_R07,0.975,G2,65.0,0.74,0.0037363282739307,100
7,M3ABL_R07,0.975,G2,70.0,0.72,0.0037363282739307,100
7,M3ABL_R07,0.975,G2,75.0,0.74,0.0037363282739307,100
7,M3ABL_R07,0.975,G2,80.0,0.73,0.0037363282739307,100
7,M3ABL_R07,0.975,G2,85.0,0.72,0.0037363282739307,100
7,M3ABL_R07,0.975,G2,90.0,0.71,0.0037363282739307,100
7,M3ABL_R07,0.975,G2,95.0,0.7,0.0037363282739307,100
7,M3ABL_R07,0.975,G2,100.0,0.7,0.0037363282739307,100
7,M3ABL_R07,0.975,G2,105.0,0.7,0.0037363282739307,100
7,M3ABL_R07,0.975,G2,110.0,0.63,0.0037363282739307,100
7,M3ABL_R07,0.975,G2,115.0,0.67,0.0037363282739307,100
7,M3ABL_R07,0.975,G2,120.0,0.67,0.0037363282739307,100
7,M3ABL_R07,0.975,G2,125.0,0.69,0.0037363282739307,100
7,M3ABL_R07,0.975,G2,130.0,0.72,0.0037363282739307,100
7,M3ABL_R07,0.975,G2,135.0,0.71,0.0037363282739307,100
7,M3ABL_R07,0.975,G2,140.0,0.71,0.0037363282739307,100
7,M3ABL_R07,0.975,G2,145.0,0.72,0.0037363282739307,100
7,M3ABL_R07,0.975,G2,150.0,0.71,0.0037363282739307,100
7,M3ABL_R07,0.975,G2,155.0,0.7,0.0037363282739307,100
7,M3ABL_R07,0.975,G2,160.0,0.69,0.0037363282739307,100
7,M3ABL_R07,0.975,G2,165.0,0.71,0.0037363282739307,100
7,M3ABL_R07,0.975,G2,170.0,0.72,0.0037363282739307,100
7,M3ABL_R07,0.975,G2,175.0,0.7,0.0037363282739307,100
7,M3ABL_R07,0.975,G2,180.0,0.69,0.0037363282739307,100
7,M3ABL_R07,0.975,G2,185.0,0.7,0.0037363282739307,100
7,M3ABL_R07,0.975,G2,190.0,0.68,0.0037363282739307,100
7,M3ABL_R07,0.975,G2,195.0,0.69,0.0037363282739307,100
7,M3ABL_R07,0.975,G2,200.0,0.67,0.0037363282739307,100
7,M3ABL_R07,0.975,G2,205.0,0.68,0.0037363282739307,100
7,M3ABL_R07,0.975,G2,210.0,0.69,0.0037363282739307,100
7,M3ABL_R07,0.975,G2,215.0,0.68,0.0037363282739307,100
7,M3ABL_R07,0.975,G2,220.0,0.65,0.0037363282739307,100
7,M3ABL_R07,0.975,G2,225.0,0.67,0.0037363282739307,100
7,M3ABL_R07,0.975,G2,230.0,0.62,0.0037363282739307,100
7,M3ABL_R07,0.975,G2,235.0,0.63,0.0037363282739307,100
7,M3ABL_R07,0.975,G2,240.0,0.62,0.0037363282739307,100
7,M3ABL_R07,0.9833333333333332,G0,60.0,0.99,0.0037363282739307,100
7,M3ABL_R07,0.9833333333333332,G0,65.0,1.0,0.0037363282739307,100
7,M3ABL_R07,0.9833333333333332,G0,70.0,0.98,0.0037363282739307,100
7,M3ABL_R07,0.9833333333333332,G0,75.0,0.99,0.0037363282739307,100
7,M3ABL_R07,0.9833333333333332,G0,80.0,0.99,0.0037363282739307,100
7,M3ABL_R07,0.9833333333333332,G0,85.0,0.99,0.0037363282739307,100
7,M3ABL_R07,0.9833333333333332,G0,90.0,0.98,0.0037363282739307,100
7,M3ABL_R07,0.9833333333333332,G0,95.0,0.98,0.0037363282739307,100
7,M3ABL_R07,0.9833333333333332,G0,100.0,0.99,0.0037363282739307,100
7,M3ABL_R07,0.9833333333333332,G0,105.0,0.98,0.0037363282739307,100
7,M3ABL_R07,0.9833333333333332,G0,110.0,0.98,0.0037363282739307,100
7,M3ABL_R07,0.9833333333333332,G0,115.0,0.98,0.0037363282739307,100
7,M3ABL_R07,0.9833333333333332,G0,120.0,0.98,0.0037363282739307,100
7,M3ABL_R07,0.9833333333333332,G0,125.0,0.98,0.0037363282739307,100
7,M3ABL_R07,0.9833333333333332,G0,130.0,0.98,0.0037363282739307,100
7,M3ABL_R07,0.9833333333333332,G0,135.0,0.98,0.0037363282739307,100
7,M3ABL_R07,0.9833333333333332,G0,140.0,0.98,0.0037363282739307,100
7,M3ABL_R07,0.9833333333333332,G0,145.0,0.98,0.0037363282739307,100
7,M3ABL_R07,0.9833333333333332,G0,150.0,0.98,0.0037363282739307,100
7,M3ABL_R07,0.9833333333333332,G0,155.0,0.98,0.0037363282739307,100
7,M3ABL_R07,0.9833333333333332,G0,160.0,0.98,0.0037363282739307,100
7,M3ABL_R07,0.9833333333333332,G0,165.0,0.98,0.0037363282739307,100
7,M3ABL_R07,0.9833333333333332,G0,170.0,0.98,0.0037363282739307,100
7,M3ABL_R07,0.9833333333333332,G0,175.0,0.98,0.0037363282739307,100
7,M3ABL_R07,0.9833333333333332,G0,180.0,0.98,0.0037363282739307,100
7,M3ABL_R07,0.9833333333333332,G0,185.0,1.0,0.0037363282739307,100
7,M3ABL_R07,0.9833333333333332,G0,190.0,0.99,0.0037363282739307,100
7,M3ABL_R07,0.9833333333333332,G0,195.0,0.99,0.0037363282739307,100
7,M3ABL_R07,0.9833333333333332,G0,200.0,0.99,0.0037363282739307,100
7,M3ABL_R07,0.9833333333333332,G0,205.0,0.99,0.0037363282739307,100
7,M3ABL_R07,0.9833333333333332,G0,210.0,0.99,0.0037363282739307,100
7,M3ABL_R07,0.9833333333333332,G0,215.0,0.99,0.0037363282739307,100
7,M3ABL_R07,0.9833333333333332,G0,220.0,0.99,0.0037363282739307,100
7,M3ABL_R07,0.9833333333333332,G0,225.0,0.99,0.0037363282739307,100
7,M3ABL_R07,0.9833333333333332,G0,230.0,1.0,0.0037363282739307,100
7,M3ABL_R07,0.9833333333333332,G0,235.0,1.0,0.0037363282739307,100
7,M3ABL_R07,0.9833333333333332,G0,240.0,1.0,0.0037363282739307,100
7,M3ABL_R07,0.9833333333333332,G1,60.0,0.89,0.0037363282739307,100
7,M3ABL_R07,0.9833333333333332,G1,65.0,0.91,0.0037363282739307,100
7,M3ABL_R07,0.9833333333333332,G1,70.0,0.87,0.0037363282739307,100
7,M3ABL_R07,0.9833333333333332,G1,75.0,0.89,0.0037363282739307,100
7,M3ABL_R07,0.9833333333333332,G1,80.0,0.88,0.0037363282739307,100
7,M3ABL_R07,0.9833333333333332,G1,85.0,0.89,0.0037363282739307,100
7,M3ABL_R07,0.9833333333333332,G1,90.0,0.88,0.0037363282739307,100
7,M3ABL_R07,0.9833333333333332,G1,95.0,0.88,0.0037363282739307,100
7,M3ABL_R07,0.9833333333333332,G1,100.0,0.9,0.0037363282739307,100
7,M3ABL_R07,0.9833333333333332,G1,105.0,0.89,0.0037363282739307,100
7,M3ABL_R07,0.9833333333333332,G1,110.0,0.9,0.0037363282739307,100
7,M3ABL_R07,0.9833333333333332,G1,115.0,0.89,0.0037363282739307,100
7,M3ABL_R07,0.9833333333333332,G1,120.0,0.89,0.0037363282739307,100
7,M3ABL_R07,0.9833333333333332,G1,125.0,0.88,0.0037363282739307,100
7,M3ABL_R07,0.9833333333333332,G1,130.0,0.88,0.0037363282739307,100
7,M3ABL_R07,0.9833333333333332,G1,135.0,0.89,0.0037363282739307,100
7,M3ABL_R07,0.9833333333333332,G1,140.0,0.89,0.0037363282739307,100
7,M3ABL_R07,0.9833333333333332,G1,145.0,0.89,0.0037363282739307,100
7,M3ABL_R07,0.9833333333333332,G1,150.0,0.89,0.0037363282739307,100
7,M3ABL_R07,0.9833333333333332,G1,155.0,0.89,0.0037363282739307,100
7,M3ABL_R07,0.9833333333333332,G1,160.0,0.9,0.0037363282739307,100
7,M3ABL_R07,0.9833333333333332,G1,165.0,0.9,0.0037363282739307,100
7,M3ABL_R07,0.9833333333333332,G1,170.0,0.92,0.0037363282739307,100
7,M3ABL_R07,0.9833333333333332,G1,175.0,0.9,0.0037363282739307,100
7,M3ABL_R07,0.9833333333333332,G1,180.0,0.89,0.0037363282739307,100
7,M3ABL_R07,0.9833333333333332,G1,185.0,0.89,0.0037363282739307,100
7,M3ABL_R07,0.9833333333333332,G1,190.0,0.88,0.0037363282739307,100
7,M3ABL_R07,0.9833333333333332,G1,195.0,0.91,0.0037363282739307,100
7,M3ABL_R07,0.9833333333333332,G1,200.0,0.91,0.0037363282739307,100
7,M3ABL_R07,0.9833333333333332,G1,205.0,0.9,0.0037363282739307,100
7,M3ABL_R07,0.9833333333333332,G1,210.0,0.9,0.0037363282739307,100
7,M3ABL_R07,0.9833333333333332,G1,215.0,0.9,0.0037363282739307,100
7,M3ABL_R07,0.9833333333333332,G1,220.0,0.91,0.0037363282739307,100
7,M3ABL_R07,0.9833333333333332,G1,225.0,0.91,0.0037363282739307,100
7,M3ABL_R07,0.9833333333333332,G1,230.0,0.93,0.0037363282739307,100
7,M3ABL_R07,0.9833333333333332,G1,235.0,0.92,0.0037363282739307,100
7,M3ABL_R07,0.9833333333333332,G1,240.0,0.91,0.0037363282739307,100
7,M3ABL_R07,0.9833333333333332,G2,60.0,0.68,0.0037363282739307,100
7,M3ABL_R07,0.9833333333333332,G2,65.0,0.72,0.0037363282739307,100
7,M3ABL_R07,0.9833333333333332,G2,70.0,0.69,0.0037363282739307,100
7,M3ABL_R07,0.9833333333333332,G2,75.0,0.73,0.0037363282739307,100
7,M3ABL_R07,0.9833333333333332,G2,80.0,0.72,0.0037363282739307,100
7,M3ABL_R07,0.9833333333333332,G2,85.0,0.74,0.0037363282739307,100
7,M3ABL_R07,0.9833333333333332,G2,90.0,0.71,0.0037363282739307,100
7,M3ABL_R07,0.9833333333333332,G2,95.0,0.7,0.0037363282739307,100
7,M3ABL_R07,0.9833333333333332,G2,100.0,0.7,0.0037363282739307,100
7,M3ABL_R07,0.9833333333333332,G2,105.0,0.65,0.0037363282739307,100
7,M3ABL_R07,0.9833333333333332,G2,110.0,0.66,0.0037363282739307,100
7,M3ABL_R07,0.9833333333333332,G2,115.0,0.66,0.0037363282739307,100
7,M3ABL_R07,0.9833333333333332,G2,120.0,0.65,0.0037363282739307,100
7,M3ABL_R07,0.9833333333333332,G2,125.0,0.69,0.0037363282739307,100
7,M3ABL_R07,0.9833333333333332,G2,130.0,0.65,0.0037363282739307,100
7,M3ABL_R07,0.9833333333333332,G2,135.0,0.69,0.0037363282739307,100
7,M3ABL_R07,0.9833333333333332,G2,140.0,0.67,0.0037363282739307,100
7,M3ABL_R07,0.9833333333333332,G2,145.0,0.69,0.0037363282739307,100
7,M3ABL_R07,0.9833333333333332,G2,150.0,0.68,0.0037363282739307,100
7,M3ABL_R07,0.9833333333333332,G2,155.0,0.67,0.0037363282739307,100
7,M3ABL_R07,0.9833333333333332,G2,160.0,0.71,0.0037363282739307,100
7,M3ABL_R07,0.9833333333333332,G2,165.0,0.7,0.0037363282739307,100
7,M3ABL_R07,0.9833333333333332,G2,170.0,0.71,0.0037363282739307,100
7,M3ABL_R07,0.9833333333333332,G2,175.0,0.68,0.0037363282739307,100
7,M3ABL_R07,0.9833333333333332,G2,180.0,0.66,0.0037363282739307,100
7,M3ABL_R07,0.9833333333333332,G2,185.0,0.68,0.0037363282739307,100
7,M3ABL_R07,0.9833333333333332,G2,190.0,0.66,0.0037363282739307,100
7,M3ABL_R07,0.9833333333333332,G2,195.0,0.68,0.0037363282739307,100
7,M3ABL_R07,0.9833333333333332,G2,200.0,0.65,0.0037363282739307,100
7,M3ABL_R07,0.9833333333333332,G2,205.0,0.69,0.0037363282739307,100
7,M3ABL_R07,0.9833333333333332,G2,210.0,0.68,0.0037363282739307,100
7,M3ABL_R07,0.9833333333333332,G2,215.0,0.66,0.0037363282739307,100
7,M3ABL_R07,0.9833333333333332,G2,220.0,0.65,0.0037363282739307,100
7,M3ABL_R07,0.9833333333333332,G2,225.0,0.62,0.0037363282739307,100
7,M3ABL_R07,0.9833333333333332,G2,230.0,0.63,0.0037363282739307,100
7,M3ABL_R07,0.9833333333333332,G2,235.0,0.63,0.0037363282739307,100
7,M3ABL_R07,0.9833333333333332,G2,240.0,0.61,0.0037363282739307,100
7,M3ABL_R07,0.99,G0,60.0,0.99,0.0037363282739307,100
7,M3ABL_R07,0.99,G0,65.0,1.0,0.0037363282739307,100
7,M3ABL_R07,0.99,G0,70.0,0.98,0.0037363282739307,100
7,M3ABL_R07,0.99,G0,75.0,0.98,0.0037363282739307,100
7,M3ABL_R07,0.99,G0,80.0,0.98,0.0037363282739307,100
7,M3ABL_R07,0.99,G0,85.0,0.99,0.0037363282739307,100
7,M3ABL_R07,0.99,G0,90.0,0.99,0.0037363282739307,100
7,M3ABL_R07,0.99,G0,95.0,0.99,0.0037363282739307,100
7,M3ABL_R07,0.99,G0,100.0,0.99,0.0037363282739307,100
7,M3ABL_R07,0.99,G0,105.0,0.98,0.0037363282739307,100
7,M3ABL_R07,0.99,G0,110.0,0.98,0.0037363282739307,100
7,M3ABL_R07,0.99,G0,115.0,0.98,0.0037363282739307,100
7,M3ABL_R07,0.99,G0,120.0,0.98,0.0037363282739307,100
7,M3ABL_R07,0.99,G0,125.0,0.98,0.0037363282739307,100
7,M3ABL_R07,0.99,G0,130.0,0.98,0.0037363282739307,100
7,M3ABL_R07,0.99,G0,135.0,0.98,0.0037363282739307,100
7,M3ABL_R07,0.99,G0,140.0,0.98,0.0037363282739307,100
7,M3ABL_R07,0.99,G0,145.0,0.98,0.0037363282739307,100
7,M3ABL_R07,0.99,G0,150.0,0.98,0.0037363282739307,100
7,M3ABL_R07,0.99,G0,155.0,0.98,0.0037363282739307,100
7,M3ABL_R07,0.99,G0,160.0,0.98,0.0037363282739307,100
7,M3ABL_R07,0.99,G0,165.0,0.98,0.0037363282739307,100
7,M3ABL_R07,0.99,G0,170.0,0.98,0.0037363282739307,100
7,M3ABL_R07,0.99,G0,175.0,0.98,0.0037363282739307,100
7,M3ABL_R07,0.99,G0,180.0,0.98,0.0037363282739307,100
7,M3ABL_R07,0.99,G0,185.0,0.98,0.0037363282739307,100
7,M3ABL_R07,0.99,G0,190.0,0.97,0.0037363282739307,100
7,M3ABL_R07,0.99,G0,195.0,0.97,0.0037363282739307,100
7,M3ABL_R07,0.99,G0,200.0,0.97,0.0037363282739307,100
7,M3ABL_R07,0.99,G0,205.0,0.98,0.0037363282739307,100
7,M3ABL_R07,0.99,G0,210.0,0.98,0.0037363282739307,100
7,M3ABL_R07,0.99,G0,215.0,0.98,0.0037363282739307,100
7,M3ABL_R07,0.99,G0,220.0,0.98,0.0037363282739307,100
7,M3ABL_R07,0.99,G0,225.0,0.98,0.0037363282739307,100
7,M3ABL_R07,0.99,G0,230.0,0.98,0.0037363282739307,100
7,M3ABL_R07,0.99,G0,235.0,0.98,0.0037363282739307,100
7,M3ABL_R07,0.99,G0,240.0,0.98,0.0037363282739307,100
7,M3ABL_R07,0.99,G1,60.0,0.92,0.0037363282739307,100
7,M3ABL_R07,0.99,G1,65.0,0.93,0.0037363282739307,100
7,M3ABL_R07,0.99,G1,70.0,0.9,0.0037363282739307,100
7,M3ABL_R07,0.99,G1,75.0,0.9,0.0037363282739307,100
7,M3ABL_R07,0.99,G1,80.0,0.89,0.0037363282739307,100
7,M3ABL_R07,0.99,G1,85.0,0.91,0.0037363282739307,100
7,M3ABL_R07,0.99,G1,90.0,0.9,0.0037363282739307,100
7,M3ABL_R07,0.99,G1,95.0,0.9,0.0037363282739307,100
7,M3ABL_R07,0.99,G1,100.0,0.89,0.0037363282739307,100
7,M3ABL_R07,0.99,G1,105.0,0.9,0.0037363282739307,100
7,M3ABL_R07,0.99,G1,110.0,0.89,0.0037363282739307,100
7,M3ABL_R07,0.99,G1,115.0,0.88,0.0037363282739307,100
7,M3ABL_R07,0.99,G1,120.0,0.88,0.0037363282739307,100
7,M3ABL_R07,0.99,G1,125.0,0.88,0.0037363282739307,100
7,M3ABL_R07,0.99,G1,130.0,0.88,0.0037363282739307,100
7,M3ABL_R07,0.99,G1,135.0,0.88,0.0037363282739307,100
7,M3ABL_R07,0.99,G1,140.0,0.88,0.0037363282739307,100
7,M3ABL_R07,0.99,G1,145.0,0.91,0.0037363282739307,100
7,M3ABL_R07,0.99,G1,150.0,0.91,0.0037363282739307,100
7,M3ABL_R07,0.99,G1,155.0,0.91,0.0037363282739307,100
7,M3ABL_R07,0.99,G1,160.0,0.91,0.0037363282739307,100
7,M3ABL_R07,0.99,G1,165.0,0.92,0.0037363282739307,100
7,M3ABL_R07,0.99,G1,170.0,0.92,0.0037363282739307,100
7,M3ABL_R07,0.99,G1,175.0,0.91,0.0037363282739307,100
7,M3ABL_R07,0.99,G1,180.0,0.91,0.0037363282739307,100
7,M3ABL_R07,0.99,G1,185.0,0.91,0.0037363282739307,100
7,M3ABL_R07,0.99,G1,190.0,0.89,0.0037363282739307,100
7,M3ABL_R07,0.99,G1,195.0,0.89,0.0037363282739307,100
7,M3ABL_R07,0.99,G1,200.0,0.89,0.0037363282739307,100
7,M3ABL_R07,0.99,G1,205.0,0.92,0.0037363282739307,100
7,M3ABL_R07,0.99,G1,210.0,0.92,0.0037363282739307,100
7,M3ABL_R07,0.99,G1,215.0,0.92,0.0037363282739307,100
7,M3ABL_R07,0.99,G1,220.0,0.91,0.0037363282739307,100
7,M3ABL_R07,0.99,G1,225.0,0.94,0.0037363282739307,100
7,M3ABL_R07,0.99,G1,230.0,0.94,0.0037363282739307,100
7,M3ABL_R07,0.99,G1,235.0,0.92,0.0037363282739307,100
7,M3ABL_R07,0.99,G1,240.0,0.91,0.0037363282739307,100
7,M3ABL_R07,0.99,G2,60.0,0.67,0.0037363282739307,100
7,M3ABL_R07,0.99,G2,65.0,0.75,0.0037363282739307,100
7,M3ABL_R07,0.99,G2,70.0,0.73,0.0037363282739307,100
7,M3ABL_R07,0.99,G2,75.0,0.72,0.0037363282739307,100
7,M3ABL_R07,0.99,G2,80.0,0.7,0.0037363282739307,100
7,M3ABL_R07,0.99,G2,85.0,0.75,0.0037363282739307,100
7,M3ABL_R07,0.99,G2,90.0,0.74,0.0037363282739307,100
7,M3ABL_R07,0.99,G2,95.0,0.72,0.0037363282739307,100
7,M3ABL_R07,0.99,G2,100.0,0.68,0.0037363282739307,100
7,M3ABL_R07,0.99,G2,105.0,0.72,0.0037363282739307,100
7,M3ABL_R07,0.99,G2,110.0,0.68,0.0037363282739307,100
7,M3ABL_R07,0.99,G2,115.0,0.67,0.0037363282739307,100
7,M3ABL_R07,0.99,G2,120.0,0.64,0.0037363282739307,100
7,M3ABL_R07,0.99,G2,125.0,0.67,0.0037363282739307,100
7,M3ABL_R07,0.99,G2,130.0,0.63,0.0037363282739307,100
7,M3ABL_R07,0.99,G2,135.0,0.63,0.0037363282739307,100
7,M3ABL_R07,0.99,G2,140.0,0.62,0.0037363282739307,100
7,M3ABL_R07,0.99,G2,145.0,0.66,0.0037363282739307,100
7,M3ABL_R07,0.99,G2,150.0,0.65,0.0037363282739307,100
7,M3ABL_R07,0.99,G2,155.0,0.65,0.0037363282739307,100
7,M3ABL_R07,0.99,G2,160.0,0.64,0.0037363282739307,100
7,M3ABL_R07,0.99,G2,165.0,0.69,0.0037363282739307,100
7,M3ABL_R07,0.99,G2,170.0,0.68,0.0037363282739307,100
7,M3ABL_R07,0.99,G2,175.0,0.65,0.0037363282739307,100
7,M3ABL_R07,0.99,G2,180.0,0.65,0.0037363282739307,100
7,M3ABL_R07,0.99,G2,185.0,0.64,0.0037363282739307,100
7,M3ABL_R07,0.99,G2,190.0,0.62,0.0037363282739307,100
7,M3ABL_R07,0.99,G2,195.0,0.61,0.0037363282739307,100
7,M3ABL_R07,0.99,G2,200.0,0.6,0.0037363282739307,100
7,M3ABL_R07,0.99,G2,205.0,0.65,0.0037363282739307,100
7,M3ABL_R07,0.99,G2,210.0,0.64,0.0037363282739307,100
7,M3ABL_R07,0.99,G2,215.0,0.61,0.0037363282739307,100
7,M3ABL_R07,0.99,G2,220.0,0.61,0.0037363282739307,100
7,M3ABL_R07,0.99,G2,225.0,0.64,0.0037363282739307,100
7,M3ABL_R07,0.99,G2,230.0,0.61,0.0037363282739307,100
7,M3ABL_R07,0.99,G2,235.0,0.61,0.0037363282739307,100
7,M3ABL_R07,0.99,G2,240.0,0.6,0.0037363282739307,100
7,M3ABL_R07,0.995,G0,60.0,1.0,0.0037363282739307,100
7,M3ABL_R07,0.995,G0,65.0,1.0,0.0037363282739307,100
7,M3ABL_R07,0.995,G0,70.0,0.98,0.0037363282739307,100
7,M3ABL_R07,0.995,G0,75.0,0.98,0.0037363282739307,100
7,M3ABL_R07,0.995,G0,80.0,0.98,0.0037363282739307,100
7,M3ABL_R07,0.995,G0,85.0,0.99,0.0037363282739307,100
7,M3ABL_R07,0.995,G0,90.0,0.99,0.0037363282739307,100
7,M3ABL_R07,0.995,G0,95.0,0.99,0.0037363282739307,100
7,M3ABL_R07,0.995,G0,100.0,0.99,0.0037363282739307,100
7,M3ABL_R07,0.995,G0,105.0,0.98,0.0037363282739307,100
7,M3ABL_R07,0.995,G0,110.0,0.98,0.0037363282739307,100
7,M3ABL_R07,0.995,G0,115.0,0.98,0.0037363282739307,100
7,M3ABL_R07,0.995,G0,120.0,0.98,0.0037363282739307,100
7,M3ABL_R07,0.995,G0,125.0,0.98,0.0037363282739307,100
7,M3ABL_R07,0.995,G0,130.0,0.98,0.0037363282739307,100
7,M3ABL_R07,0.995,G0,135.0,0.98,0.0037363282739307,100
7,M3ABL_R07,0.995,G0,140.0,0.98,0.0037363282739307,100
7,M3ABL_R07,0.995,G0,145.0,0.98,0.0037363282739307,100
7,M3ABL_R07,0.995,G0,150.0,0.98,0.0037363282739307,100
7,M3ABL_R07,0.995,G0,155.0,0.98,0.0037363282739307,100
7,M3ABL_R07,0.995,G0,160.0,0.98,0.0037363282739307,100
7,M3ABL_R07,0.995,G0,165.0,0.99,0.0037363282739307,100
7,M3ABL_R07,0.995,G0,170.0,0.99,0.0037363282739307,100
7,M3ABL_R07,0.995,G0,175.0,0.99,0.0037363282739307,100
7,M3ABL_R07,0.995,G0,180.0,0.99,0.0037363282739307,100
7,M3ABL_R07,0.995,G0,185.0,0.99,0.0037363282739307,100
7,M3ABL_R07,0.995,G0,190.0,0.98,0.0037363282739307,100
7,M3ABL_R07,0.995,G0,195.0,0.98,0.0037363282739307,100
7,M3ABL_R07,0.995,G0,200.0,0.98,0.0037363282739307,100
7,M3ABL_R07,0.995,G0,205.0,0.98,0.0037363282739307,100
7,M3ABL_R07,0.995,G0,210.0,0.98,0.0037363282739307,100
7,M3ABL_R07,0.995,G0,215.0,0.98,0.0037363282739307,100
7,M3ABL_R07,0.995,G0,220.0,0.98,0.0037363282739307,100
7,M3ABL_R07,0.995,G0,225.0,0.98,0.0037363282739307,100
7,M3ABL_R07,0.995,G0,230.0,0.98,0.0037363282739307,100
7,M3ABL_R07,0.995,G0,235.0,0.98,0.0037363282739307,100
7,M3ABL_R07,0.995,G0,240.0,0.98,0.0037363282739307,100
7,M3ABL_R07,0.995,G1,60.0,0.92,0.0037363282739307,100
7,M3ABL_R07,0.995,G1,65.0,0.92,0.0037363282739307,100
7,M3ABL_R07,0.995,G1,70.0,0.89,0.0037363282739307,100
7,M3ABL_R07,0.995,G1,75.0,0.89,0.0037363282739307,100
7,M3ABL_R07,0.995,G1,80.0,0.89,0.0037363282739307,100
7,M3ABL_R07,0.995,G1,85.0,0.9,0.0037363282739307,100
7,M3ABL_R07,0.995,G1,90.0,0.89,0.0037363282739307,100
7,M3ABL_R07,0.995,G1,95.0,0.89,0.0037363282739307,100
7,M3ABL_R07,0.995,G1,100.0,0.88,0.0037363282739307,100
7,M3ABL_R07,0.995,G1,105.0,0.87,0.0037363282739307,100
7,M3ABL_R07,0.995,G1,110.0,0.85,0.0037363282739307,100
7,M3ABL_R07,0.995,G1,115.0,0.84,0.0037363282739307,100
7,M3ABL_R07,0.995,G1,120.0,0.84,0.0037363282739307,100
7,M3ABL_R07,0.995,G1,125.0,0.87,0.0037363282739307,100
7,M3ABL_R07,0.995,G1,130.0,0.87,0.0037363282739307,100
7,M3ABL_R07,0.995,G1,135.0,0.87,0.0037363282739307,100
7,M3ABL_R07,0.995,G1,140.0,0.87,0.0037363282739307,100
7,M3ABL_R07,0.995,G1,145.0,0.87,0.0037363282739307,100
7,M3ABL_R07,0.995,G1,150.0,0.86,0.0037363282739307,100
7,M3ABL_R07,0.995,G1,155.0,0.86,0.0037363282739307,100
7,M3ABL_R07,0.995,G1,160.0,0.85,0.0037363282739307,100
7,M3ABL_R07,0.995,G1,165.0,0.86,0.0037363282739307,100
7,M3ABL_R07,0.995,G1,170.0,0.86,0.0037363282739307,100
7,M3ABL_R07,0.995,G1,175.0,0.85,0.0037363282739307,100
7,M3ABL_R07,0.995,G1,180.0,0.84,0.0037363282739307,100
7,M3ABL_R07,0.995,G1,185.0,0.84,0.0037363282739307,100
7,M3ABL_R07,0.995,G1,190.0,0.83,0.0037363282739307,100
7,M3ABL_R07,0.995,G1,195.0,0.83,0.0037363282739307,100
7,M3ABL_R07,0.995,G1,200.0,0.82,0.0037363282739307,100
7,M3ABL_R07,0.995,G1,205.0,0.87,0.0037363282739307,100
7,M3ABL_R07,0.995,G1,210.0,0.87,0.0037363282739307,100
7,M3ABL_R07,0.995,G1,215.0,0.87,0.0037363282739307,100
7,M3ABL_R07,0.995,G1,220.0,0.87,0.0037363282739307,100
7,M3ABL_R07,0.995,G1,225.0,0.87,0.0037363282739307,100
7,M3ABL_R07,0.995,G1,230.0,0.86,0.0037363282739307,100
7,M3ABL_R07,0.995,G1,235.0,0.86,0.0037363282739307,100
7,M3ABL_R07,0.995,G1,240.0,0.85,0.0037363282739307,100
7,M3ABL_R07,0.995,G2,60.0,0.69,0.0037363282739307,100
7,M3ABL_R07,0.995,G2,65.0,0.68,0.0037363282739307,100
7,M3ABL_R07,0.995,G2,70.0,0.63,0.0037363282739307,100
7,M3ABL_R07,0.995,G2,75.0,0.61,0.0037363282739307,100
7,M3ABL_R07,0.995,G2,80.0,0.61,0.0037363282739307,100
7,M3ABL_R07,0.995,G2,85.0,0.7,0.0037363282739307,100
7,M3ABL_R07,0.995,G2,90.0,0.68,0.0037363282739307,100
7,M3ABL_R07,0.995,G2,95.0,0.67,0.0037363282739307,100
7,M3ABL_R07,0.995,G2,100.0,0.63,0.0037363282739307,100
7,M3ABL_R07,0.995,G2,105.0,0.61,0.0037363282739307,100
7,M3ABL_R07,0.995,G2,110.0,0.58,0.0037363282739307,100
7,M3ABL_R07,0.995,G2,115.0,0.57,0.0037363282739307,100
7,M3ABL_R07,0.995,G2,120.0,0.56,0.0037363282739307,100
7,M3ABL_R07,0.995,G2,125.0,0.62,0.0037363282739307,100
7,M3ABL_R07,0.995,G2,130.0,0.6,0.0037363282739307,100
7,M3ABL_R07,0.995,G2,135.0,0.6,0.0037363282739307,100
7,M3ABL_R07,0.995,G2,140.0,0.59,0.0037363282739307,100
7,M3ABL_R07,0.995,G2,145.0,0.58,0.0037363282739307,100
7,M3ABL_R07,0.995,G2,150.0,0.57,0.0037363282739307,100
7,M3ABL_R07,0.995,G2,155.0,0.56,0.0037363282739307,100
7,M3ABL_R07,0.995,G2,160.0,0.55,0.0037363282739307,100
7,M3ABL_R07,0.995,G2,165.0,0.62,0.0037363282739307,100
7,M3ABL_R07,0.995,G2,170.0,0.59,0.0037363282739307,100
7,M3ABL_R07,0.995,G2,175.0,0.57,0.0037363282739307,100
7,M3ABL_R07,0.995,G2,180.0,0.56,0.0037363282739307,100
7,M3ABL_R07,0.995,G2,185.0,0.54,0.0037363282739307,100
7,M3ABL_R07,0.995,G2,190.0,0.53,0.0037363282739307,100
7,M3ABL_R07,0.995,G2,195.0,0.52,0.0037363282739307,100
7,M3ABL_R07,0.995,G2,200.0,0.52,0.0037363282739307,100
7,M3ABL_R07,0.995,G2,205.0,0.56,0.0037363282739307,100
7,M3ABL_R07,0.995,G2,210.0,0.54,0.0037363282739307,100
7,M3ABL_R07,0.995,G2,215.0,0.54,0.0037363282739307,100
7,M3ABL_R07,0.995,G2,220.0,0.54,0.0037363282739307,100
7,M3ABL_R07,0.995,G2,225.0,0.54,0.0037363282739307,100
7,M3ABL_R07,0.995,G2,230.0,0.51,0.0037363282739307,100
7,M3ABL_R07,0.995,G2,235.0,0.51,0.0037363282739307,100
7,M3ABL_R07,0.995,G2,240.0,0.49,0.0037363282739307,100
8,M3ABL_R08,0.95,G0,60.0,0.96,0.0025765453800453,100
8,M3ABL_R08,0.95,G0,65.0,0.98,0.0025765453800453,100
8,M3ABL_R08,0.95,G0,70.0,0.99,0.0025765453800453,100
8,M3ABL_R08,0.95,G0,75.0,0.98,0.0025765453800453,100
8,M3ABL_R08,0.95,G0,80.0,0.98,0.0025765453800453,100
8,M3ABL_R08,0.95,G0,85.0,0.99,0.0025765453800453,100
8,M3ABL_R08,0.95,G0,90.0,0.99,0.0025765453800453,100
8,M3ABL_R08,0.95,G0,95.0,0.99,0.0025765453800453,100
8,M3ABL_R08,0.95,G0,100.0,0.99,0.0025765453800453,100
8,M3ABL_R08,0.95,G0,105.0,0.98,0.0025765453800453,100
8,M3ABL_R08,0.95,G0,110.0,0.99,0.0025765453800453,100
8,M3ABL_R08,0.95,G0,115.0,0.99,0.0025765453800453,100
8,M3ABL_R08,0.95,G0,120.0,0.99,0.0025765453800453,100
8,M3ABL_R08,0.95,G0,125.0,0.99,0.0025765453800453,100
8,M3ABL_R08,0.95,G0,130.0,0.99,0.0025765453800453,100
8,M3ABL_R08,0.95,G0,135.0,0.99,0.0025765453800453,100
8,M3ABL_R08,0.95,G0,140.0,0.99,0.0025765453800453,100
8,M3ABL_R08,0.95,G0,145.0,1.0,0.0025765453800453,100
8,M3ABL_R08,0.95,G0,150.0,1.0,0.0025765453800453,100
8,M3ABL_R08,0.95,G0,155.0,1.0,0.0025765453800453,100
8,M3ABL_R08,0.95,G0,160.0,1.0,0.0025765453800453,100
8,M3ABL_R08,0.95,G0,165.0,1.0,0.0025765453800453,100
8,M3ABL_R08,0.95,G0,170.0,1.0,0.0025765453800453,100
8,M3ABL_R08,0.95,G0,175.0,1.0,0.0025765453800453,100
8,M3ABL_R08,0.95,G0,180.0,1.0,0.0025765453800453,100
8,M3ABL_R08,0.95,G0,185.0,1.0,0.0025765453800453,100
8,M3ABL_R08,0.95,G0,190.0,1.0,0.0025765453800453,100
8,M3ABL_R08,0.95,G0,195.0,1.0,0.0025765453800453,100
8,M3ABL_R08,0.95,G0,200.0,1.0,0.0025765453800453,100
8,M3ABL_R08,0.95,G0,205.0,1.0,0.0025765453800453,100
8,M3ABL_R08,0.95,G0,210.0,1.0,0.0025765453800453,100
8,M3ABL_R08,0.95,G0,215.0,1.0,0.0025765453800453,100
8,M3ABL_R08,0.95,G0,220.0,1.0,0.0025765453800453,100
8,M3ABL_R08,0.95,G0,225.0,1.0,0.0025765453800453,100
8,M3ABL_R08,0.95,G0,230.0,1.0,0.0025765453800453,100
8,M3ABL_R08,0.95,G0,235.0,1.0,0.0025765453800453,100
8,M3ABL_R08,0.95,G0,240.0,1.0,0.0025765453800453,100
8,M3ABL_R08,0.95,G1,60.0,0.86,0.0025765453800453,100
8,M3ABL_R08,0.95,G1,65.0,0.87,0.0025765453800453,100
8,M3ABL_R08,0.95,G1,70.0,0.87,0.0025765453800453,100
8,M3ABL_R08,0.95,G1,75.0,0.86,0.0025765453800453,100
8,M3ABL_R08,0.95,G1,80.0,0.88,0.0025765453800453,100
8,M3ABL_R08,0.95,G1,85.0,0.89,0.0025765453800453,100
8,M3ABL_R08,0.95,G1,90.0,0.88,0.0025765453800453,100
8,M3ABL_R08,0.95,G1,95.0,0.88,0.0025765453800453,100
8,M3ABL_R08,0.95,G1,100.0,0.89,0.0025765453800453,100
8,M3ABL_R08,0.95,G1,105.0,0.9,0.0025765453800453,100
8,M3ABL_R08,0.95,G1,110.0,0.89,0.0025765453800453,100
8,M3ABL_R08,0.95,G1,115.0,0.88,0.0025765453800453,100
8,M3ABL_R08,0.95,G1,120.0,0.89,0.0025765453800453,100
8,M3ABL_R08,0.95,G1,125.0,0.89,0.0025765453800453,100
8,M3ABL_R08,0.95,G1,130.0,0.89,0.0025765453800453,100
8,M3ABL_R08,0.95,G1,135.0,0.89,0.0025765453800453,100
8,M3ABL_R08,0.95,G1,140.0,0.89,0.0025765453800453,100
8,M3ABL_R08,0.95,G1,145.0,0.9,0.0025765453800453,100
8,M3ABL_R08,0.95,G1,150.0,0.91,0.0025765453800453,100
8,M3ABL_R08,0.95,G1,155.0,0.91,0.0025765453800453,100
8,M3ABL_R08,0.95,G1,160.0,0.92,0.0025765453800453,100
8,M3ABL_R08,0.95,G1,165.0,0.91,0.0025765453800453,100
8,M3ABL_R08,0.95,G1,170.0,0.92,0.0025765453800453,100
8,M3ABL_R08,0.95,G1,175.0,0.92,0.0025765453800453,100
8,M3ABL_R08,0.95,G1,180.0,0.92,0.0025765453800453,100
8,M3ABL_R08,0.95,G1,185.0,0.93,0.0025765453800453,100
8,M3ABL_R08,0.95,G1,190.0,0.94,0.0025765453800453,100
8,M3ABL_R08,0.95,G1,195.0,0.94,0.0025765453800453,100
8,M3ABL_R08,0.95,G1,200.0,0.95,0.0025765453800453,100
8,M3ABL_R08,0.95,G1,205.0,0.97,0.0025765453800453,100
8,M3ABL_R08,0.95,G1,210.0,0.97,0.0025765453800453,100
8,M3ABL_R08,0.95,G1,215.0,0.96,0.0025765453800453,100
8,M3ABL_R08,0.95,G1,220.0,0.96,0.0025765453800453,100
8,M3ABL_R08,0.95,G1,225.0,0.96,0.0025765453800453,100
8,M3ABL_R08,0.95,G1,230.0,0.96,0.0025765453800453,100
8,M3ABL_R08,0.95,G1,235.0,0.95,0.0025765453800453,100
8,M3ABL_R08,0.95,G1,240.0,0.95,0.0025765453800453,100
8,M3ABL_R08,0.95,G2,60.0,0.68,0.0025765453800453,100
8,M3ABL_R08,0.95,G2,65.0,0.68,0.0025765453800453,100
8,M3ABL_R08,0.95,G2,70.0,0.72,0.0025765453800453,100
8,M3ABL_R08,0.95,G2,75.0,0.7,0.0025765453800453,100
8,M3ABL_R08,0.95,G2,80.0,0.7,0.0025765453800453,100
8,M3ABL_R08,0.95,G2,85.0,0.71,0.0025765453800453,100
8,M3ABL_R08,0.95,G2,90.0,0.7,0.0025765453800453,100
8,M3ABL_R08,0.95,G2,95.0,0.73,0.0025765453800453,100
8,M3ABL_R08,0.95,G2,100.0,0.72,0.0025765453800453,100
8,M3ABL_R08,0.95,G2,105.0,0.73,0.0025765453800453,100
8,M3ABL_R08,0.95,G2,110.0,0.69,0.0025765453800453,100
8,M3ABL_R08,0.95,G2,115.0,0.71,0.0025765453800453,100
8,M3ABL_R08,0.95,G2,120.0,0.74,0.0025765453800453,100
8,M3ABL_R08,0.95,G2,125.0,0.74,0.0025765453800453,100
8,M3ABL_R08,0.95,G2,130.0,0.74,0.0025765453800453,100
8,M3ABL_R08,0.95,G2,135.0,0.74,0.0025765453800453,100
8,M3ABL_R08,0.95,G2,140.0,0.71,0.0025765453800453,100
8,M3ABL_R08,0.95,G2,145.0,0.72,0.0025765453800453,100
8,M3ABL_R08,0.95,G2,150.0,0.69,0.0025765453800453,100
8,M3ABL_R08,0.95,G2,155.0,0.7,0.0025765453800453,100
8,M3ABL_R08,0.95,G2,160.0,0.71,0.0025765453800453,100
8,M3ABL_R08,0.95,G2,165.0,0.75,0.0025765453800453,100
8,M3ABL_R08,0.95,G2,170.0,0.72,0.0025765453800453,100
8,M3ABL_R08,0.95,G2,175.0,0.73,0.0025765453800453,100
8,M3ABL_R08,0.95,G2,180.0,0.71,0.0025765453800453,100
8,M3ABL_R08,0.95,G2,185.0,0.72,0.0025765453800453,100
8,M3ABL_R08,0.95,G2,190.0,0.72,0.0025765453800453,100
8,M3ABL_R08,0.95,G2,195.0,0.72,0.0025765453800453,100
8,M3ABL_R08,0.95,G2,200.0,0.73,0.0025765453800453,100
8,M3ABL_R08,0.95,G2,205.0,0.73,0.0025765453800453,100
8,M3ABL_R08,0.95,G2,210.0,0.71,0.0025765453800453,100
8,M3ABL_R08,0.95,G2,215.0,0.72,0.0025765453800453,100
8,M3ABL_R08,0.95,G2,220.0,0.71,0.0025765453800453,100
8,M3ABL_R08,0.95,G2,225.0,0.69,0.0025765453800453,100
8,M3ABL_R08,0.95,G2,230.0,0.66,0.0025765453800453,100
8,M3ABL_R08,0.95,G2,235.0,0.67,0.0025765453800453,100
8,M3ABL_R08,0.95,G2,240.0,0.68,0.0025765453800453,100
8,M3ABL_R08,0.975,G0,60.0,0.99,0.0025765453800453,100
8,M3ABL_R08,0.975,G0,65.0,0.99,0.0025765453800453,100
8,M3ABL_R08,0.975,G0,70.0,0.98,0.0025765453800453,100
8,M3ABL_R08,0.975,G0,75.0,0.98,0.0025765453800453,100
8,M3ABL_R08,0.975,G0,80.0,0.98,0.0025765453800453,100
8,M3ABL_R08,0.975,G0,85.0,0.99,0.0025765453800453,100
8,M3ABL_R08,0.975,G0,90.0,0.99,0.0025765453800453,100
8,M3ABL_R08,0.975,G0,95.0,0.99,0.0025765453800453,100
8,M3ABL_R08,0.975,G0,100.0,0.99,0.0025765453800453,100
8,M3ABL_R08,0.975,G0,105.0,0.98,0.0025765453800453,100
8,M3ABL_R08,0.975,G0,110.0,0.98,0.0025765453800453,100
8,M3ABL_R08,0.975,G0,115.0,0.98,0.0025765453800453,100
8,M3ABL_R08,0.975,G0,120.0,0.98,0.0025765453800453,100
8,M3ABL_R08,0.975,G0,125.0,0.98,0.0025765453800453,100
8,M3ABL_R08,0.975,G0,130.0,0.98,0.0025765453800453,100
8,M3ABL_R08,0.975,G0,135.0,0.98,0.0025765453800453,100
8,M3ABL_R08,0.975,G0,140.0,0.98,0.0025765453800453,100
8,M3ABL_R08,0.975,G0,145.0,0.98,0.0025765453800453,100
8,M3ABL_R08,0.975,G0,150.0,0.98,0.0025765453800453,100
8,M3ABL_R08,0.975,G0,155.0,0.98,0.0025765453800453,100
8,M3ABL_R08,0.975,G0,160.0,0.98,0.0025765453800453,100
8,M3ABL_R08,0.975,G0,165.0,0.99,0.0025765453800453,100
8,M3ABL_R08,0.975,G0,170.0,1.0,0.0025765453800453,100
8,M3ABL_R08,0.975,G0,175.0,1.0,0.0025765453800453,100
8,M3ABL_R08,0.975,G0,180.0,1.0,0.0025765453800453,100
8,M3ABL_R08,0.975,G0,185.0,1.0,0.0025765453800453,100
8,M3ABL_R08,0.975,G0,190.0,1.0,0.0025765453800453,100
8,M3ABL_R08,0.975,G0,195.0,1.0,0.0025765453800453,100
8,M3ABL_R08,0.975,G0,200.0,1.0,0.0025765453800453,100
8,M3ABL_R08,0.975,G0,205.0,1.0,0.0025765453800453,100
8,M3ABL_R08,0.975,G0,210.0,1.0,0.0025765453800453,100
8,M3ABL_R08,0.975,G0,215.0,1.0,0.0025765453800453,100
8,M3ABL_R08,0.975,G0,220.0,1.0,0.0025765453800453,100
8,M3ABL_R08,0.975,G0,225.0,1.0,0.0025765453800453,100
8,M3ABL_R08,0.975,G0,230.0,1.0,0.0025765453800453,100
8,M3ABL_R08,0.975,G0,235.0,1.0,0.0025765453800453,100
8,M3ABL_R08,0.975,G0,240.0,1.0,0.0025765453800453,100
8,M3ABL_R08,0.975,G1,60.0,0.89,0.0025765453800453,100
8,M3ABL_R08,0.975,G1,65.0,0.9,0.0025765453800453,100
8,M3ABL_R08,0.975,G1,70.0,0.86,0.0025765453800453,100
8,M3ABL_R08,0.975,G1,75.0,0.88,0.0025765453800453,100
8,M3ABL_R08,0.975,G1,80.0,0.88,0.0025765453800453,100
8,M3ABL_R08,0.975,G1,85.0,0.88,0.0025765453800453,100
8,M3ABL_R08,0.975,G1,90.0,0.88,0.0025765453800453,100
8,M3ABL_R08,0.975,G1,95.0,0.88,0.0025765453800453,100
8,M3ABL_R08,0.975,G1,100.0,0.9,0.0025765453800453,100
8,M3ABL_R08,0.975,G1,105.0,0.89,0.0025765453800453,100
8,M3ABL_R08,0.975,G1,110.0,0.88,0.0025765453800453,100
8,M3ABL_R08,0.975,G1,115.0,0.87,0.0025765453800453,100
8,M3ABL_R08,0.975,G1,120.0,0.87,0.0025765453800453,100
8,M3ABL_R08,0.975,G1,125.0,0.87,0.0025765453800453,100
8,M3ABL_R08,0.975,G1,130.0,0.89,0.0025765453800453,100
8,M3ABL_R08,0.975,G1,135.0,0.89,0.0025765453800453,100
8,M3ABL_R08,0.975,G1,140.0,0.9,0.0025765453800453,100
8,M3ABL_R08,0.975,G1,145.0,0.92,0.0025765453800453,100
8,M3ABL_R08,0.975,G1,150.0,0.92,0.0025765453800453,100
8,M3ABL_R08,0.975,G1,155.0,0.92,0.0025765453800453,100
8,M3ABL_R08,0.975,G1,160.0,0.92,0.0025765453800453,100
8,M3ABL_R08,0.975,G1,165.0,0.91,0.0025765453800453,100
8,M3ABL_R08,0.975,G1,170.0,0.93,0.0025765453800453,100
8,M3ABL_R08,0.975,G1,175.0,0.93,0.0025765453800453,100
8,M3ABL_R08,0.975,G1,180.0,0.93,0.0025765453800453,100
8,M3ABL_R08,0.975,G1,185.0,0.93,0.0025765453800453,100
8,M3ABL_R08,0.975,G1,190.0,0.91,0.0025765453800453,100
8,M3ABL_R08,0.975,G1,195.0,0.92,0.0025765453800453,100
8,M3ABL_R08,0.975,G1,200.0,0.92,0.0025765453800453,100
8,M3ABL_R08,0.975,G1,205.0,0.93,0.0025765453800453,100
8,M3ABL_R08,0.975,G1,210.0,0.94,0.0025765453800453,100
8,M3ABL_R08,0.975,G1,215.0,0.94,0.0025765453800453,100
8,M3ABL_R08,0.975,G1,220.0,0.95,0.0025765453800453,100
8,M3ABL_R08,0.975,G1,225.0,0.95,0.0025765453800453,100
8,M3ABL_R08,0.975,G1,230.0,0.95,0.0025765453800453,100
8,M3ABL_R08,0.975,G1,235.0,0.94,0.0025765453800453,100
8,M3ABL_R08,0.975,G1,240.0,0.94,0.0025765453800453,100
8,M3ABL_R08,0.975,G2,60.0,0.71,0.0025765453800453,100
8,M3ABL_R08,0.975,G2,65.0,0.74,0.0025765453800453,100
8,M3ABL_R08,0.975,G2,70.0,0.72,0.0025765453800453,100
8,M3ABL_R08,0.975,G2,75.0,0.74,0.0025765453800453,100
8,M3ABL_R08,0.975,G2,80.0,0.73,0.0025765453800453,100
8,M3ABL_R08,0.975,G2,85.0,0.72,0.0025765453800453,100
8,M3ABL_R08,0.975,G2,90.0,0.71,0.0025765453800453,100
8,M3ABL_R08,0.975,G2,95.0,0.7,0.0025765453800453,100
8,M3ABL_R08,0.975,G2,100.0,0.7,0.0025765453800453,100
8,M3ABL_R08,0.975,G2,105.0,0.7,0.0025765453800453,100
8,M3ABL_R08,0.975,G2,110.0,0.63,0.0025765453800453,100
8,M3ABL_R08,0.975,G2,115.0,0.67,0.0025765453800453,100
8,M3ABL_R08,0.975,G2,120.0,0.67,0.0025765453800453,100
8,M3ABL_R08,0.975,G2,125.0,0.69,0.0025765453800453,100
8,M3ABL_R08,0.975,G2,130.0,0.72,0.0025765453800453,100
8,M3ABL_R08,0.975,G2,135.0,0.71,0.0025765453800453,100
8,M3ABL_R08,0.975,G2,140.0,0.71,0.0025765453800453,100
8,M3ABL_R08,0.975,G2,145.0,0.72,0.0025765453800453,100
8,M3ABL_R08,0.975,G2,150.0,0.71,0.0025765453800453,100
8,M3ABL_R08,0.975,G2,155.0,0.7,0.0025765453800453,100
8,M3ABL_R08,0.975,G2,160.0,0.69,0.0025765453800453,100
8,M3ABL_R08,0.975,G2,165.0,0.71,0.0025765453800453,100
8,M3ABL_R08,0.975,G2,170.0,0.72,0.0025765453800453,100
8,M3ABL_R08,0.975,G2,175.0,0.7,0.0025765453800453,100
8,M3ABL_R08,0.975,G2,180.0,0.69,0.0025765453800453,100
8,M3ABL_R08,0.975,G2,185.0,0.7,0.0025765453800453,100
8,M3ABL_R08,0.975,G2,190.0,0.68,0.0025765453800453,100
8,M3ABL_R08,0.975,G2,195.0,0.69,0.0025765453800453,100
8,M3ABL_R08,0.975,G2,200.0,0.67,0.0025765453800453,100
8,M3ABL_R08,0.975,G2,205.0,0.69,0.0025765453800453,100
8,M3ABL_R08,0.975,G2,210.0,0.69,0.0025765453800453,100
8,M3ABL_R08,0.975,G2,215.0,0.68,0.0025765453800453,100
8,M3ABL_R08,0.975,G2,220.0,0.65,0.0025765453800453,100
8,M3ABL_R08,0.975,G2,225.0,0.67,0.0025765453800453,100
8,M3ABL_R08,0.975,G2,230.0,0.62,0.0025765453800453,100
8,M3ABL_R08,0.975,G2,235.0,0.63,0.0025765453800453,100
8,M3ABL_R08,0.975,G2,240.0,0.62,0.0025765453800453,100
8,M3ABL_R08,0.9833333333333332,G0,60.0,0.99,0.0025765453800453,100
8,M3ABL_R08,0.9833333333333332,G0,65.0,1.0,0.0025765453800453,100
8,M3ABL_R08,0.9833333333333332,G0,70.0,0.98,0.0025765453800453,100
8,M3ABL_R08,0.9833333333333332,G0,75.0,0.99,0.0025765453800453,100
8,M3ABL_R08,0.9833333333333332,G0,80.0,0.99,0.0025765453800453,100
8,M3ABL_R08,0.9833333333333332,G0,85.0,0.99,0.0025765453800453,100
8,M3ABL_R08,0.9833333333333332,G0,90.0,0.98,0.0025765453800453,100
8,M3ABL_R08,0.9833333333333332,G0,95.0,0.98,0.0025765453800453,100
8,M3ABL_R08,0.9833333333333332,G0,100.0,0.99,0.0025765453800453,100
8,M3ABL_R08,0.9833333333333332,G0,105.0,0.98,0.0025765453800453,100
8,M3ABL_R08,0.9833333333333332,G0,110.0,0.98,0.0025765453800453,100
8,M3ABL_R08,0.9833333333333332,G0,115.0,0.98,0.0025765453800453,100
8,M3ABL_R08,0.9833333333333332,G0,120.0,0.98,0.0025765453800453,100
8,M3ABL_R08,0.9833333333333332,G0,125.0,0.98,0.0025765453800453,100
8,M3ABL_R08,0.9833333333333332,G0,130.0,0.98,0.0025765453800453,100
8,M3ABL_R08,0.9833333333333332,G0,135.0,0.98,0.0025765453800453,100
8,M3ABL_R08,0.9833333333333332,G0,140.0,0.98,0.0025765453800453,100
8,M3ABL_R08,0.9833333333333332,G0,145.0,0.98,0.0025765453800453,100
8,M3ABL_R08,0.9833333333333332,G0,150.0,0.98,0.0025765453800453,100
8,M3ABL_R08,0.9833333333333332,G0,155.0,0.98,0.0025765453800453,100
8,M3ABL_R08,0.9833333333333332,G0,160.0,0.98,0.0025765453800453,100
8,M3ABL_R08,0.9833333333333332,G0,165.0,0.98,0.0025765453800453,100
8,M3ABL_R08,0.9833333333333332,G0,170.0,0.98,0.0025765453800453,100
8,M3ABL_R08,0.9833333333333332,G0,175.0,0.98,0.0025765453800453,100
8,M3ABL_R08,0.9833333333333332,G0,180.0,0.98,0.0025765453800453,100
8,M3ABL_R08,0.9833333333333332,G0,185.0,1.0,0.0025765453800453,100
8,M3ABL_R08,0.9833333333333332,G0,190.0,0.99,0.0025765453800453,100
8,M3ABL_R08,0.9833333333333332,G0,195.0,0.99,0.0025765453800453,100
8,M3ABL_R08,0.9833333333333332,G0,200.0,0.99,0.0025765453800453,100
8,M3ABL_R08,0.9833333333333332,G0,205.0,0.99,0.0025765453800453,100
8,M3ABL_R08,0.9833333333333332,G0,210.0,0.99,0.0025765453800453,100
8,M3ABL_R08,0.9833333333333332,G0,215.0,0.99,0.0025765453800453,100
8,M3ABL_R08,0.9833333333333332,G0,220.0,0.99,0.0025765453800453,100
8,M3ABL_R08,0.9833333333333332,G0,225.0,0.99,0.0025765453800453,100
8,M3ABL_R08,0.9833333333333332,G0,230.0,1.0,0.0025765453800453,100
8,M3ABL_R08,0.9833333333333332,G0,235.0,1.0,0.0025765453800453,100
8,M3ABL_R08,0.9833333333333332,G0,240.0,1.0,0.0025765453800453,100
8,M3ABL_R08,0.9833333333333332,G1,60.0,0.89,0.0025765453800453,100
8,M3ABL_R08,0.9833333333333332,G1,65.0,0.91,0.0025765453800453,100
8,M3ABL_R08,0.9833333333333332,G1,70.0,0.87,0.0025765453800453,100
8,M3ABL_R08,0.9833333333333332,G1,75.0,0.89,0.0025765453800453,100
8,M3ABL_R08,0.9833333333333332,G1,80.0,0.88,0.0025765453800453,100
8,M3ABL_R08,0.9833333333333332,G1,85.0,0.89,0.0025765453800453,100
8,M3ABL_R08,0.9833333333333332,G1,90.0,0.88,0.0025765453800453,100
8,M3ABL_R08,0.9833333333333332,G1,95.0,0.88,0.0025765453800453,100
8,M3ABL_R08,0.9833333333333332,G1,100.0,0.9,0.0025765453800453,100
8,M3ABL_R08,0.9833333333333332,G1,105.0,0.89,0.0025765453800453,100
8,M3ABL_R08,0.9833333333333332,G1,110.0,0.9,0.0025765453800453,100
8,M3ABL_R08,0.9833333333333332,G1,115.0,0.89,0.0025765453800453,100
8,M3ABL_R08,0.9833333333333332,G1,120.0,0.89,0.0025765453800453,100
8,M3ABL_R08,0.9833333333333332,G1,125.0,0.88,0.0025765453800453,100
8,M3ABL_R08,0.9833333333333332,G1,130.0,0.88,0.0025765453800453,100
8,M3ABL_R08,0.9833333333333332,G1,135.0,0.89,0.0025765453800453,100
8,M3ABL_R08,0.9833333333333332,G1,140.0,0.89,0.0025765453800453,100
8,M3ABL_R08,0.9833333333333332,G1,145.0,0.89,0.0025765453800453,100
8,M3ABL_R08,0.9833333333333332,G1,150.0,0.89,0.0025765453800453,100
8,M3ABL_R08,0.9833333333333332,G1,155.0,0.89,0.0025765453800453,100
8,M3ABL_R08,0.9833333333333332,G1,160.0,0.9,0.0025765453800453,100
8,M3ABL_R08,0.9833333333333332,G1,165.0,0.9,0.0025765453800453,100
8,M3ABL_R08,0.9833333333333332,G1,170.0,0.92,0.0025765453800453,100
8,M3ABL_R08,0.9833333333333332,G1,175.0,0.9,0.0025765453800453,100
8,M3ABL_R08,0.9833333333333332,G1,180.0,0.89,0.0025765453800453,100
8,M3ABL_R08,0.9833333333333332,G1,185.0,0.89,0.0025765453800453,100
8,M3ABL_R08,0.9833333333333332,G1,190.0,0.88,0.0025765453800453,100
8,M3ABL_R08,0.9833333333333332,G1,195.0,0.91,0.0025765453800453,100
8,M3ABL_R08,0.9833333333333332,G1,200.0,0.91,0.0025765453800453,100
8,M3ABL_R08,0.9833333333333332,G1,205.0,0.9,0.0025765453800453,100
8,M3ABL_R08,0.9833333333333332,G1,210.0,0.9,0.0025765453800453,100
8,M3ABL_R08,0.9833333333333332,G1,215.0,0.9,0.0025765453800453,100
8,M3ABL_R08,0.9833333333333332,G1,220.0,0.91,0.0025765453800453,100
8,M3ABL_R08,0.9833333333333332,G1,225.0,0.91,0.0025765453800453,100
8,M3ABL_R08,0.9833333333333332,G1,230.0,0.93,0.0025765453800453,100
8,M3ABL_R08,0.9833333333333332,G1,235.0,0.92,0.0025765453800453,100
8,M3ABL_R08,0.9833333333333332,G1,240.0,0.91,0.0025765453800453,100
8,M3ABL_R08,0.9833333333333332,G2,60.0,0.68,0.0025765453800453,100
8,M3ABL_R08,0.9833333333333332,G2,65.0,0.72,0.0025765453800453,100
8,M3ABL_R08,0.9833333333333332,G2,70.0,0.69,0.0025765453800453,100
8,M3ABL_R08,0.9833333333333332,G2,75.0,0.73,0.0025765453800453,100
8,M3ABL_R08,0.9833333333333332,G2,80.0,0.72,0.0025765453800453,100
8,M3ABL_R08,0.9833333333333332,G2,85.0,0.74,0.0025765453800453,100
8,M3ABL_R08,0.9833333333333332,G2,90.0,0.71,0.0025765453800453,100
8,M3ABL_R08,0.9833333333333332,G2,95.0,0.7,0.0025765453800453,100
8,M3ABL_R08,0.9833333333333332,G2,100.0,0.7,0.0025765453800453,100
8,M3ABL_R08,0.9833333333333332,G2,105.0,0.65,0.0025765453800453,100
8,M3ABL_R08,0.9833333333333332,G2,110.0,0.66,0.0025765453800453,100
8,M3ABL_R08,0.9833333333333332,G2,115.0,0.66,0.0025765453800453,100
8,M3ABL_R08,0.9833333333333332,G2,120.0,0.65,0.0025765453800453,100
8,M3ABL_R08,0.9833333333333332,G2,125.0,0.69,0.0025765453800453,100
8,M3ABL_R08,0.9833333333333332,G2,130.0,0.65,0.0025765453800453,100
8,M3ABL_R08,0.9833333333333332,G2,135.0,0.69,0.0025765453800453,100
8,M3ABL_R08,0.9833333333333332,G2,140.0,0.67,0.0025765453800453,100
8,M3ABL_R08,0.9833333333333332,G2,145.0,0.69,0.0025765453800453,100
8,M3ABL_R08,0.9833333333333332,G2,150.0,0.68,0.0025765453800453,100
8,M3ABL_R08,0.9833333333333332,G2,155.0,0.67,0.0025765453800453,100
8,M3ABL_R08,0.9833333333333332,G2,160.0,0.71,0.0025765453800453,100
8,M3ABL_R08,0.9833333333333332,G2,165.0,0.7,0.0025765453800453,100
8,M3ABL_R08,0.9833333333333332,G2,170.0,0.71,0.0025765453800453,100
8,M3ABL_R08,0.9833333333333332,G2,175.0,0.68,0.0025765453800453,100
8,M3ABL_R08,0.9833333333333332,G2,180.0,0.66,0.0025765453800453,100
8,M3ABL_R08,0.9833333333333332,G2,185.0,0.68,0.0025765453800453,100
8,M3ABL_R08,0.9833333333333332,G2,190.0,0.66,0.0025765453800453,100
8,M3ABL_R08,0.9833333333333332,G2,195.0,0.68,0.0025765453800453,100
8,M3ABL_R08,0.9833333333333332,G2,200.0,0.65,0.0025765453800453,100
8,M3ABL_R08,0.9833333333333332,G2,205.0,0.7,0.0025765453800453,100
8,M3ABL_R08,0.9833333333333332,G2,210.0,0.69,0.0025765453800453,100
8,M3ABL_R08,0.9833333333333332,G2,215.0,0.67,0.0025765453800453,100
8,M3ABL_R08,0.9833333333333332,G2,220.0,0.65,0.0025765453800453,100
8,M3ABL_R08,0.9833333333333332,G2,225.0,0.62,0.0025765453800453,100
8,M3ABL_R08,0.9833333333333332,G2,230.0,0.63,0.0025765453800453,100
8,M3ABL_R08,0.9833333333333332,G2,235.0,0.63,0.0025765453800453,100
8,M3ABL_R08,0.9833333333333332,G2,240.0,0.61,0.0025765453800453,100
8,M3ABL_R08,0.99,G0,60.0,0.99,0.0025765453800453,100
8,M3ABL_R08,0.99,G0,65.0,1.0,0.0025765453800453,100
8,M3ABL_R08,0.99,G0,70.0,0.98,0.0025765453800453,100
8,M3ABL_R08,0.99,G0,75.0,0.98,0.0025765453800453,100
8,M3ABL_R08,0.99,G0,80.0,0.98,0.0025765453800453,100
8,M3ABL_R08,0.99,G0,85.0,0.99,0.0025765453800453,100
8,M3ABL_R08,0.99,G0,90.0,0.99,0.0025765453800453,100
8,M3ABL_R08,0.99,G0,95.0,0.99,0.0025765453800453,100
8,M3ABL_R08,0.99,G0,100.0,0.99,0.0025765453800453,100
8,M3ABL_R08,0.99,G0,105.0,0.98,0.0025765453800453,100
8,M3ABL_R08,0.99,G0,110.0,0.98,0.0025765453800453,100
8,M3ABL_R08,0.99,G0,115.0,0.98,0.0025765453800453,100
8,M3ABL_R08,0.99,G0,120.0,0.98,0.0025765453800453,100
8,M3ABL_R08,0.99,G0,125.0,0.98,0.0025765453800453,100
8,M3ABL_R08,0.99,G0,130.0,0.98,0.0025765453800453,100
8,M3ABL_R08,0.99,G0,135.0,0.98,0.0025765453800453,100
8,M3ABL_R08,0.99,G0,140.0,0.98,0.0025765453800453,100
8,M3ABL_R08,0.99,G0,145.0,0.98,0.0025765453800453,100
8,M3ABL_R08,0.99,G0,150.0,0.98,0.0025765453800453,100
8,M3ABL_R08,0.99,G0,155.0,0.98,0.0025765453800453,100
8,M3ABL_R08,0.99,G0,160.0,0.98,0.0025765453800453,100
8,M3ABL_R08,0.99,G0,165.0,0.98,0.0025765453800453,100
8,M3ABL_R08,0.99,G0,170.0,0.98,0.0025765453800453,100
8,M3ABL_R08,0.99,G0,175.0,0.98,0.0025765453800453,100
8,M3ABL_R08,0.99,G0,180.0,0.98,0.0025765453800453,100
8,M3ABL_R08,0.99,G0,185.0,0.98,0.0025765453800453,100
8,M3ABL_R08,0.99,G0,190.0,0.97,0.0025765453800453,100
8,M3ABL_R08,0.99,G0,195.0,0.97,0.0025765453800453,100
8,M3ABL_R08,0.99,G0,200.0,0.97,0.0025765453800453,100
8,M3ABL_R08,0.99,G0,205.0,0.98,0.0025765453800453,100
8,M3ABL_R08,0.99,G0,210.0,0.98,0.0025765453800453,100
8,M3ABL_R08,0.99,G0,215.0,0.98,0.0025765453800453,100
8,M3ABL_R08,0.99,G0,220.0,0.98,0.0025765453800453,100
8,M3ABL_R08,0.99,G0,225.0,0.98,0.0025765453800453,100
8,M3ABL_R08,0.99,G0,230.0,0.98,0.0025765453800453,100
8,M3ABL_R08,0.99,G0,235.0,0.98,0.0025765453800453,100
8,M3ABL_R08,0.99,G0,240.0,0.98,0.0025765453800453,100
8,M3ABL_R08,0.99,G1,60.0,0.92,0.0025765453800453,100
8,M3ABL_R08,0.99,G1,65.0,0.93,0.0025765453800453,100
8,M3ABL_R08,0.99,G1,70.0,0.9,0.0025765453800453,100
8,M3ABL_R08,0.99,G1,75.0,0.9,0.0025765453800453,100
8,M3ABL_R08,0.99,G1,80.0,0.89,0.0025765453800453,100
8,M3ABL_R08,0.99,G1,85.0,0.91,0.0025765453800453,100
8,M3ABL_R08,0.99,G1,90.0,0.9,0.0025765453800453,100
8,M3ABL_R08,0.99,G1,95.0,0.9,0.0025765453800453,100
8,M3ABL_R08,0.99,G1,100.0,0.89,0.0025765453800453,100
8,M3ABL_R08,0.99,G1,105.0,0.9,0.0025765453800453,100
8,M3ABL_R08,0.99,G1,110.0,0.89,0.0025765453800453,100
8,M3ABL_R08,0.99,G1,115.0,0.88,0.0025765453800453,100
8,M3ABL_R08,0.99,G1,120.0,0.88,0.0025765453800453,100
8,M3ABL_R08,0.99,G1,125.0,0.88,0.0025765453800453,100
8,M3ABL_R08,0.99,G1,130.0,0.88,0.0025765453800453,100
8,M3ABL_R08,0.99,G1,135.0,0.88,0.0025765453800453,100
8,M3ABL_R08,0.99,G1,140.0,0.88,0.0025765453800453,100
8,M3ABL_R08,0.99,G1,145.0,0.91,0.0025765453800453,100
8,M3ABL_R08,0.99,G1,150.0,0.91,0.0025765453800453,100
8,M3ABL_R08,0.99,G1,155.0,0.91,0.0025765453800453,100
8,M3ABL_R08,0.99,G1,160.0,0.91,0.0025765453800453,100
8,M3ABL_R08,0.99,G1,165.0,0.92,0.0025765453800453,100
8,M3ABL_R08,0.99,G1,170.0,0.92,0.0025765453800453,100
8,M3ABL_R08,0.99,G1,175.0,0.91,0.0025765453800453,100
8,M3ABL_R08,0.99,G1,180.0,0.91,0.0025765453800453,100
8,M3ABL_R08,0.99,G1,185.0,0.91,0.0025765453800453,100
8,M3ABL_R08,0.99,G1,190.0,0.89,0.0025765453800453,100
8,M3ABL_R08,0.99,G1,195.0,0.89,0.0025765453800453,100
8,M3ABL_R08,0.99,G1,200.0,0.89,0.0025765453800453,100
8,M3ABL_R08,0.99,G1,205.0,0.92,0.0025765453800453,100
8,M3ABL_R08,0.99,G1,210.0,0.92,0.0025765453800453,100
8,M3ABL_R08,0.99,G1,215.0,0.92,0.0025765453800453,100
8,M3ABL_R08,0.99,G1,220.0,0.91,0.0025765453800453,100
8,M3ABL_R08,0.99,G1,225.0,0.94,0.0025765453800453,100
8,M3ABL_R08,0.99,G1,230.0,0.94,0.0025765453800453,100
8,M3ABL_R08,0.99,G1,235.0,0.92,0.0025765453800453,100
8,M3ABL_R08,0.99,G1,240.0,0.91,0.0025765453800453,100
8,M3ABL_R08,0.99,G2,60.0,0.67,0.0025765453800453,100
8,M3ABL_R08,0.99,G2,65.0,0.75,0.0025765453800453,100
8,M3ABL_R08,0.99,G2,70.0,0.73,0.0025765453800453,100
8,M3ABL_R08,0.99,G2,75.0,0.72,0.0025765453800453,100
8,M3ABL_R08,0.99,G2,80.0,0.7,0.0025765453800453,100
8,M3ABL_R08,0.99,G2,85.0,0.75,0.0025765453800453,100
8,M3ABL_R08,0.99,G2,90.0,0.74,0.0025765453800453,100
8,M3ABL_R08,0.99,G2,95.0,0.72,0.0025765453800453,100
8,M3ABL_R08,0.99,G2,100.0,0.68,0.0025765453800453,100
8,M3ABL_R08,0.99,G2,105.0,0.72,0.0025765453800453,100
8,M3ABL_R08,0.99,G2,110.0,0.68,0.0025765453800453,100
8,M3ABL_R08,0.99,G2,115.0,0.67,0.0025765453800453,100
8,M3ABL_R08,0.99,G2,120.0,0.64,0.0025765453800453,100
8,M3ABL_R08,0.99,G2,125.0,0.67,0.0025765453800453,100
8,M3ABL_R08,0.99,G2,130.0,0.63,0.0025765453800453,100
8,M3ABL_R08,0.99,G2,135.0,0.63,0.0025765453800453,100
8,M3ABL_R08,0.99,G2,140.0,0.62,0.0025765453800453,100
8,M3ABL_R08,0.99,G2,145.0,0.66,0.0025765453800453,100
8,M3ABL_R08,0.99,G2,150.0,0.65,0.0025765453800453,100
8,M3ABL_R08,0.99,G2,155.0,0.65,0.0025765453800453,100
8,M3ABL_R08,0.99,G2,160.0,0.64,0.0025765453800453,100
8,M3ABL_R08,0.99,G2,165.0,0.69,0.0025765453800453,100
8,M3ABL_R08,0.99,G2,170.0,0.68,0.0025765453800453,100
8,M3ABL_R08,0.99,G2,175.0,0.65,0.0025765453800453,100
8,M3ABL_R08,0.99,G2,180.0,0.65,0.0025765453800453,100
8,M3ABL_R08,0.99,G2,185.0,0.64,0.0025765453800453,100
8,M3ABL_R08,0.99,G2,190.0,0.62,0.0025765453800453,100
8,M3ABL_R08,0.99,G2,195.0,0.61,0.0025765453800453,100
8,M3ABL_R08,0.99,G2,200.0,0.6,0.0025765453800453,100
8,M3ABL_R08,0.99,G2,205.0,0.65,0.0025765453800453,100
8,M3ABL_R08,0.99,G2,210.0,0.64,0.0025765453800453,100
8,M3ABL_R08,0.99,G2,215.0,0.61,0.0025765453800453,100
8,M3ABL_R08,0.99,G2,220.0,0.61,0.0025765453800453,100
8,M3ABL_R08,0.99,G2,225.0,0.64,0.0025765453800453,100
8,M3ABL_R08,0.99,G2,230.0,0.61,0.0025765453800453,100
8,M3ABL_R08,0.99,G2,235.0,0.61,0.0025765453800453,100
8,M3ABL_R08,0.99,G2,240.0,0.6,0.0025765453800453,100
8,M3ABL_R08,0.995,G0,60.0,1.0,0.0025765453800453,100
8,M3ABL_R08,0.995,G0,65.0,1.0,0.0025765453800453,100
8,M3ABL_R08,0.995,G0,70.0,0.98,0.0025765453800453,100
8,M3ABL_R08,0.995,G0,75.0,0.98,0.0025765453800453,100
8,M3ABL_R08,0.995,G0,80.0,0.98,0.0025765453800453,100
8,M3ABL_R08,0.995,G0,85.0,0.99,0.0025765453800453,100
8,M3ABL_R08,0.995,G0,90.0,0.99,0.0025765453800453,100
8,M3ABL_R08,0.995,G0,95.0,0.99,0.0025765453800453,100
8,M3ABL_R08,0.995,G0,100.0,0.99,0.0025765453800453,100
8,M3ABL_R08,0.995,G0,105.0,0.98,0.0025765453800453,100
8,M3ABL_R08,0.995,G0,110.0,0.98,0.0025765453800453,100
8,M3ABL_R08,0.995,G0,115.0,0.98,0.0025765453800453,100
8,M3ABL_R08,0.995,G0,120.0,0.98,0.0025765453800453,100
8,M3ABL_R08,0.995,G0,125.0,0.98,0.0025765453800453,100
8,M3ABL_R08,0.995,G0,130.0,0.98,0.0025765453800453,100
8,M3ABL_R08,0.995,G0,135.0,0.98,0.0025765453800453,100
8,M3ABL_R08,0.995,G0,140.0,0.98,0.0025765453800453,100
8,M3ABL_R08,0.995,G0,145.0,0.98,0.0025765453800453,100
8,M3ABL_R08,0.995,G0,150.0,0.98,0.0025765453800453,100
8,M3ABL_R08,0.995,G0,155.0,0.98,0.0025765453800453,100
8,M3ABL_R08,0.995,G0,160.0,0.98,0.0025765453800453,100
8,M3ABL_R08,0.995,G0,165.0,0.99,0.0025765453800453,100
8,M3ABL_R08,0.995,G0,170.0,0.99,0.0025765453800453,100
8,M3ABL_R08,0.995,G0,175.0,0.99,0.0025765453800453,100
8,M3ABL_R08,0.995,G0,180.0,0.99,0.0025765453800453,100
8,M3ABL_R08,0.995,G0,185.0,0.99,0.0025765453800453,100
8,M3ABL_R08,0.995,G0,190.0,0.98,0.0025765453800453,100
8,M3ABL_R08,0.995,G0,195.0,0.98,0.0025765453800453,100
8,M3ABL_R08,0.995,G0,200.0,0.98,0.0025765453800453,100
8,M3ABL_R08,0.995,G0,205.0,0.98,0.0025765453800453,100
8,M3ABL_R08,0.995,G0,210.0,0.98,0.0025765453800453,100
8,M3ABL_R08,0.995,G0,215.0,0.98,0.0025765453800453,100
8,M3ABL_R08,0.995,G0,220.0,0.98,0.0025765453800453,100
8,M3ABL_R08,0.995,G0,225.0,0.98,0.0025765453800453,100
8,M3ABL_R08,0.995,G0,230.0,0.98,0.0025765453800453,100
8,M3ABL_R08,0.995,G0,235.0,0.98,0.0025765453800453,100
8,M3ABL_R08,0.995,G0,240.0,0.98,0.0025765453800453,100
8,M3ABL_R08,0.995,G1,60.0,0.92,0.0025765453800453,100
8,M3ABL_R08,0.995,G1,65.0,0.92,0.0025765453800453,100
8,M3ABL_R08,0.995,G1,70.0,0.89,0.0025765453800453,100
8,M3ABL_R08,0.995,G1,75.0,0.89,0.0025765453800453,100
8,M3ABL_R08,0.995,G1,80.0,0.89,0.0025765453800453,100
8,M3ABL_R08,0.995,G1,85.0,0.9,0.0025765453800453,100
8,M3ABL_R08,0.995,G1,90.0,0.89,0.0025765453800453,100
8,M3ABL_R08,0.995,G1,95.0,0.89,0.0025765453800453,100
8,M3ABL_R08,0.995,G1,100.0,0.88,0.0025765453800453,100
8,M3ABL_R08,0.995,G1,105.0,0.87,0.0025765453800453,100
8,M3ABL_R08,0.995,G1,110.0,0.85,0.0025765453800453,100
8,M3ABL_R08,0.995,G1,115.0,0.84,0.0025765453800453,100
8,M3ABL_R08,0.995,G1,120.0,0.84,0.0025765453800453,100
8,M3ABL_R08,0.995,G1,125.0,0.87,0.0025765453800453,100
8,M3ABL_R08,0.995,G1,130.0,0.87,0.0025765453800453,100
8,M3ABL_R08,0.995,G1,135.0,0.87,0.0025765453800453,100
8,M3ABL_R08,0.995,G1,140.0,0.87,0.0025765453800453,100
8,M3ABL_R08,0.995,G1,145.0,0.87,0.0025765453800453,100
8,M3ABL_R08,0.995,G1,150.0,0.86,0.0025765453800453,100
8,M3ABL_R08,0.995,G1,155.0,0.86,0.0025765453800453,100
8,M3ABL_R08,0.995,G1,160.0,0.85,0.0025765453800453,100
8,M3ABL_R08,0.995,G1,165.0,0.86,0.0025765453800453,100
8,M3ABL_R08,0.995,G1,170.0,0.86,0.0025765453800453,100
8,M3ABL_R08,0.995,G1,175.0,0.85,0.0025765453800453,100
8,M3ABL_R08,0.995,G1,180.0,0.84,0.0025765453800453,100
8,M3ABL_R08,0.995,G1,185.0,0.84,0.0025765453800453,100
8,M3ABL_R08,0.995,G1,190.0,0.83,0.0025765453800453,100
8,M3ABL_R08,0.995,G1,195.0,0.83,0.0025765453800453,100
8,M3ABL_R08,0.995,G1,200.0,0.82,0.0025765453800453,100
8,M3ABL_R08,0.995,G1,205.0,0.87,0.0025765453800453,100
8,M3ABL_R08,0.995,G1,210.0,0.87,0.0025765453800453,100
8,M3ABL_R08,0.995,G1,215.0,0.87,0.0025765453800453,100
8,M3ABL_R08,0.995,G1,220.0,0.87,0.0025765453800453,100
8,M3ABL_R08,0.995,G1,225.0,0.87,0.0025765453800453,100
8,M3ABL_R08,0.995,G1,230.0,0.86,0.0025765453800453,100
8,M3ABL_R08,0.995,G1,235.0,0.86,0.0025765453800453,100
8,M3ABL_R08,0.995,G1,240.0,0.85,0.0025765453800453,100
8,M3ABL_R08,0.995,G2,60.0,0.69,0.0025765453800453,100
8,M3ABL_R08,0.995,G2,65.0,0.68,0.0025765453800453,100
8,M3ABL_R08,0.995,G2,70.0,0.63,0.0025765453800453,100
8,M3ABL_R08,0.995,G2,75.0,0.61,0.0025765453800453,100
8,M3ABL_R08,0.995,G2,80.0,0.61,0.0025765453800453,100
8,M3ABL_R08,0.995,G2,85.0,0.7,0.0025765453800453,100
8,M3ABL_R08,0.995,G2,90.0,0.68,0.0025765453800453,100
8,M3ABL_R08,0.995,G2,95.0,0.67,0.0025765453800453,100
8,M3ABL_R08,0.995,G2,100.0,0.63,0.0025765453800453,100
8,M3ABL_R08,0.995,G2,105.0,0.61,0.0025765453800453,100
8,M3ABL_R08,0.995,G2,110.0,0.58,0.0025765453800453,100
8,M3ABL_R08,0.995,G2,115.0,0.57,0.0025765453800453,100
8,M3ABL_R08,0.995,G2,120.0,0.56,0.0025765453800453,100
8,M3ABL_R08,0.995,G2,125.0,0.62,0.0025765453800453,100
8,M3ABL_R08,0.995,G2,130.0,0.6,0.0025765453800453,100
8,M3ABL_R08,0.995,G2,135.0,0.6,0.0025765453800453,100
8,M3ABL_R08,0.995,G2,140.0,0.59,0.0025765453800453,100
8,M3ABL_R08,0.995,G2,145.0,0.58,0.0025765453800453,100
8,M3ABL_R08,0.995,G2,150.0,0.57,0.0025765453800453,100
8,M3ABL_R08,0.995,G2,155.0,0.56,0.0025765453800453,100
8,M3ABL_R08,0.995,G2,160.0,0.55,0.0025765453800453,100
8,M3ABL_R08,0.995,G2,165.0,0.62,0.0025765453800453,100
8,M3ABL_R08,0.995,G2,170.0,0.59,0.0025765453800453,100
8,M3ABL_R08,0.995,G2,175.0,0.57,0.0025765453800453,100
8,M3ABL_R08,0.995,G2,180.0,0.56,0.0025765453800453,100
8,M3ABL_R08,0.995,G2,185.0,0.54,0.0025765453800453,100
8,M3ABL_R08,0.995,G2,190.0,0.53,0.0025765453800453,100
8,M3ABL_R08,0.995,G2,195.0,0.52,0.0025765453800453,100
8,M3ABL_R08,0.995,G2,200.0,0.52,0.0025765453800453,100
8,M3ABL_R08,0.995,G2,205.0,0.56,0.0025765453800453,100
8,M3ABL_R08,0.995,G2,210.0,0.54,0.0025765453800453,100
8,M3ABL_R08,0.995,G2,215.0,0.54,0.0025765453800453,100
8,M3ABL_R08,0.995,G2,220.0,0.54,0.0025765453800453,100
8,M3ABL_R08,0.995,G2,225.0,0.54,0.0025765453800453,100
8,M3ABL_R08,0.995,G2,230.0,0.51,0.0025765453800453,100
8,M3ABL_R08,0.995,G2,235.0,0.51,0.0025765453800453,100
8,M3ABL_R08,0.995,G2,240.0,0.49,0.0025765453800453,100
9,M3ABL_R09,0.95,G0,60.0,0.96,0.0016295859947466,100
9,M3ABL_R09,0.95,G0,65.0,0.98,0.0016295859947466,100
9,M3ABL_R09,0.95,G0,70.0,0.99,0.0016295859947466,100
9,M3ABL_R09,0.95,G0,75.0,0.98,0.0016295859947466,100
9,M3ABL_R09,0.95,G0,80.0,0.98,0.0016295859947466,100
9,M3ABL_R09,0.95,G0,85.0,0.99,0.0016295859947466,100
9,M3ABL_R09,0.95,G0,90.0,0.99,0.0016295859947466,100
9,M3ABL_R09,0.95,G0,95.0,0.99,0.0016295859947466,100
9,M3ABL_R09,0.95,G0,100.0,0.99,0.0016295859947466,100
9,M3ABL_R09,0.95,G0,105.0,0.98,0.0016295859947466,100
9,M3ABL_R09,0.95,G0,110.0,0.99,0.0016295859947466,100
9,M3ABL_R09,0.95,G0,115.0,0.99,0.0016295859947466,100
9,M3ABL_R09,0.95,G0,120.0,0.99,0.0016295859947466,100
9,M3ABL_R09,0.95,G0,125.0,0.99,0.0016295859947466,100
9,M3ABL_R09,0.95,G0,130.0,0.99,0.0016295859947466,100
9,M3ABL_R09,0.95,G0,135.0,0.99,0.0016295859947466,100
9,M3ABL_R09,0.95,G0,140.0,0.99,0.0016295859947466,100
9,M3ABL_R09,0.95,G0,145.0,1.0,0.0016295859947466,100
9,M3ABL_R09,0.95,G0,150.0,1.0,0.0016295859947466,100
9,M3ABL_R09,0.95,G0,155.0,1.0,0.0016295859947466,100
9,M3ABL_R09,0.95,G0,160.0,1.0,0.0016295859947466,100
9,M3ABL_R09,0.95,G0,165.0,1.0,0.0016295859947466,100
9,M3ABL_R09,0.95,G0,170.0,1.0,0.0016295859947466,100
9,M3ABL_R09,0.95,G0,175.0,1.0,0.0016295859947466,100
9,M3ABL_R09,0.95,G0,180.0,1.0,0.0016295859947466,100
9,M3ABL_R09,0.95,G0,185.0,1.0,0.0016295859947466,100
9,M3ABL_R09,0.95,G0,190.0,1.0,0.0016295859947466,100
9,M3ABL_R09,0.95,G0,195.0,1.0,0.0016295859947466,100
9,M3ABL_R09,0.95,G0,200.0,1.0,0.0016295859947466,100
9,M3ABL_R09,0.95,G0,205.0,1.0,0.0016295859947466,100
9,M3ABL_R09,0.95,G0,210.0,1.0,0.0016295859947466,100
9,M3ABL_R09,0.95,G0,215.0,1.0,0.0016295859947466,100
9,M3ABL_R09,0.95,G0,220.0,1.0,0.0016295859947466,100
9,M3ABL_R09,0.95,G0,225.0,1.0,0.0016295859947466,100
9,M3ABL_R09,0.95,G0,230.0,1.0,0.0016295859947466,100
9,M3ABL_R09,0.95,G0,235.0,1.0,0.0016295859947466,100
9,M3ABL_R09,0.95,G0,240.0,1.0,0.0016295859947466,100
9,M3ABL_R09,0.95,G1,60.0,0.86,0.0016295859947466,100
9,M3ABL_R09,0.95,G1,65.0,0.87,0.0016295859947466,100
9,M3ABL_R09,0.95,G1,70.0,0.87,0.0016295859947466,100
9,M3ABL_R09,0.95,G1,75.0,0.86,0.0016295859947466,100
9,M3ABL_R09,0.95,G1,80.0,0.88,0.0016295859947466,100
9,M3ABL_R09,0.95,G1,85.0,0.89,0.0016295859947466,100
9,M3ABL_R09,0.95,G1,90.0,0.88,0.0016295859947466,100
9,M3ABL_R09,0.95,G1,95.0,0.88,0.0016295859947466,100
9,M3ABL_R09,0.95,G1,100.0,0.89,0.0016295859947466,100
9,M3ABL_R09,0.95,G1,105.0,0.9,0.0016295859947466,100
9,M3ABL_R09,0.95,G1,110.0,0.89,0.0016295859947466,100
9,M3ABL_R09,0.95,G1,115.0,0.88,0.0016295859947466,100
9,M3ABL_R09,0.95,G1,120.0,0.89,0.0016295859947466,100
9,M3ABL_R09,0.95,G1,125.0,0.89,0.0016295859947466,100
9,M3ABL_R09,0.95,G1,130.0,0.89,0.0016295859947466,100
9,M3ABL_R09,0.95,G1,135.0,0.89,0.0016295859947466,100
9,M3ABL_R09,0.95,G1,140.0,0.89,0.0016295859947466,100
9,M3ABL_R09,0.95,G1,145.0,0.9,0.0016295859947466,100
9,M3ABL_R09,0.95,G1,150.0,0.91,0.0016295859947466,100
9,M3ABL_R09,0.95,G1,155.0,0.91,0.0016295859947466,100
9,M3ABL_R09,0.95,G1,160.0,0.92,0.0016295859947466,100
9,M3ABL_R09,0.95,G1,165.0,0.91,0.0016295859947466,100
9,M3ABL_R09,0.95,G1,170.0,0.92,0.0016295859947466,100
9,M3ABL_R09,0.95,G1,175.0,0.92,0.0016295859947466,100
9,M3ABL_R09,0.95,G1,180.0,0.92,0.0016295859947466,100
9,M3ABL_R09,0.95,G1,185.0,0.93,0.0016295859947466,100
9,M3ABL_R09,0.95,G1,190.0,0.94,0.0016295859947466,100
9,M3ABL_R09,0.95,G1,195.0,0.94,0.0016295859947466,100
9,M3ABL_R09,0.95,G1,200.0,0.95,0.0016295859947466,100
9,M3ABL_R09,0.95,G1,205.0,0.97,0.0016295859947466,100
9,M3ABL_R09,0.95,G1,210.0,0.97,0.0016295859947466,100
9,M3ABL_R09,0.95,G1,215.0,0.96,0.0016295859947466,100
9,M3ABL_R09,0.95,G1,220.0,0.96,0.0016295859947466,100
9,M3ABL_R09,0.95,G1,225.0,0.96,0.0016295859947466,100
9,M3ABL_R09,0.95,G1,230.0,0.96,0.0016295859947466,100
9,M3ABL_R09,0.95,G1,235.0,0.95,0.0016295859947466,100
9,M3ABL_R09,0.95,G1,240.0,0.95,0.0016295859947466,100
9,M3ABL_R09,0.95,G2,60.0,0.68,0.0016295859947466,100
9,M3ABL_R09,0.95,G2,65.0,0.68,0.0016295859947466,100
9,M3ABL_R09,0.95,G2,70.0,0.71,0.0016295859947466,100
9,M3ABL_R09,0.95,G2,75.0,0.69,0.0016295859947466,100
9,M3ABL_R09,0.95,G2,80.0,0.7,0.0016295859947466,100
9,M3ABL_R09,0.95,G2,85.0,0.71,0.0016295859947466,100
9,M3ABL_R09,0.95,G2,90.0,0.7,0.0016295859947466,100
9,M3ABL_R09,0.95,G2,95.0,0.71,0.0016295859947466,100
9,M3ABL_R09,0.95,G2,100.0,0.72,0.0016295859947466,100
9,M3ABL_R09,0.95,G2,105.0,0.73,0.0016295859947466,100
9,M3ABL_R09,0.95,G2,110.0,0.69,0.0016295859947466,100
9,M3ABL_R09,0.95,G2,115.0,0.71,0.0016295859947466,100
9,M3ABL_R09,0.95,G2,120.0,0.72,0.0016295859947466,100
9,M3ABL_R09,0.95,G2,125.0,0.74,0.0016295859947466,100
9,M3ABL_R09,0.95,G2,130.0,0.73,0.0016295859947466,100
9,M3ABL_R09,0.95,G2,135.0,0.74,0.0016295859947466,100
9,M3ABL_R09,0.95,G2,140.0,0.71,0.0016295859947466,100
9,M3ABL_R09,0.95,G2,145.0,0.72,0.0016295859947466,100
9,M3ABL_R09,0.95,G2,150.0,0.69,0.0016295859947466,100
9,M3ABL_R09,0.95,G2,155.0,0.69,0.0016295859947466,100
9,M3ABL_R09,0.95,G2,160.0,0.7,0.0016295859947466,100
9,M3ABL_R09,0.95,G2,165.0,0.74,0.0016295859947466,100
9,M3ABL_R09,0.95,G2,170.0,0.71,0.0016295859947466,100
9,M3ABL_R09,0.95,G2,175.0,0.7,0.0016295859947466,100
9,M3ABL_R09,0.95,G2,180.0,0.71,0.0016295859947466,100
9,M3ABL_R09,0.95,G2,185.0,0.71,0.0016295859947466,100
9,M3ABL_R09,0.95,G2,190.0,0.71,0.0016295859947466,100
9,M3ABL_R09,0.95,G2,195.0,0.71,0.0016295859947466,100
9,M3ABL_R09,0.95,G2,200.0,0.73,0.0016295859947466,100
9,M3ABL_R09,0.95,G2,205.0,0.73,0.0016295859947466,100
9,M3ABL_R09,0.95,G2,210.0,0.71,0.0016295859947466,100
9,M3ABL_R09,0.95,G2,215.0,0.72,0.0016295859947466,100
9,M3ABL_R09,0.95,G2,220.0,0.69,0.0016295859947466,100
9,M3ABL_R09,0.95,G2,225.0,0.69,0.0016295859947466,100
9,M3ABL_R09,0.95,G2,230.0,0.66,0.0016295859947466,100
9,M3ABL_R09,0.95,G2,235.0,0.67,0.0016295859947466,100
9,M3ABL_R09,0.95,G2,240.0,0.67,0.0016295859947466,100
9,M3ABL_R09,0.975,G0,60.0,0.99,0.0016295859947466,100
9,M3ABL_R09,0.975,G0,65.0,0.99,0.0016295859947466,100
9,M3ABL_R09,0.975,G0,70.0,0.98,0.0016295859947466,100
9,M3ABL_R09,0.975,G0,75.0,0.98,0.0016295859947466,100
9,M3ABL_R09,0.975,G0,80.0,0.98,0.0016295859947466,100
9,M3ABL_R09,0.975,G0,85.0,0.99,0.0016295859947466,100
9,M3ABL_R09,0.975,G0,90.0,0.99,0.0016295859947466,100
9,M3ABL_R09,0.975,G0,95.0,0.99,0.0016295859947466,100
9,M3ABL_R09,0.975,G0,100.0,0.99,0.0016295859947466,100
9,M3ABL_R09,0.975,G0,105.0,0.98,0.0016295859947466,100
9,M3ABL_R09,0.975,G0,110.0,0.98,0.0016295859947466,100
9,M3ABL_R09,0.975,G0,115.0,0.98,0.0016295859947466,100
9,M3ABL_R09,0.975,G0,120.0,0.98,0.0016295859947466,100
9,M3ABL_R09,0.975,G0,125.0,0.98,0.0016295859947466,100
9,M3ABL_R09,0.975,G0,130.0,0.98,0.0016295859947466,100
9,M3ABL_R09,0.975,G0,135.0,0.98,0.0016295859947466,100
9,M3ABL_R09,0.975,G0,140.0,0.98,0.0016295859947466,100
9,M3ABL_R09,0.975,G0,145.0,0.98,0.0016295859947466,100
9,M3ABL_R09,0.975,G0,150.0,0.98,0.0016295859947466,100
9,M3ABL_R09,0.975,G0,155.0,0.98,0.0016295859947466,100
9,M3ABL_R09,0.975,G0,160.0,0.98,0.0016295859947466,100
9,M3ABL_R09,0.975,G0,165.0,0.99,0.0016295859947466,100
9,M3ABL_R09,0.975,G0,170.0,1.0,0.0016295859947466,100
9,M3ABL_R09,0.975,G0,175.0,1.0,0.0016295859947466,100
9,M3ABL_R09,0.975,G0,180.0,1.0,0.0016295859947466,100
9,M3ABL_R09,0.975,G0,185.0,1.0,0.0016295859947466,100
9,M3ABL_R09,0.975,G0,190.0,1.0,0.0016295859947466,100
9,M3ABL_R09,0.975,G0,195.0,1.0,0.0016295859947466,100
9,M3ABL_R09,0.975,G0,200.0,1.0,0.0016295859947466,100
9,M3ABL_R09,0.975,G0,205.0,1.0,0.0016295859947466,100
9,M3ABL_R09,0.975,G0,210.0,1.0,0.0016295859947466,100
9,M3ABL_R09,0.975,G0,215.0,1.0,0.0016295859947466,100
9,M3ABL_R09,0.975,G0,220.0,1.0,0.0016295859947466,100
9,M3ABL_R09,0.975,G0,225.0,1.0,0.0016295859947466,100
9,M3ABL_R09,0.975,G0,230.0,1.0,0.0016295859947466,100
9,M3ABL_R09,0.975,G0,235.0,1.0,0.0016295859947466,100
9,M3ABL_R09,0.975,G0,240.0,1.0,0.0016295859947466,100
9,M3ABL_R09,0.975,G1,60.0,0.89,0.0016295859947466,100
9,M3ABL_R09,0.975,G1,65.0,0.9,0.0016295859947466,100
9,M3ABL_R09,0.975,G1,70.0,0.86,0.0016295859947466,100
9,M3ABL_R09,0.975,G1,75.0,0.88,0.0016295859947466,100
9,M3ABL_R09,0.975,G1,80.0,0.88,0.0016295859947466,100
9,M3ABL_R09,0.975,G1,85.0,0.88,0.0016295859947466,100
9,M3ABL_R09,0.975,G1,90.0,0.88,0.0016295859947466,100
9,M3ABL_R09,0.975,G1,95.0,0.88,0.0016295859947466,100
9,M3ABL_R09,0.975,G1,100.0,0.9,0.0016295859947466,100
9,M3ABL_R09,0.975,G1,105.0,0.89,0.0016295859947466,100
9,M3ABL_R09,0.975,G1,110.0,0.88,0.0016295859947466,100
9,M3ABL_R09,0.975,G1,115.0,0.87,0.0016295859947466,100
9,M3ABL_R09,0.975,G1,120.0,0.87,0.0016295859947466,100
9,M3ABL_R09,0.975,G1,125.0,0.87,0.0016295859947466,100
9,M3ABL_R09,0.975,G1,130.0,0.89,0.0016295859947466,100
9,M3ABL_R09,0.975,G1,135.0,0.89,0.0016295859947466,100
9,M3ABL_R09,0.975,G1,140.0,0.9,0.0016295859947466,100
9,M3ABL_R09,0.975,G1,145.0,0.92,0.0016295859947466,100
9,M3ABL_R09,0.975,G1,150.0,0.92,0.0016295859947466,100
9,M3ABL_R09,0.975,G1,155.0,0.92,0.0016295859947466,100
9,M3ABL_R09,0.975,G1,160.0,0.92,0.0016295859947466,100
9,M3ABL_R09,0.975,G1,165.0,0.91,0.0016295859947466,100
9,M3ABL_R09,0.975,G1,170.0,0.93,0.0016295859947466,100
9,M3ABL_R09,0.975,G1,175.0,0.93,0.0016295859947466,100
9,M3ABL_R09,0.975,G1,180.0,0.93,0.0016295859947466,100
9,M3ABL_R09,0.975,G1,185.0,0.93,0.0016295859947466,100
9,M3ABL_R09,0.975,G1,190.0,0.91,0.0016295859947466,100
9,M3ABL_R09,0.975,G1,195.0,0.92,0.0016295859947466,100
9,M3ABL_R09,0.975,G1,200.0,0.92,0.0016295859947466,100
9,M3ABL_R09,0.975,G1,205.0,0.93,0.0016295859947466,100
9,M3ABL_R09,0.975,G1,210.0,0.94,0.0016295859947466,100
9,M3ABL_R09,0.975,G1,215.0,0.94,0.0016295859947466,100
9,M3ABL_R09,0.975,G1,220.0,0.95,0.0016295859947466,100
9,M3ABL_R09,0.975,G1,225.0,0.95,0.0016295859947466,100
9,M3ABL_R09,0.975,G1,230.0,0.95,0.0016295859947466,100
9,M3ABL_R09,0.975,G1,235.0,0.94,0.0016295859947466,100
9,M3ABL_R09,0.975,G1,240.0,0.94,0.0016295859947466,100
9,M3ABL_R09,0.975,G2,60.0,0.71,0.0016295859947466,100
9,M3ABL_R09,0.975,G2,65.0,0.74,0.0016295859947466,100
9,M3ABL_R09,0.975,G2,70.0,0.72,0.0016295859947466,100
9,M3ABL_R09,0.975,G2,75.0,0.73,0.0016295859947466,100
9,M3ABL_R09,0.975,G2,80.0,0.72,0.0016295859947466,100
9,M3ABL_R09,0.975,G2,85.0,0.72,0.0016295859947466,100
9,M3ABL_R09,0.975,G2,90.0,0.71,0.0016295859947466,100
9,M3ABL_R09,0.975,G2,95.0,0.7,0.0016295859947466,100
9,M3ABL_R09,0.975,G2,100.0,0.7,0.0016295859947466,100
9,M3ABL_R09,0.975,G2,105.0,0.7,0.0016295859947466,100
9,M3ABL_R09,0.975,G2,110.0,0.63,0.0016295859947466,100
9,M3ABL_R09,0.975,G2,115.0,0.67,0.0016295859947466,100
9,M3ABL_R09,0.975,G2,120.0,0.67,0.0016295859947466,100
9,M3ABL_R09,0.975,G2,125.0,0.68,0.0016295859947466,100
9,M3ABL_R09,0.975,G2,130.0,0.71,0.0016295859947466,100
9,M3ABL_R09,0.975,G2,135.0,0.7,0.0016295859947466,100
9,M3ABL_R09,0.975,G2,140.0,0.71,0.0016295859947466,100
9,M3ABL_R09,0.975,G2,145.0,0.72,0.0016295859947466,100
9,M3ABL_R09,0.975,G2,150.0,0.71,0.0016295859947466,100
9,M3ABL_R09,0.975,G2,155.0,0.7,0.0016295859947466,100
9,M3ABL_R09,0.975,G2,160.0,0.69,0.0016295859947466,100
9,M3ABL_R09,0.975,G2,165.0,0.7,0.0016295859947466,100
9,M3ABL_R09,0.975,G2,170.0,0.72,0.0016295859947466,100
9,M3ABL_R09,0.975,G2,175.0,0.7,0.0016295859947466,100
9,M3ABL_R09,0.975,G2,180.0,0.69,0.0016295859947466,100
9,M3ABL_R09,0.975,G2,185.0,0.69,0.0016295859947466,100
9,M3ABL_R09,0.975,G2,190.0,0.67,0.0016295859947466,100
9,M3ABL_R09,0.975,G2,195.0,0.69,0.0016295859947466,100
9,M3ABL_R09,0.975,G2,200.0,0.67,0.0016295859947466,100
9,M3ABL_R09,0.975,G2,205.0,0.68,0.0016295859947466,100
9,M3ABL_R09,0.975,G2,210.0,0.69,0.0016295859947466,100
9,M3ABL_R09,0.975,G2,215.0,0.68,0.0016295859947466,100
9,M3ABL_R09,0.975,G2,220.0,0.65,0.0016295859947466,100
9,M3ABL_R09,0.975,G2,225.0,0.67,0.0016295859947466,100
9,M3ABL_R09,0.975,G2,230.0,0.62,0.0016295859947466,100
9,M3ABL_R09,0.975,G2,235.0,0.63,0.0016295859947466,100
9,M3ABL_R09,0.975,G2,240.0,0.62,0.0016295859947466,100
9,M3ABL_R09,0.9833333333333332,G0,60.0,0.99,0.0016295859947466,100
9,M3ABL_R09,0.9833333333333332,G0,65.0,1.0,0.0016295859947466,100
9,M3ABL_R09,0.9833333333333332,G0,70.0,0.98,0.0016295859947466,100
9,M3ABL_R09,0.9833333333333332,G0,75.0,0.99,0.0016295859947466,100
9,M3ABL_R09,0.9833333333333332,G0,80.0,0.99,0.0016295859947466,100
9,M3ABL_R09,0.9833333333333332,G0,85.0,0.99,0.0016295859947466,100
9,M3ABL_R09,0.9833333333333332,G0,90.0,0.98,0.0016295859947466,100
9,M3ABL_R09,0.9833333333333332,G0,95.0,0.98,0.0016295859947466,100
9,M3ABL_R09,0.9833333333333332,G0,100.0,0.99,0.0016295859947466,100
9,M3ABL_R09,0.9833333333333332,G0,105.0,0.98,0.0016295859947466,100
9,M3ABL_R09,0.9833333333333332,G0,110.0,0.98,0.0016295859947466,100
9,M3ABL_R09,0.9833333333333332,G0,115.0,0.98,0.0016295859947466,100
9,M3ABL_R09,0.9833333333333332,G0,120.0,0.98,0.0016295859947466,100
9,M3ABL_R09,0.9833333333333332,G0,125.0,0.98,0.0016295859947466,100
9,M3ABL_R09,0.9833333333333332,G0,130.0,0.98,0.0016295859947466,100
9,M3ABL_R09,0.9833333333333332,G0,135.0,0.98,0.0016295859947466,100
9,M3ABL_R09,0.9833333333333332,G0,140.0,0.98,0.0016295859947466,100
9,M3ABL_R09,0.9833333333333332,G0,145.0,0.98,0.0016295859947466,100
9,M3ABL_R09,0.9833333333333332,G0,150.0,0.98,0.0016295859947466,100
9,M3ABL_R09,0.9833333333333332,G0,155.0,0.98,0.0016295859947466,100
9,M3ABL_R09,0.9833333333333332,G0,160.0,0.98,0.0016295859947466,100
9,M3ABL_R09,0.9833333333333332,G0,165.0,0.98,0.0016295859947466,100
9,M3ABL_R09,0.9833333333333332,G0,170.0,0.98,0.0016295859947466,100
9,M3ABL_R09,0.9833333333333332,G0,175.0,0.98,0.0016295859947466,100
9,M3ABL_R09,0.9833333333333332,G0,180.0,0.98,0.0016295859947466,100
9,M3ABL_R09,0.9833333333333332,G0,185.0,1.0,0.0016295859947466,100
9,M3ABL_R09,0.9833333333333332,G0,190.0,0.99,0.0016295859947466,100
9,M3ABL_R09,0.9833333333333332,G0,195.0,0.99,0.0016295859947466,100
9,M3ABL_R09,0.9833333333333332,G0,200.0,0.99,0.0016295859947466,100
9,M3ABL_R09,0.9833333333333332,G0,205.0,0.99,0.0016295859947466,100
9,M3ABL_R09,0.9833333333333332,G0,210.0,0.99,0.0016295859947466,100
9,M3ABL_R09,0.9833333333333332,G0,215.0,0.99,0.0016295859947466,100
9,M3ABL_R09,0.9833333333333332,G0,220.0,0.99,0.0016295859947466,100
9,M3ABL_R09,0.9833333333333332,G0,225.0,0.99,0.0016295859947466,100
9,M3ABL_R09,0.9833333333333332,G0,230.0,1.0,0.0016295859947466,100
9,M3ABL_R09,0.9833333333333332,G0,235.0,1.0,0.0016295859947466,100
9,M3ABL_R09,0.9833333333333332,G0,240.0,1.0,0.0016295859947466,100
9,M3ABL_R09,0.9833333333333332,G1,60.0,0.89,0.0016295859947466,100
9,M3ABL_R09,0.9833333333333332,G1,65.0,0.91,0.0016295859947466,100
9,M3ABL_R09,0.9833333333333332,G1,70.0,0.87,0.0016295859947466,100
9,M3ABL_R09,0.9833333333333332,G1,75.0,0.89,0.0016295859947466,100
9,M3ABL_R09,0.9833333333333332,G1,80.0,0.88,0.0016295859947466,100
9,M3ABL_R09,0.9833333333333332,G1,85.0,0.89,0.0016295859947466,100
9,M3ABL_R09,0.9833333333333332,G1,90.0,0.88,0.0016295859947466,100
9,M3ABL_R09,0.9833333333333332,G1,95.0,0.88,0.0016295859947466,100
9,M3ABL_R09,0.9833333333333332,G1,100.0,0.9,0.0016295859947466,100
9,M3ABL_R09,0.9833333333333332,G1,105.0,0.89,0.0016295859947466,100
9,M3ABL_R09,0.9833333333333332,G1,110.0,0.9,0.0016295859947466,100
9,M3ABL_R09,0.9833333333333332,G1,115.0,0.89,0.0016295859947466,100
9,M3ABL_R09,0.9833333333333332,G1,120.0,0.89,0.0016295859947466,100
9,M3ABL_R09,0.9833333333333332,G1,125.0,0.88,0.0016295859947466,100
9,M3ABL_R09,0.9833333333333332,G1,130.0,0.88,0.0016295859947466,100
9,M3ABL_R09,0.9833333333333332,G1,135.0,0.89,0.0016295859947466,100
9,M3ABL_R09,0.9833333333333332,G1,140.0,0.89,0.0016295859947466,100
9,M3ABL_R09,0.9833333333333332,G1,145.0,0.89,0.0016295859947466,100
9,M3ABL_R09,0.9833333333333332,G1,150.0,0.89,0.0016295859947466,100
9,M3ABL_R09,0.9833333333333332,G1,155.0,0.89,0.0016295859947466,100
9,M3ABL_R09,0.9833333333333332,G1,160.0,0.9,0.0016295859947466,100
9,M3ABL_R09,0.9833333333333332,G1,165.0,0.9,0.0016295859947466,100
9,M3ABL_R09,0.9833333333333332,G1,170.0,0.92,0.0016295859947466,100
9,M3ABL_R09,0.9833333333333332,G1,175.0,0.9,0.0016295859947466,100
9,M3ABL_R09,0.9833333333333332,G1,180.0,0.89,0.0016295859947466,100
9,M3ABL_R09,0.9833333333333332,G1,185.0,0.89,0.0016295859947466,100
9,M3ABL_R09,0.9833333333333332,G1,190.0,0.88,0.0016295859947466,100
9,M3ABL_R09,0.9833333333333332,G1,195.0,0.91,0.0016295859947466,100
9,M3ABL_R09,0.9833333333333332,G1,200.0,0.91,0.0016295859947466,100
9,M3ABL_R09,0.9833333333333332,G1,205.0,0.9,0.0016295859947466,100
9,M3ABL_R09,0.9833333333333332,G1,210.0,0.9,0.0016295859947466,100
9,M3ABL_R09,0.9833333333333332,G1,215.0,0.9,0.0016295859947466,100
9,M3ABL_R09,0.9833333333333332,G1,220.0,0.91,0.0016295859947466,100
9,M3ABL_R09,0.9833333333333332,G1,225.0,0.91,0.0016295859947466,100
9,M3ABL_R09,0.9833333333333332,G1,230.0,0.93,0.0016295859947466,100
9,M3ABL_R09,0.9833333333333332,G1,235.0,0.92,0.0016295859947466,100
9,M3ABL_R09,0.9833333333333332,G1,240.0,0.91,0.0016295859947466,100
9,M3ABL_R09,0.9833333333333332,G2,60.0,0.68,0.0016295859947466,100
9,M3ABL_R09,0.9833333333333332,G2,65.0,0.72,0.0016295859947466,100
9,M3ABL_R09,0.9833333333333332,G2,70.0,0.69,0.0016295859947466,100
9,M3ABL_R09,0.9833333333333332,G2,75.0,0.73,0.0016295859947466,100
9,M3ABL_R09,0.9833333333333332,G2,80.0,0.72,0.0016295859947466,100
9,M3ABL_R09,0.9833333333333332,G2,85.0,0.74,0.0016295859947466,100
9,M3ABL_R09,0.9833333333333332,G2,90.0,0.71,0.0016295859947466,100
9,M3ABL_R09,0.9833333333333332,G2,95.0,0.7,0.0016295859947466,100
9,M3ABL_R09,0.9833333333333332,G2,100.0,0.7,0.0016295859947466,100
9,M3ABL_R09,0.9833333333333332,G2,105.0,0.65,0.0016295859947466,100
9,M3ABL_R09,0.9833333333333332,G2,110.0,0.66,0.0016295859947466,100
9,M3ABL_R09,0.9833333333333332,G2,115.0,0.66,0.0016295859947466,100
9,M3ABL_R09,0.9833333333333332,G2,120.0,0.65,0.0016295859947466,100
9,M3ABL_R09,0.9833333333333332,G2,125.0,0.69,0.0016295859947466,100
9,M3ABL_R09,0.9833333333333332,G2,130.0,0.65,0.0016295859947466,100
9,M3ABL_R09,0.9833333333333332,G2,135.0,0.69,0.0016295859947466,100
9,M3ABL_R09,0.9833333333333332,G2,140.0,0.67,0.0016295859947466,100
9,M3ABL_R09,0.9833333333333332,G2,145.0,0.69,0.0016295859947466,100
9,M3ABL_R09,0.9833333333333332,G2,150.0,0.68,0.0016295859947466,100
9,M3ABL_R09,0.9833333333333332,G2,155.0,0.67,0.0016295859947466,100
9,M3ABL_R09,0.9833333333333332,G2,160.0,0.71,0.0016295859947466,100
9,M3ABL_R09,0.9833333333333332,G2,165.0,0.7,0.0016295859947466,100
9,M3ABL_R09,0.9833333333333332,G2,170.0,0.71,0.0016295859947466,100
9,M3ABL_R09,0.9833333333333332,G2,175.0,0.68,0.0016295859947466,100
9,M3ABL_R09,0.9833333333333332,G2,180.0,0.66,0.0016295859947466,100
9,M3ABL_R09,0.9833333333333332,G2,185.0,0.68,0.0016295859947466,100
9,M3ABL_R09,0.9833333333333332,G2,190.0,0.66,0.0016295859947466,100
9,M3ABL_R09,0.9833333333333332,G2,195.0,0.68,0.0016295859947466,100
9,M3ABL_R09,0.9833333333333332,G2,200.0,0.65,0.0016295859947466,100
9,M3ABL_R09,0.9833333333333332,G2,205.0,0.7,0.0016295859947466,100
9,M3ABL_R09,0.9833333333333332,G2,210.0,0.69,0.0016295859947466,100
9,M3ABL_R09,0.9833333333333332,G2,215.0,0.67,0.0016295859947466,100
9,M3ABL_R09,0.9833333333333332,G2,220.0,0.65,0.0016295859947466,100
9,M3ABL_R09,0.9833333333333332,G2,225.0,0.62,0.0016295859947466,100
9,M3ABL_R09,0.9833333333333332,G2,230.0,0.62,0.0016295859947466,100
9,M3ABL_R09,0.9833333333333332,G2,235.0,0.62,0.0016295859947466,100
9,M3ABL_R09,0.9833333333333332,G2,240.0,0.6,0.0016295859947466,100
9,M3ABL_R09,0.99,G0,60.0,0.99,0.0016295859947466,100
9,M3ABL_R09,0.99,G0,65.0,1.0,0.0016295859947466,100
9,M3ABL_R09,0.99,G0,70.0,0.98,0.0016295859947466,100
9,M3ABL_R09,0.99,G0,75.0,0.98,0.0016295859947466,100
9,M3ABL_R09,0.99,G0,80.0,0.98,0.0016295859947466,100
9,M3ABL_R09,0.99,G0,85.0,0.99,0.0016295859947466,100
9,M3ABL_R09,0.99,G0,90.0,0.99,0.0016295859947466,100
9,M3ABL_R09,0.99,G0,95.0,0.99,0.0016295859947466,100
9,M3ABL_R09,0.99,G0,100.0,0.99,0.0016295859947466,100
9,M3ABL_R09,0.99,G0,105.0,0.98,0.0016295859947466,100
9,M3ABL_R09,0.99,G0,110.0,0.98,0.0016295859947466,100
9,M3ABL_R09,0.99,G0,115.0,0.98,0.0016295859947466,100
9,M3ABL_R09,0.99,G0,120.0,0.98,0.0016295859947466,100
9,M3ABL_R09,0.99,G0,125.0,0.98,0.0016295859947466,100
9,M3ABL_R09,0.99,G0,130.0,0.98,0.0016295859947466,100
9,M3ABL_R09,0.99,G0,135.0,0.98,0.0016295859947466,100
9,M3ABL_R09,0.99,G0,140.0,0.98,0.0016295859947466,100
9,M3ABL_R09,0.99,G0,145.0,0.98,0.0016295859947466,100
9,M3ABL_R09,0.99,G0,150.0,0.98,0.0016295859947466,100
9,M3ABL_R09,0.99,G0,155.0,0.98,0.0016295859947466,100
9,M3ABL_R09,0.99,G0,160.0,0.98,0.0016295859947466,100
9,M3ABL_R09,0.99,G0,165.0,0.98,0.0016295859947466,100
9,M3ABL_R09,0.99,G0,170.0,0.98,0.0016295859947466,100
9,M3ABL_R09,0.99,G0,175.0,0.98,0.0016295859947466,100
9,M3ABL_R09,0.99,G0,180.0,0.98,0.0016295859947466,100
9,M3ABL_R09,0.99,G0,185.0,0.98,0.0016295859947466,100
9,M3ABL_R09,0.99,G0,190.0,0.97,0.0016295859947466,100
9,M3ABL_R09,0.99,G0,195.0,0.97,0.0016295859947466,100
9,M3ABL_R09,0.99,G0,200.0,0.97,0.0016295859947466,100
9,M3ABL_R09,0.99,G0,205.0,0.98,0.0016295859947466,100
9,M3ABL_R09,0.99,G0,210.0,0.98,0.0016295859947466,100
9,M3ABL_R09,0.99,G0,215.0,0.98,0.0016295859947466,100
9,M3ABL_R09,0.99,G0,220.0,0.98,0.0016295859947466,100
9,M3ABL_R09,0.99,G0,225.0,0.98,0.0016295859947466,100
9,M3ABL_R09,0.99,G0,230.0,0.98,0.0016295859947466,100
9,M3ABL_R09,0.99,G0,235.0,0.98,0.0016295859947466,100
9,M3ABL_R09,0.99,G0,240.0,0.98,0.0016295859947466,100
9,M3ABL_R09,0.99,G1,60.0,0.92,0.0016295859947466,100
9,M3ABL_R09,0.99,G1,65.0,0.93,0.0016295859947466,100
9,M3ABL_R09,0.99,G1,70.0,0.9,0.0016295859947466,100
9,M3ABL_R09,0.99,G1,75.0,0.9,0.0016295859947466,100
9,M3ABL_R09,0.99,G1,80.0,0.89,0.0016295859947466,100
9,M3ABL_R09,0.99,G1,85.0,0.91,0.0016295859947466,100
9,M3ABL_R09,0.99,G1,90.0,0.9,0.0016295859947466,100
9,M3ABL_R09,0.99,G1,95.0,0.9,0.0016295859947466,100
9,M3ABL_R09,0.99,G1,100.0,0.89,0.0016295859947466,100
9,M3ABL_R09,0.99,G1,105.0,0.9,0.0016295859947466,100
9,M3ABL_R09,0.99,G1,110.0,0.89,0.0016295859947466,100
9,M3ABL_R09,0.99,G1,115.0,0.88,0.0016295859947466,100
9,M3ABL_R09,0.99,G1,120.0,0.88,0.0016295859947466,100
9,M3ABL_R09,0.99,G1,125.0,0.88,0.0016295859947466,100
9,M3ABL_R09,0.99,G1,130.0,0.88,0.0016295859947466,100
9,M3ABL_R09,0.99,G1,135.0,0.88,0.0016295859947466,100
9,M3ABL_R09,0.99,G1,140.0,0.88,0.0016295859947466,100
9,M3ABL_R09,0.99,G1,145.0,0.91,0.0016295859947466,100
9,M3ABL_R09,0.99,G1,150.0,0.91,0.0016295859947466,100
9,M3ABL_R09,0.99,G1,155.0,0.91,0.0016295859947466,100
9,M3ABL_R09,0.99,G1,160.0,0.91,0.0016295859947466,100
9,M3ABL_R09,0.99,G1,165.0,0.92,0.0016295859947466,100
9,M3ABL_R09,0.99,G1,170.0,0.92,0.0016295859947466,100
9,M3ABL_R09,0.99,G1,175.0,0.91,0.0016295859947466,100
9,M3ABL_R09,0.99,G1,180.0,0.91,0.0016295859947466,100
9,M3ABL_R09,0.99,G1,185.0,0.91,0.0016295859947466,100
9,M3ABL_R09,0.99,G1,190.0,0.89,0.0016295859947466,100
9,M3ABL_R09,0.99,G1,195.0,0.89,0.0016295859947466,100
9,M3ABL_R09,0.99,G1,200.0,0.89,0.0016295859947466,100
9,M3ABL_R09,0.99,G1,205.0,0.92,0.0016295859947466,100
9,M3ABL_R09,0.99,G1,210.0,0.92,0.0016295859947466,100
9,M3ABL_R09,0.99,G1,215.0,0.92,0.0016295859947466,100
9,M3ABL_R09,0.99,G1,220.0,0.91,0.0016295859947466,100
9,M3ABL_R09,0.99,G1,225.0,0.94,0.0016295859947466,100
9,M3ABL_R09,0.99,G1,230.0,0.94,0.0016295859947466,100
9,M3ABL_R09,0.99,G1,235.0,0.92,0.0016295859947466,100
9,M3ABL_R09,0.99,G1,240.0,0.91,0.0016295859947466,100
9,M3ABL_R09,0.99,G2,60.0,0.67,0.0016295859947466,100
9,M3ABL_R09,0.99,G2,65.0,0.75,0.0016295859947466,100
9,M3ABL_R09,0.99,G2,70.0,0.73,0.0016295859947466,100
9,M3ABL_R09,0.99,G2,75.0,0.72,0.0016295859947466,100
9,M3ABL_R09,0.99,G2,80.0,0.7,0.0016295859947466,100
9,M3ABL_R09,0.99,G2,85.0,0.75,0.0016295859947466,100
9,M3ABL_R09,0.99,G2,90.0,0.74,0.0016295859947466,100
9,M3ABL_R09,0.99,G2,95.0,0.72,0.0016295859947466,100
9,M3ABL_R09,0.99,G2,100.0,0.68,0.0016295859947466,100
9,M3ABL_R09,0.99,G2,105.0,0.72,0.0016295859947466,100
9,M3ABL_R09,0.99,G2,110.0,0.68,0.0016295859947466,100
9,M3ABL_R09,0.99,G2,115.0,0.67,0.0016295859947466,100
9,M3ABL_R09,0.99,G2,120.0,0.63,0.0016295859947466,100
9,M3ABL_R09,0.99,G2,125.0,0.67,0.0016295859947466,100
9,M3ABL_R09,0.99,G2,130.0,0.63,0.0016295859947466,100
9,M3ABL_R09,0.99,G2,135.0,0.63,0.0016295859947466,100
9,M3ABL_R09,0.99,G2,140.0,0.62,0.0016295859947466,100
9,M3ABL_R09,0.99,G2,145.0,0.66,0.0016295859947466,100
9,M3ABL_R09,0.99,G2,150.0,0.65,0.0016295859947466,100
9,M3ABL_R09,0.99,G2,155.0,0.65,0.0016295859947466,100
9,M3ABL_R09,0.99,G2,160.0,0.64,0.0016295859947466,100
9,M3ABL_R09,0.99,G2,165.0,0.69,0.0016295859947466,100
9,M3ABL_R09,0.99,G2,170.0,0.68,0.0016295859947466,100
9,M3ABL_R09,0.99,G2,175.0,0.65,0.0016295859947466,100
9,M3ABL_R09,0.99,G2,180.0,0.65,0.0016295859947466,100
9,M3ABL_R09,0.99,G2,185.0,0.64,0.0016295859947466,100
9,M3ABL_R09,0.99,G2,190.0,0.62,0.0016295859947466,100
9,M3ABL_R09,0.99,G2,195.0,0.61,0.0016295859947466,100
9,M3ABL_R09,0.99,G2,200.0,0.6,0.0016295859947466,100
9,M3ABL_R09,0.99,G2,205.0,0.65,0.0016295859947466,100
9,M3ABL_R09,0.99,G2,210.0,0.64,0.0016295859947466,100
9,M3ABL_R09,0.99,G2,215.0,0.61,0.0016295859947466,100
9,M3ABL_R09,0.99,G2,220.0,0.61,0.0016295859947466,100
9,M3ABL_R09,0.99,G2,225.0,0.64,0.0016295859947466,100
9,M3ABL_R09,0.99,G2,230.0,0.61,0.0016295859947466,100
9,M3ABL_R09,0.99,G2,235.0,0.61,0.0016295859947466,100
9,M3ABL_R09,0.99,G2,240.0,0.6,0.0016295859947466,100
9,M3ABL_R09,0.995,G0,60.0,1.0,0.0016295859947466,100
9,M3ABL_R09,0.995,G0,65.0,1.0,0.0016295859947466,100
9,M3ABL_R09,0.995,G0,70.0,0.98,0.0016295859947466,100
9,M3ABL_R09,0.995,G0,75.0,0.98,0.0016295859947466,100
9,M3ABL_R09,0.995,G0,80.0,0.98,0.0016295859947466,100
9,M3ABL_R09,0.995,G0,85.0,0.99,0.0016295859947466,100
9,M3ABL_R09,0.995,G0,90.0,0.99,0.0016295859947466,100
9,M3ABL_R09,0.995,G0,95.0,0.99,0.0016295859947466,100
9,M3ABL_R09,0.995,G0,100.0,0.99,0.0016295859947466,100
9,M3ABL_R09,0.995,G0,105.0,0.98,0.0016295859947466,100
9,M3ABL_R09,0.995,G0,110.0,0.98,0.0016295859947466,100
9,M3ABL_R09,0.995,G0,115.0,0.98,0.0016295859947466,100
9,M3ABL_R09,0.995,G0,120.0,0.98,0.0016295859947466,100
9,M3ABL_R09,0.995,G0,125.0,0.98,0.0016295859947466,100
9,M3ABL_R09,0.995,G0,130.0,0.98,0.0016295859947466,100
9,M3ABL_R09,0.995,G0,135.0,0.98,0.0016295859947466,100
9,M3ABL_R09,0.995,G0,140.0,0.98,0.0016295859947466,100
9,M3ABL_R09,0.995,G0,145.0,0.98,0.0016295859947466,100
9,M3ABL_R09,0.995,G0,150.0,0.98,0.0016295859947466,100
9,M3ABL_R09,0.995,G0,155.0,0.98,0.0016295859947466,100
9,M3ABL_R09,0.995,G0,160.0,0.98,0.0016295859947466,100
9,M3ABL_R09,0.995,G0,165.0,0.99,0.0016295859947466,100
9,M3ABL_R09,0.995,G0,170.0,0.99,0.0016295859947466,100
9,M3ABL_R09,0.995,G0,175.0,0.99,0.0016295859947466,100
9,M3ABL_R09,0.995,G0,180.0,0.99,0.0016295859947466,100
9,M3ABL_R09,0.995,G0,185.0,0.99,0.0016295859947466,100
9,M3ABL_R09,0.995,G0,190.0,0.98,0.0016295859947466,100
9,M3ABL_R09,0.995,G0,195.0,0.98,0.0016295859947466,100
9,M3ABL_R09,0.995,G0,200.0,0.98,0.0016295859947466,100
9,M3ABL_R09,0.995,G0,205.0,0.98,0.0016295859947466,100
9,M3ABL_R09,0.995,G0,210.0,0.98,0.0016295859947466,100
9,M3ABL_R09,0.995,G0,215.0,0.98,0.0016295859947466,100
9,M3ABL_R09,0.995,G0,220.0,0.98,0.0016295859947466,100
9,M3ABL_R09,0.995,G0,225.0,0.98,0.0016295859947466,100
9,M3ABL_R09,0.995,G0,230.0,0.98,0.0016295859947466,100
9,M3ABL_R09,0.995,G0,235.0,0.98,0.0016295859947466,100
9,M3ABL_R09,0.995,G0,240.0,0.98,0.0016295859947466,100
9,M3ABL_R09,0.995,G1,60.0,0.92,0.0016295859947466,100
9,M3ABL_R09,0.995,G1,65.0,0.92,0.0016295859947466,100
9,M3ABL_R09,0.995,G1,70.0,0.89,0.0016295859947466,100
9,M3ABL_R09,0.995,G1,75.0,0.89,0.0016295859947466,100
9,M3ABL_R09,0.995,G1,80.0,0.89,0.0016295859947466,100
9,M3ABL_R09,0.995,G1,85.0,0.9,0.0016295859947466,100
9,M3ABL_R09,0.995,G1,90.0,0.89,0.0016295859947466,100
9,M3ABL_R09,0.995,G1,95.0,0.89,0.0016295859947466,100
9,M3ABL_R09,0.995,G1,100.0,0.88,0.0016295859947466,100
9,M3ABL_R09,0.995,G1,105.0,0.87,0.0016295859947466,100
9,M3ABL_R09,0.995,G1,110.0,0.85,0.0016295859947466,100
9,M3ABL_R09,0.995,G1,115.0,0.84,0.0016295859947466,100
9,M3ABL_R09,0.995,G1,120.0,0.84,0.0016295859947466,100
9,M3ABL_R09,0.995,G1,125.0,0.87,0.0016295859947466,100
9,M3ABL_R09,0.995,G1,130.0,0.87,0.0016295859947466,100
9,M3ABL_R09,0.995,G1,135.0,0.87,0.0016295859947466,100
9,M3ABL_R09,0.995,G1,140.0,0.87,0.0016295859947466,100
9,M3ABL_R09,0.995,G1,145.0,0.87,0.0016295859947466,100
9,M3ABL_R09,0.995,G1,150.0,0.86,0.0016295859947466,100
9,M3ABL_R09,0.995,G1,155.0,0.86,0.0016295859947466,100
9,M3ABL_R09,0.995,G1,160.0,0.85,0.0016295859947466,100
9,M3ABL_R09,0.995,G1,165.0,0.86,0.0016295859947466,100
9,M3ABL_R09,0.995,G1,170.0,0.86,0.0016295859947466,100
9,M3ABL_R09,0.995,G1,175.0,0.85,0.0016295859947466,100
9,M3ABL_R09,0.995,G1,180.0,0.84,0.0016295859947466,100
9,M3ABL_R09,0.995,G1,185.0,0.84,0.0016295859947466,100
9,M3ABL_R09,0.995,G1,190.0,0.83,0.0016295859947466,100
9,M3ABL_R09,0.995,G1,195.0,0.83,0.0016295859947466,100
9,M3ABL_R09,0.995,G1,200.0,0.82,0.0016295859947466,100
9,M3ABL_R09,0.995,G1,205.0,0.87,0.0016295859947466,100
9,M3ABL_R09,0.995,G1,210.0,0.87,0.0016295859947466,100
9,M3ABL_R09,0.995,G1,215.0,0.87,0.0016295859947466,100
9,M3ABL_R09,0.995,G1,220.0,0.87,0.0016295859947466,100
9,M3ABL_R09,0.995,G1,225.0,0.87,0.0016295859947466,100
9,M3ABL_R09,0.995,G1,230.0,0.86,0.0016295859947466,100
9,M3ABL_R09,0.995,G1,235.0,0.86,0.0016295859947466,100
9,M3ABL_R09,0.995,G1,240.0,0.85,0.0016295859947466,100
9,M3ABL_R09,0.995,G2,60.0,0.69,0.0016295859947466,100
9,M3ABL_R09,0.995,G2,65.0,0.68,0.0016295859947466,100
9,M3ABL_R09,0.995,G2,70.0,0.63,0.0016295859947466,100
9,M3ABL_R09,0.995,G2,75.0,0.61,0.0016295859947466,100
9,M3ABL_R09,0.995,G2,80.0,0.61,0.0016295859947466,100
9,M3ABL_R09,0.995,G2,85.0,0.7,0.0016295859947466,100
9,M3ABL_R09,0.995,G2,90.0,0.68,0.0016295859947466,100
9,M3ABL_R09,0.995,G2,95.0,0.67,0.0016295859947466,100
9,M3ABL_R09,0.995,G2,100.0,0.63,0.0016295859947466,100
9,M3ABL_R09,0.995,G2,105.0,0.61,0.0016295859947466,100
9,M3ABL_R09,0.995,G2,110.0,0.58,0.0016295859947466,100
9,M3ABL_R09,0.995,G2,115.0,0.57,0.0016295859947466,100
9,M3ABL_R09,0.995,G2,120.0,0.56,0.0016295859947466,100
9,M3ABL_R09,0.995,G2,125.0,0.61,0.0016295859947466,100
9,M3ABL_R09,0.995,G2,130.0,0.59,0.0016295859947466,100
9,M3ABL_R09,0.995,G2,135.0,0.59,0.0016295859947466,100
9,M3ABL_R09,0.995,G2,140.0,0.58,0.0016295859947466,100
9,M3ABL_R09,0.995,G2,145.0,0.57,0.0016295859947466,100
9,M3ABL_R09,0.995,G2,150.0,0.56,0.0016295859947466,100
9,M3ABL_R09,0.995,G2,155.0,0.55,0.0016295859947466,100
9,M3ABL_R09,0.995,G2,160.0,0.54,0.0016295859947466,100
9,M3ABL_R09,0.995,G2,165.0,0.62,0.0016295859947466,100
9,M3ABL_R09,0.995,G2,170.0,0.59,0.0016295859947466,100
9,M3ABL_R09,0.995,G2,175.0,0.57,0.0016295859947466,100
9,M3ABL_R09,0.995,G2,180.0,0.56,0.0016295859947466,100
9,M3ABL_R09,0.995,G2,185.0,0.54,0.0016295859947466,100
9,M3ABL_R09,0.995,G2,190.0,0.53,0.0016295859947466,100
9,M3ABL_R09,0.995,G2,195.0,0.52,0.0016295859947466,100
9,M3ABL_R09,0.995,G2,200.0,0.52,0.0016295859947466,100
9,M3ABL_R09,0.995,G2,205.0,0.56,0.0016295859947466,100
9,M3ABL_R09,0.995,G2,210.0,0.54,0.0016295859947466,100
9,M3ABL_R09,0.995,G2,215.0,0.54,0.0016295859947466,100
9,M3ABL_R09,0.995,G2,220.0,0.54,0.0016295859947466,100
9,M3ABL_R09,0.995,G2,225.0,0.54,0.0016295859947466,100
9,M3ABL_R09,0.995,G2,230.0,0.51,0.0016295859947466,100
9,M3ABL_R09,0.995,G2,235.0,0.51,0.0016295859947466,100
9,M3ABL_R09,0.995,G2,240.0,0.49,0.0016295859947466,100
10,M3ABL_R10,0.95,G0,60.0,0.96,0.0004977145036782,100
10,M3ABL_R10,0.95,G0,65.0,0.99,0.0004977145036782,100
10,M3ABL_R10,0.95,G0,70.0,0.99,0.0004977145036782,100
10,M3ABL_R10,0.95,G0,75.0,0.98,0.0004977145036782,100
10,M3ABL_R10,0.95,G0,80.0,0.98,0.0004977145036782,100
10,M3ABL_R10,0.95,G0,85.0,0.99,0.0004977145036782,100
10,M3ABL_R10,0.95,G0,90.0,0.99,0.0004977145036782,100
10,M3ABL_R10,0.95,G0,95.0,0.99,0.0004977145036782,100
10,M3ABL_R10,0.95,G0,100.0,0.99,0.0004977145036782,100
10,M3ABL_R10,0.95,G0,105.0,0.98,0.0004977145036782,100
10,M3ABL_R10,0.95,G0,110.0,0.99,0.0004977145036782,100
10,M3ABL_R10,0.95,G0,115.0,0.99,0.0004977145036782,100
10,M3ABL_R10,0.95,G0,120.0,0.99,0.0004977145036782,100
10,M3ABL_R10,0.95,G0,125.0,0.99,0.0004977145036782,100
10,M3ABL_R10,0.95,G0,130.0,0.99,0.0004977145036782,100
10,M3ABL_R10,0.95,G0,135.0,0.99,0.0004977145036782,100
10,M3ABL_R10,0.95,G0,140.0,0.99,0.0004977145036782,100
10,M3ABL_R10,0.95,G0,145.0,1.0,0.0004977145036782,100
10,M3ABL_R10,0.95,G0,150.0,1.0,0.0004977145036782,100
10,M3ABL_R10,0.95,G0,155.0,1.0,0.0004977145036782,100
10,M3ABL_R10,0.95,G0,160.0,1.0,0.0004977145036782,100
10,M3ABL_R10,0.95,G0,165.0,1.0,0.0004977145036782,100
10,M3ABL_R10,0.95,G0,170.0,1.0,0.0004977145036782,100
10,M3ABL_R10,0.95,G0,175.0,1.0,0.0004977145036782,100
10,M3ABL_R10,0.95,G0,180.0,1.0,0.0004977145036782,100
10,M3ABL_R10,0.95,G0,185.0,1.0,0.0004977145036782,100
10,M3ABL_R10,0.95,G0,190.0,1.0,0.0004977145036782,100
10,M3ABL_R10,0.95,G0,195.0,1.0,0.0004977145036782,100
10,M3ABL_R10,0.95,G0,200.0,1.0,0.0004977145036782,100
10,M3ABL_R10,0.95,G0,205.0,1.0,0.0004977145036782,100
10,M3ABL_R10,0.95,G0,210.0,1.0,0.0004977145036782,100
10,M3ABL_R10,0.95,G0,215.0,1.0,0.0004977145036782,100
10,M3ABL_R10,0.95,G0,220.0,1.0,0.0004977145036782,100
10,M3ABL_R10,0.95,G0,225.0,1.0,0.0004977145036782,100
10,M3ABL_R10,0.95,G0,230.0,1.0,0.0004977145036782,100
10,M3ABL_R10,0.95,G0,235.0,1.0,0.0004977145036782,100
10,M3ABL_R10,0.95,G0,240.0,1.0,0.0004977145036782,100
10,M3ABL_R10,0.95,G1,60.0,0.88,0.0004977145036782,100
10,M3ABL_R10,0.95,G1,65.0,0.89,0.0004977145036782,100
10,M3ABL_R10,0.95,G1,70.0,0.88,0.0004977145036782,100
10,M3ABL_R10,0.95,G1,75.0,0.87,0.0004977145036782,100
10,M3ABL_R10,0.95,G1,80.0,0.88,0.0004977145036782,100
10,M3ABL_R10,0.95,G1,85.0,0.89,0.0004977145036782,100
10,M3ABL_R10,0.95,G1,90.0,0.88,0.0004977145036782,100
10,M3ABL_R10,0.95,G1,95.0,0.88,0.0004977145036782,100
10,M3ABL_R10,0.95,G1,100.0,0.89,0.0004977145036782,100
10,M3ABL_R10,0.95,G1,105.0,0.91,0.0004977145036782,100
10,M3ABL_R10,0.95,G1,110.0,0.9,0.0004977145036782,100
10,M3ABL_R10,0.95,G1,115.0,0.89,0.0004977145036782,100
10,M3ABL_R10,0.95,G1,120.0,0.89,0.0004977145036782,100
10,M3ABL_R10,0.95,G1,125.0,0.89,0.0004977145036782,100
10,M3ABL_R10,0.95,G1,130.0,0.89,0.0004977145036782,100
10,M3ABL_R10,0.95,G1,135.0,0.89,0.0004977145036782,100
10,M3ABL_R10,0.95,G1,140.0,0.89,0.0004977145036782,100
10,M3ABL_R10,0.95,G1,145.0,0.9,0.0004977145036782,100
10,M3ABL_R10,0.95,G1,150.0,0.91,0.0004977145036782,100
10,M3ABL_R10,0.95,G1,155.0,0.91,0.0004977145036782,100
10,M3ABL_R10,0.95,G1,160.0,0.92,0.0004977145036782,100
10,M3ABL_R10,0.95,G1,165.0,0.91,0.0004977145036782,100
10,M3ABL_R10,0.95,G1,170.0,0.92,0.0004977145036782,100
10,M3ABL_R10,0.95,G1,175.0,0.92,0.0004977145036782,100
10,M3ABL_R10,0.95,G1,180.0,0.92,0.0004977145036782,100
10,M3ABL_R10,0.95,G1,185.0,0.93,0.0004977145036782,100
10,M3ABL_R10,0.95,G1,190.0,0.95,0.0004977145036782,100
10,M3ABL_R10,0.95,G1,195.0,0.96,0.0004977145036782,100
10,M3ABL_R10,0.95,G1,200.0,0.96,0.0004977145036782,100
10,M3ABL_R10,0.95,G1,205.0,0.97,0.0004977145036782,100
10,M3ABL_R10,0.95,G1,210.0,0.97,0.0004977145036782,100
10,M3ABL_R10,0.95,G1,215.0,0.96,0.0004977145036782,100
10,M3ABL_R10,0.95,G1,220.0,0.96,0.0004977145036782,100
10,M3ABL_R10,0.95,G1,225.0,0.96,0.0004977145036782,100
10,M3ABL_R10,0.95,G1,230.0,0.96,0.0004977145036782,100
10,M3ABL_R10,0.95,G1,235.0,0.95,0.0004977145036782,100
10,M3ABL_R10,0.95,G1,240.0,0.95,0.0004977145036782,100
10,M3ABL_R10,0.95,G2,60.0,0.68,0.0004977145036782,100
10,M3ABL_R10,0.95,G2,65.0,0.7,0.0004977145036782,100
10,M3ABL_R10,0.95,G2,70.0,0.71,0.0004977145036782,100
10,M3ABL_R10,0.95,G2,75.0,0.7,0.0004977145036782,100
10,M3ABL_R10,0.95,G2,80.0,0.72,0.0004977145036782,100
10,M3ABL_R10,0.95,G2,85.0,0.73,0.0004977145036782,100
10,M3ABL_R10,0.95,G2,90.0,0.72,0.0004977145036782,100
10,M3ABL_R10,0.95,G2,95.0,0.73,0.0004977145036782,100
10,M3ABL_R10,0.95,G2,100.0,0.73,0.0004977145036782,100
10,M3ABL_R10,0.95,G2,105.0,0.75,0.0004977145036782,100
10,M3ABL_R10,0.95,G2,110.0,0.71,0.0004977145036782,100
10,M3ABL_R10,0.95,G2,115.0,0.74,0.0004977145036782,100
10,M3ABL_R10,0.95,G2,120.0,0.75,0.0004977145036782,100
10,M3ABL_R10,0.95,G2,125.0,0.75,0.0004977145036782,100
10,M3ABL_R10,0.95,G2,130.0,0.74,0.0004977145036782,100
10,M3ABL_R10,0.95,G2,135.0,0.74,0.0004977145036782,100
10,M3ABL_R10,0.95,G2,140.0,0.71,0.0004977145036782,100
10,M3ABL_R10,0.95,G2,145.0,0.72,0.0004977145036782,100
10,M3ABL_R10,0.95,G2,150.0,0.73,0.0004977145036782,100
10,M3ABL_R10,0.95,G2,155.0,0.73,0.0004977145036782,100
10,M3ABL_R10,0.95,G2,160.0,0.74,0.0004977145036782,100
10,M3ABL_R10,0.95,G2,165.0,0.76,0.0004977145036782,100
10,M3ABL_R10,0.95,G2,170.0,0.74,0.0004977145036782,100
10,M3ABL_R10,0.95,G2,175.0,0.76,0.0004977145036782,100
10,M3ABL_R10,0.95,G2,180.0,0.73,0.0004977145036782,100
10,M3ABL_R10,0.95,G2,185.0,0.74,0.0004977145036782,100
10,M3ABL_R10,0.95,G2,190.0,0.74,0.0004977145036782,100
10,M3ABL_R10,0.95,G2,195.0,0.74,0.0004977145036782,100
10,M3ABL_R10,0.95,G2,200.0,0.73,0.0004977145036782,100
10,M3ABL_R10,0.95,G2,205.0,0.73,0.0004977145036782,100
10,M3ABL_R10,0.95,G2,210.0,0.71,0.0004977145036782,100
10,M3ABL_R10,0.95,G2,215.0,0.73,0.0004977145036782,100
10,M3ABL_R10,0.95,G2,220.0,0.71,0.0004977145036782,100
10,M3ABL_R10,0.95,G2,225.0,0.7,0.0004977145036782,100
10,M3ABL_R10,0.95,G2,230.0,0.68,0.0004977145036782,100
10,M3ABL_R10,0.95,G2,235.0,0.7,0.0004977145036782,100
10,M3ABL_R10,0.95,G2,240.0,0.7,0.0004977145036782,100
10,M3ABL_R10,0.975,G0,60.0,0.99,0.0004977145036782,100
10,M3ABL_R10,0.975,G0,65.0,0.99,0.0004977145036782,100
10,M3ABL_R10,0.975,G0,70.0,0.98,0.0004977145036782,100
10,M3ABL_R10,0.975,G0,75.0,0.98,0.0004977145036782,100
10,M3ABL_R10,0.975,G0,80.0,0.98,0.0004977145036782,100
10,M3ABL_R10,0.975,G0,85.0,0.99,0.0004977145036782,100
10,M3ABL_R10,0.975,G0,90.0,0.99,0.0004977145036782,100
10,M3ABL_R10,0.975,G0,95.0,0.99,0.0004977145036782,100
10,M3ABL_R10,0.975,G0,100.0,0.99,0.0004977145036782,100
10,M3ABL_R10,0.975,G0,105.0,0.98,0.0004977145036782,100
10,M3ABL_R10,0.975,G0,110.0,0.98,0.0004977145036782,100
10,M3ABL_R10,0.975,G0,115.0,0.98,0.0004977145036782,100
10,M3ABL_R10,0.975,G0,120.0,0.98,0.0004977145036782,100
10,M3ABL_R10,0.975,G0,125.0,0.98,0.0004977145036782,100
10,M3ABL_R10,0.975,G0,130.0,0.98,0.0004977145036782,100
10,M3ABL_R10,0.975,G0,135.0,0.98,0.0004977145036782,100
10,M3ABL_R10,0.975,G0,140.0,0.98,0.0004977145036782,100
10,M3ABL_R10,0.975,G0,145.0,0.98,0.0004977145036782,100
10,M3ABL_R10,0.975,G0,150.0,0.98,0.0004977145036782,100
10,M3ABL_R10,0.975,G0,155.0,0.98,0.0004977145036782,100
10,M3ABL_R10,0.975,G0,160.0,0.98,0.0004977145036782,100
10,M3ABL_R10,0.975,G0,165.0,0.99,0.0004977145036782,100
10,M3ABL_R10,0.975,G0,170.0,1.0,0.0004977145036782,100
10,M3ABL_R10,0.975,G0,175.0,1.0,0.0004977145036782,100
10,M3ABL_R10,0.975,G0,180.0,1.0,0.0004977145036782,100
10,M3ABL_R10,0.975,G0,185.0,1.0,0.0004977145036782,100
10,M3ABL_R10,0.975,G0,190.0,1.0,0.0004977145036782,100
10,M3ABL_R10,0.975,G0,195.0,1.0,0.0004977145036782,100
10,M3ABL_R10,0.975,G0,200.0,1.0,0.0004977145036782,100
10,M3ABL_R10,0.975,G0,205.0,1.0,0.0004977145036782,100
10,M3ABL_R10,0.975,G0,210.0,1.0,0.0004977145036782,100
10,M3ABL_R10,0.975,G0,215.0,1.0,0.0004977145036782,100
10,M3ABL_R10,0.975,G0,220.0,1.0,0.0004977145036782,100
10,M3ABL_R10,0.975,G0,225.0,1.0,0.0004977145036782,100
10,M3ABL_R10,0.975,G0,230.0,1.0,0.0004977145036782,100
10,M3ABL_R10,0.975,G0,235.0,1.0,0.0004977145036782,100
10,M3ABL_R10,0.975,G0,240.0,1.0,0.0004977145036782,100
10,M3ABL_R10,0.975,G1,60.0,0.89,0.0004977145036782,100
10,M3ABL_R10,0.975,G1,65.0,0.91,0.0004977145036782,100
10,M3ABL_R10,0.975,G1,70.0,0.87,0.0004977145036782,100
10,M3ABL_R10,0.975,G1,75.0,0.88,0.0004977145036782,100
10,M3ABL_R10,0.975,G1,80.0,0.88,0.0004977145036782,100
10,M3ABL_R10,0.975,G1,85.0,0.88,0.0004977145036782,100
10,M3ABL_R10,0.975,G1,90.0,0.88,0.0004977145036782,100
10,M3ABL_R10,0.975,G1,95.0,0.88,0.0004977145036782,100
10,M3ABL_R10,0.975,G1,100.0,0.9,0.0004977145036782,100
10,M3ABL_R10,0.975,G1,105.0,0.89,0.0004977145036782,100
10,M3ABL_R10,0.975,G1,110.0,0.88,0.0004977145036782,100
10,M3ABL_R10,0.975,G1,115.0,0.87,0.0004977145036782,100
10,M3ABL_R10,0.975,G1,120.0,0.87,0.0004977145036782,100
10,M3ABL_R10,0.975,G1,125.0,0.87,0.0004977145036782,100
10,M3ABL_R10,0.975,G1,130.0,0.89,0.0004977145036782,100
10,M3ABL_R10,0.975,G1,135.0,0.89,0.0004977145036782,100
10,M3ABL_R10,0.975,G1,140.0,0.9,0.0004977145036782,100
10,M3ABL_R10,0.975,G1,145.0,0.92,0.0004977145036782,100
10,M3ABL_R10,0.975,G1,150.0,0.92,0.0004977145036782,100
10,M3ABL_R10,0.975,G1,155.0,0.92,0.0004977145036782,100
10,M3ABL_R10,0.975,G1,160.0,0.92,0.0004977145036782,100
10,M3ABL_R10,0.975,G1,165.0,0.91,0.0004977145036782,100
10,M3ABL_R10,0.975,G1,170.0,0.94,0.0004977145036782,100
10,M3ABL_R10,0.975,G1,175.0,0.94,0.0004977145036782,100
10,M3ABL_R10,0.975,G1,180.0,0.93,0.0004977145036782,100
10,M3ABL_R10,0.975,G1,185.0,0.93,0.0004977145036782,100
10,M3ABL_R10,0.975,G1,190.0,0.92,0.0004977145036782,100
10,M3ABL_R10,0.975,G1,195.0,0.92,0.0004977145036782,100
10,M3ABL_R10,0.975,G1,200.0,0.92,0.0004977145036782,100
10,M3ABL_R10,0.975,G1,205.0,0.93,0.0004977145036782,100
10,M3ABL_R10,0.975,G1,210.0,0.94,0.0004977145036782,100
10,M3ABL_R10,0.975,G1,215.0,0.94,0.0004977145036782,100
10,M3ABL_R10,0.975,G1,220.0,0.94,0.0004977145036782,100
10,M3ABL_R10,0.975,G1,225.0,0.95,0.0004977145036782,100
10,M3ABL_R10,0.975,G1,230.0,0.95,0.0004977145036782,100
10,M3ABL_R10,0.975,G1,235.0,0.94,0.0004977145036782,100
10,M3ABL_R10,0.975,G1,240.0,0.94,0.0004977145036782,100
10,M3ABL_R10,0.975,G2,60.0,0.7,0.0004977145036782,100
10,M3ABL_R10,0.975,G2,65.0,0.75,0.0004977145036782,100
10,M3ABL_R10,0.975,G2,70.0,0.73,0.0004977145036782,100
10,M3ABL_R10,0.975,G2,75.0,0.73,0.0004977145036782,100
10,M3ABL_R10,0.975,G2,80.0,0.72,0.0004977145036782,100
10,M3ABL_R10,0.975,G2,85.0,0.72,0.0004977145036782,100
10,M3ABL_R10,0.975,G2,90.0,0.73,0.0004977145036782,100
10,M3ABL_R10,0.975,G2,95.0,0.71,0.0004977145036782,100
10,M3ABL_R10,0.975,G2,100.0,0.72,0.0004977145036782,100
10,M3ABL_R10,0.975,G2,105.0,0.71,0.0004977145036782,100
10,M3ABL_R10,0.975,G2,110.0,0.65,0.0004977145036782,100
10,M3ABL_R10,0.975,G2,115.0,0.7,0.0004977145036782,100
10,M3ABL_R10,0.975,G2,120.0,0.7,0.0004977145036782,100
10,M3ABL_R10,0.975,G2,125.0,0.7,0.0004977145036782,100
10,M3ABL_R10,0.975,G2,130.0,0.72,0.0004977145036782,100
10,M3ABL_R10,0.975,G2,135.0,0.71,0.0004977145036782,100
10,M3ABL_R10,0.975,G2,140.0,0.71,0.0004977145036782,100
10,M3ABL_R10,0.975,G2,145.0,0.72,0.0004977145036782,100
10,M3ABL_R10,0.975,G2,150.0,0.71,0.0004977145036782,100
10,M3ABL_R10,0.975,G2,155.0,0.72,0.0004977145036782,100
10,M3ABL_R10,0.975,G2,160.0,0.71,0.0004977145036782,100
10,M3ABL_R10,0.975,G2,165.0,0.72,0.0004977145036782,100
10,M3ABL_R10,0.975,G2,170.0,0.73,0.0004977145036782,100
10,M3ABL_R10,0.975,G2,175.0,0.7,0.0004977145036782,100
10,M3ABL_R10,0.975,G2,180.0,0.7,0.0004977145036782,100
10,M3ABL_R10,0.975,G2,185.0,0.7,0.0004977145036782,100
10,M3ABL_R10,0.975,G2,190.0,0.68,0.0004977145036782,100
10,M3ABL_R10,0.975,G2,195.0,0.72,0.0004977145036782,100
10,M3ABL_R10,0.975,G2,200.0,0.69,0.0004977145036782,100
10,M3ABL_R10,0.975,G2,205.0,0.69,0.0004977145036782,100
10,M3ABL_R10,0.975,G2,210.0,0.7,0.0004977145036782,100
10,M3ABL_R10,0.975,G2,215.0,0.68,0.0004977145036782,100
10,M3ABL_R10,0.975,G2,220.0,0.69,0.0004977145036782,100
10,M3ABL_R10,0.975,G2,225.0,0.69,0.0004977145036782,100
10,M3ABL_R10,0.975,G2,230.0,0.64,0.0004977145036782,100
10,M3ABL_R10,0.975,G2,235.0,0.64,0.0004977145036782,100
10,M3ABL_R10,0.975,G2,240.0,0.64,0.0004977145036782,100
10,M3ABL_R10,0.9833333333333332,G0,60.0,0.99,0.0004977145036782,100
10,M3ABL_R10,0.9833333333333332,G0,65.0,1.0,0.0004977145036782,100
10,M3ABL_R10,0.9833333333333332,G0,70.0,0.98,0.0004977145036782,100
10,M3ABL_R10,0.9833333333333332,G0,75.0,0.99,0.0004977145036782,100
10,M3ABL_R10,0.9833333333333332,G0,80.0,0.99,0.0004977145036782,100
10,M3ABL_R10,0.9833333333333332,G0,85.0,0.99,0.0004977145036782,100
10,M3ABL_R10,0.9833333333333332,G0,90.0,0.98,0.0004977145036782,100
10,M3ABL_R10,0.9833333333333332,G0,95.0,0.98,0.0004977145036782,100
10,M3ABL_R10,0.9833333333333332,G0,100.0,0.99,0.0004977145036782,100
10,M3ABL_R10,0.9833333333333332,G0,105.0,0.98,0.0004977145036782,100
10,M3ABL_R10,0.9833333333333332,G0,110.0,0.98,0.0004977145036782,100
10,M3ABL_R10,0.9833333333333332,G0,115.0,0.98,0.0004977145036782,100
10,M3ABL_R10,0.9833333333333332,G0,120.0,0.98,0.0004977145036782,100
10,M3ABL_R10,0.9833333333333332,G0,125.0,0.98,0.0004977145036782,100
10,M3ABL_R10,0.9833333333333332,G0,130.0,0.98,0.0004977145036782,100
10,M3ABL_R10,0.9833333333333332,G0,135.0,0.98,0.0004977145036782,100
10,M3ABL_R10,0.9833333333333332,G0,140.0,0.98,0.0004977145036782,100
10,M3ABL_R10,0.9833333333333332,G0,145.0,0.98,0.0004977145036782,100
10,M3ABL_R10,0.9833333333333332,G0,150.0,0.98,0.0004977145036782,100
10,M3ABL_R10,0.9833333333333332,G0,155.0,0.98,0.0004977145036782,100
10,M3ABL_R10,0.9833333333333332,G0,160.0,0.98,0.0004977145036782,100
10,M3ABL_R10,0.9833333333333332,G0,165.0,0.98,0.0004977145036782,100
10,M3ABL_R10,0.9833333333333332,G0,170.0,0.98,0.0004977145036782,100
10,M3ABL_R10,0.9833333333333332,G0,175.0,0.98,0.0004977145036782,100
10,M3ABL_R10,0.9833333333333332,G0,180.0,0.98,0.0004977145036782,100
10,M3ABL_R10,0.9833333333333332,G0,185.0,1.0,0.0004977145036782,100
10,M3ABL_R10,0.9833333333333332,G0,190.0,0.99,0.0004977145036782,100
10,M3ABL_R10,0.9833333333333332,G0,195.0,0.99,0.0004977145036782,100
10,M3ABL_R10,0.9833333333333332,G0,200.0,0.99,0.0004977145036782,100
10,M3ABL_R10,0.9833333333333332,G0,205.0,0.99,0.0004977145036782,100
10,M3ABL_R10,0.9833333333333332,G0,210.0,0.99,0.0004977145036782,100
10,M3ABL_R10,0.9833333333333332,G0,215.0,0.99,0.0004977145036782,100
10,M3ABL_R10,0.9833333333333332,G0,220.0,0.99,0.0004977145036782,100
10,M3ABL_R10,0.9833333333333332,G0,225.0,0.99,0.0004977145036782,100
10,M3ABL_R10,0.9833333333333332,G0,230.0,1.0,0.0004977145036782,100
10,M3ABL_R10,0.9833333333333332,G0,235.0,1.0,0.0004977145036782,100
10,M3ABL_R10,0.9833333333333332,G0,240.0,1.0,0.0004977145036782,100
10,M3ABL_R10,0.9833333333333332,G1,60.0,0.9,0.0004977145036782,100
10,M3ABL_R10,0.9833333333333332,G1,65.0,0.91,0.0004977145036782,100
10,M3ABL_R10,0.9833333333333332,G1,70.0,0.87,0.0004977145036782,100
10,M3ABL_R10,0.9833333333333332,G1,75.0,0.89,0.0004977145036782,100
10,M3ABL_R10,0.9833333333333332,G1,80.0,0.88,0.0004977145036782,100
10,M3ABL_R10,0.9833333333333332,G1,85.0,0.89,0.0004977145036782,100
10,M3ABL_R10,0.9833333333333332,G1,90.0,0.88,0.0004977145036782,100
10,M3ABL_R10,0.9833333333333332,G1,95.0,0.88,0.0004977145036782,100
10,M3ABL_R10,0.9833333333333332,G1,100.0,0.9,0.0004977145036782,100
10,M3ABL_R10,0.9833333333333332,G1,105.0,0.89,0.0004977145036782,100
10,M3ABL_R10,0.9833333333333332,G1,110.0,0.89,0.0004977145036782,100
10,M3ABL_R10,0.9833333333333332,G1,115.0,0.88,0.0004977145036782,100
10,M3ABL_R10,0.9833333333333332,G1,120.0,0.88,0.0004977145036782,100
10,M3ABL_R10,0.9833333333333332,G1,125.0,0.88,0.0004977145036782,100
10,M3ABL_R10,0.9833333333333332,G1,130.0,0.88,0.0004977145036782,100
10,M3ABL_R10,0.9833333333333332,G1,135.0,0.88,0.0004977145036782,100
10,M3ABL_R10,0.9833333333333332,G1,140.0,0.88,0.0004977145036782,100
10,M3ABL_R10,0.9833333333333332,G1,145.0,0.89,0.0004977145036782,100
10,M3ABL_R10,0.9833333333333332,G1,150.0,0.89,0.0004977145036782,100
10,M3ABL_R10,0.9833333333333332,G1,155.0,0.89,0.0004977145036782,100
10,M3ABL_R10,0.9833333333333332,G1,160.0,0.91,0.0004977145036782,100
10,M3ABL_R10,0.9833333333333332,G1,165.0,0.91,0.0004977145036782,100
10,M3ABL_R10,0.9833333333333332,G1,170.0,0.94,0.0004977145036782,100
10,M3ABL_R10,0.9833333333333332,G1,175.0,0.92,0.0004977145036782,100
10,M3ABL_R10,0.9833333333333332,G1,180.0,0.91,0.0004977145036782,100
10,M3ABL_R10,0.9833333333333332,G1,185.0,0.91,0.0004977145036782,100
10,M3ABL_R10,0.9833333333333332,G1,190.0,0.9,0.0004977145036782,100
10,M3ABL_R10,0.9833333333333332,G1,195.0,0.91,0.0004977145036782,100
10,M3ABL_R10,0.9833333333333332,G1,200.0,0.91,0.0004977145036782,100
10,M3ABL_R10,0.9833333333333332,G1,205.0,0.89,0.0004977145036782,100
10,M3ABL_R10,0.9833333333333332,G1,210.0,0.89,0.0004977145036782,100
10,M3ABL_R10,0.9833333333333332,G1,215.0,0.89,0.0004977145036782,100
10,M3ABL_R10,0.9833333333333332,G1,220.0,0.91,0.0004977145036782,100
10,M3ABL_R10,0.9833333333333332,G1,225.0,0.91,0.0004977145036782,100
10,M3ABL_R10,0.9833333333333332,G1,230.0,0.93,0.0004977145036782,100
10,M3ABL_R10,0.9833333333333332,G1,235.0,0.92,0.0004977145036782,100
10,M3ABL_R10,0.9833333333333332,G1,240.0,0.91,0.0004977145036782,100
10,M3ABL_R10,0.9833333333333332,G2,60.0,0.67,0.0004977145036782,100
10,M3ABL_R10,0.9833333333333332,G2,65.0,0.73,0.0004977145036782,100
10,M3ABL_R10,0.9833333333333332,G2,70.0,0.7,0.0004977145036782,100
10,M3ABL_R10,0.9833333333333332,G2,75.0,0.75,0.0004977145036782,100
10,M3ABL_R10,0.9833333333333332,G2,80.0,0.74,0.0004977145036782,100
10,M3ABL_R10,0.9833333333333332,G2,85.0,0.74,0.0004977145036782,100
10,M3ABL_R10,0.9833333333333332,G2,90.0,0.71,0.0004977145036782,100
10,M3ABL_R10,0.9833333333333332,G2,95.0,0.69,0.0004977145036782,100
10,M3ABL_R10,0.9833333333333332,G2,100.0,0.69,0.0004977145036782,100
10,M3ABL_R10,0.9833333333333332,G2,105.0,0.66,0.0004977145036782,100
10,M3ABL_R10,0.9833333333333332,G2,110.0,0.66,0.0004977145036782,100
10,M3ABL_R10,0.9833333333333332,G2,115.0,0.66,0.0004977145036782,100
10,M3ABL_R10,0.9833333333333332,G2,120.0,0.66,0.0004977145036782,100
10,M3ABL_R10,0.9833333333333332,G2,125.0,0.69,0.0004977145036782,100
10,M3ABL_R10,0.9833333333333332,G2,130.0,0.65,0.0004977145036782,100
10,M3ABL_R10,0.9833333333333332,G2,135.0,0.7,0.0004977145036782,100
10,M3ABL_R10,0.9833333333333332,G2,140.0,0.68,0.0004977145036782,100
10,M3ABL_R10,0.9833333333333332,G2,145.0,0.69,0.0004977145036782,100
10,M3ABL_R10,0.9833333333333332,G2,150.0,0.69,0.0004977145036782,100
10,M3ABL_R10,0.9833333333333332,G2,155.0,0.68,0.0004977145036782,100
10,M3ABL_R10,0.9833333333333332,G2,160.0,0.71,0.0004977145036782,100
10,M3ABL_R10,0.9833333333333332,G2,165.0,0.7,0.0004977145036782,100
10,M3ABL_R10,0.9833333333333332,G2,170.0,0.72,0.0004977145036782,100
10,M3ABL_R10,0.9833333333333332,G2,175.0,0.69,0.0004977145036782,100
10,M3ABL_R10,0.9833333333333332,G2,180.0,0.67,0.0004977145036782,100
10,M3ABL_R10,0.9833333333333332,G2,185.0,0.69,0.0004977145036782,100
10,M3ABL_R10,0.9833333333333332,G2,190.0,0.67,0.0004977145036782,100
10,M3ABL_R10,0.9833333333333332,G2,195.0,0.69,0.0004977145036782,100
10,M3ABL_R10,0.9833333333333332,G2,200.0,0.65,0.0004977145036782,100
10,M3ABL_R10,0.9833333333333332,G2,205.0,0.67,0.0004977145036782,100
10,M3ABL_R10,0.9833333333333332,G2,210.0,0.66,0.0004977145036782,100
10,M3ABL_R10,0.9833333333333332,G2,215.0,0.66,0.0004977145036782,100
10,M3ABL_R10,0.9833333333333332,G2,220.0,0.68,0.0004977145036782,100
10,M3ABL_R10,0.9833333333333332,G2,225.0,0.65,0.0004977145036782,100
10,M3ABL_R10,0.9833333333333332,G2,230.0,0.63,0.0004977145036782,100
10,M3ABL_R10,0.9833333333333332,G2,235.0,0.63,0.0004977145036782,100
10,M3ABL_R10,0.9833333333333332,G2,240.0,0.61,0.0004977145036782,100
10,M3ABL_R10,0.99,G0,60.0,0.99,0.0004977145036782,100
10,M3ABL_R10,0.99,G0,65.0,1.0,0.0004977145036782,100
10,M3ABL_R10,0.99,G0,70.0,0.98,0.0004977145036782,100
10,M3ABL_R10,0.99,G0,75.0,0.98,0.0004977145036782,100
10,M3ABL_R10,0.99,G0,80.0,0.98,0.0004977145036782,100
10,M3ABL_R10,0.99,G0,85.0,0.99,0.0004977145036782,100
10,M3ABL_R10,0.99,G0,90.0,0.99,0.0004977145036782,100
10,M3ABL_R10,0.99,G0,95.0,0.99,0.0004977145036782,100
10,M3ABL_R10,0.99,G0,100.0,0.99,0.0004977145036782,100
10,M3ABL_R10,0.99,G0,105.0,0.98,0.0004977145036782,100
10,M3ABL_R10,0.99,G0,110.0,0.98,0.0004977145036782,100
10,M3ABL_R10,0.99,G0,115.0,0.98,0.0004977145036782,100
10,M3ABL_R10,0.99,G0,120.0,0.98,0.0004977145036782,100
10,M3ABL_R10,0.99,G0,125.0,0.98,0.0004977145036782,100
10,M3ABL_R10,0.99,G0,130.0,0.98,0.0004977145036782,100
10,M3ABL_R10,0.99,G0,135.0,0.98,0.0004977145036782,100
10,M3ABL_R10,0.99,G0,140.0,0.98,0.0004977145036782,100
10,M3ABL_R10,0.99,G0,145.0,0.98,0.0004977145036782,100
10,M3ABL_R10,0.99,G0,150.0,0.98,0.0004977145036782,100
10,M3ABL_R10,0.99,G0,155.0,0.98,0.0004977145036782,100
10,M3ABL_R10,0.99,G0,160.0,0.98,0.0004977145036782,100
10,M3ABL_R10,0.99,G0,165.0,0.98,0.0004977145036782,100
10,M3ABL_R10,0.99,G0,170.0,0.98,0.0004977145036782,100
10,M3ABL_R10,0.99,G0,175.0,0.98,0.0004977145036782,100
10,M3ABL_R10,0.99,G0,180.0,0.98,0.0004977145036782,100
10,M3ABL_R10,0.99,G0,185.0,0.98,0.0004977145036782,100
10,M3ABL_R10,0.99,G0,190.0,0.97,0.0004977145036782,100
10,M3ABL_R10,0.99,G0,195.0,0.97,0.0004977145036782,100
10,M3ABL_R10,0.99,G0,200.0,0.97,0.0004977145036782,100
10,M3ABL_R10,0.99,G0,205.0,0.98,0.0004977145036782,100
10,M3ABL_R10,0.99,G0,210.0,0.98,0.0004977145036782,100
10,M3ABL_R10,0.99,G0,215.0,0.98,0.0004977145036782,100
10,M3ABL_R10,0.99,G0,220.0,0.98,0.0004977145036782,100
10,M3ABL_R10,0.99,G0,225.0,0.98,0.0004977145036782,100
10,M3ABL_R10,0.99,G0,230.0,0.98,0.0004977145036782,100
10,M3ABL_R10,0.99,G0,235.0,0.98,0.0004977145036782,100
10,M3ABL_R10,0.99,G0,240.0,0.98,0.0004977145036782,100
10,M3ABL_R10,0.99,G1,60.0,0.92,0.0004977145036782,100
10,M3ABL_R10,0.99,G1,65.0,0.93,0.0004977145036782,100
10,M3ABL_R10,0.99,G1,70.0,0.9,0.0004977145036782,100
10,M3ABL_R10,0.99,G1,75.0,0.9,0.0004977145036782,100
10,M3ABL_R10,0.99,G1,80.0,0.89,0.0004977145036782,100
10,M3ABL_R10,0.99,G1,85.0,0.91,0.0004977145036782,100
10,M3ABL_R10,0.99,G1,90.0,0.9,0.0004977145036782,100
10,M3ABL_R10,0.99,G1,95.0,0.9,0.0004977145036782,100
10,M3ABL_R10,0.99,G1,100.0,0.89,0.0004977145036782,100
10,M3ABL_R10,0.99,G1,105.0,0.9,0.0004977145036782,100
10,M3ABL_R10,0.99,G1,110.0,0.88,0.0004977145036782,100
10,M3ABL_R10,0.99,G1,115.0,0.87,0.0004977145036782,100
10,M3ABL_R10,0.99,G1,120.0,0.87,0.0004977145036782,100
10,M3ABL_R10,0.99,G1,125.0,0.89,0.0004977145036782,100
10,M3ABL_R10,0.99,G1,130.0,0.89,0.0004977145036782,100
10,M3ABL_R10,0.99,G1,135.0,0.89,0.0004977145036782,100
10,M3ABL_R10,0.99,G1,140.0,0.89,0.0004977145036782,100
10,M3ABL_R10,0.99,G1,145.0,0.91,0.0004977145036782,100
10,M3ABL_R10,0.99,G1,150.0,0.91,0.0004977145036782,100
10,M3ABL_R10,0.99,G1,155.0,0.91,0.0004977145036782,100
10,M3ABL_R10,0.99,G1,160.0,0.91,0.0004977145036782,100
10,M3ABL_R10,0.99,G1,165.0,0.92,0.0004977145036782,100
10,M3ABL_R10,0.99,G1,170.0,0.92,0.0004977145036782,100
10,M3ABL_R10,0.99,G1,175.0,0.91,0.0004977145036782,100
10,M3ABL_R10,0.99,G1,180.0,0.91,0.0004977145036782,100
10,M3ABL_R10,0.99,G1,185.0,0.91,0.0004977145036782,100
10,M3ABL_R10,0.99,G1,190.0,0.89,0.0004977145036782,100
10,M3ABL_R10,0.99,G1,195.0,0.89,0.0004977145036782,100
10,M3ABL_R10,0.99,G1,200.0,0.89,0.0004977145036782,100
10,M3ABL_R10,0.99,G1,205.0,0.92,0.0004977145036782,100
10,M3ABL_R10,0.99,G1,210.0,0.92,0.0004977145036782,100
10,M3ABL_R10,0.99,G1,215.0,0.92,0.0004977145036782,100
10,M3ABL_R10,0.99,G1,220.0,0.91,0.0004977145036782,100
10,M3ABL_R10,0.99,G1,225.0,0.93,0.0004977145036782,100
10,M3ABL_R10,0.99,G1,230.0,0.93,0.0004977145036782,100
10,M3ABL_R10,0.99,G1,235.0,0.91,0.0004977145036782,100
10,M3ABL_R10,0.99,G1,240.0,0.9,0.0004977145036782,100
10,M3ABL_R10,0.99,G2,60.0,0.66,0.0004977145036782,100
10,M3ABL_R10,0.99,G2,65.0,0.75,0.0004977145036782,100
10,M3ABL_R10,0.99,G2,70.0,0.73,0.0004977145036782,100
10,M3ABL_R10,0.99,G2,75.0,0.72,0.0004977145036782,100
10,M3ABL_R10,0.99,G2,80.0,0.7,0.0004977145036782,100
10,M3ABL_R10,0.99,G2,85.0,0.74,0.0004977145036782,100
10,M3ABL_R10,0.99,G2,90.0,0.73,0.0004977145036782,100
10,M3ABL_R10,0.99,G2,95.0,0.72,0.0004977145036782,100
10,M3ABL_R10,0.99,G2,100.0,0.68,0.0004977145036782,100
10,M3ABL_R10,0.99,G2,105.0,0.71,0.0004977145036782,100
10,M3ABL_R10,0.99,G2,110.0,0.67,0.0004977145036782,100
10,M3ABL_R10,0.99,G2,115.0,0.66,0.0004977145036782,100
10,M3ABL_R10,0.99,G2,120.0,0.65,0.0004977145036782,100
10,M3ABL_R10,0.99,G2,125.0,0.69,0.0004977145036782,100
10,M3ABL_R10,0.99,G2,130.0,0.66,0.0004977145036782,100
10,M3ABL_R10,0.99,G2,135.0,0.66,0.0004977145036782,100
10,M3ABL_R10,0.99,G2,140.0,0.63,0.0004977145036782,100
10,M3ABL_R10,0.99,G2,145.0,0.66,0.0004977145036782,100
10,M3ABL_R10,0.99,G2,150.0,0.66,0.0004977145036782,100
10,M3ABL_R10,0.99,G2,155.0,0.66,0.0004977145036782,100
10,M3ABL_R10,0.99,G2,160.0,0.65,0.0004977145036782,100
10,M3ABL_R10,0.99,G2,165.0,0.7,0.0004977145036782,100
10,M3ABL_R10,0.99,G2,170.0,0.69,0.0004977145036782,100
10,M3ABL_R10,0.99,G2,175.0,0.66,0.0004977145036782,100
10,M3ABL_R10,0.99,G2,180.0,0.65,0.0004977145036782,100
10,M3ABL_R10,0.99,G2,185.0,0.67,0.0004977145036782,100
10,M3ABL_R10,0.99,G2,190.0,0.65,0.0004977145036782,100
10,M3ABL_R10,0.99,G2,195.0,0.63,0.0004977145036782,100
10,M3ABL_R10,0.99,G2,200.0,0.6,0.0004977145036782,100
10,M3ABL_R10,0.99,G2,205.0,0.65,0.0004977145036782,100
10,M3ABL_R10,0.99,G2,210.0,0.64,0.0004977145036782,100
10,M3ABL_R10,0.99,G2,215.0,0.63,0.0004977145036782,100
10,M3ABL_R10,0.99,G2,220.0,0.62,0.0004977145036782,100
10,M3ABL_R10,0.99,G2,225.0,0.63,0.0004977145036782,100
10,M3ABL_R10,0.99,G2,230.0,0.6,0.0004977145036782,100
10,M3ABL_R10,0.99,G2,235.0,0.6,0.0004977145036782,100
10,M3ABL_R10,0.99,G2,240.0,0.59,0.0004977145036782,100
10,M3ABL_R10,0.995,G0,60.0,1.0,0.0004977145036782,100
10,M3ABL_R10,0.995,G0,65.0,1.0,0.0004977145036782,100
10,M3ABL_R10,0.995,G0,70.0,0.98,0.0004977145036782,100
10,M3ABL_R10,0.995,G0,75.0,0.98,0.0004977145036782,100
10,M3ABL_R10,0.995,G0,80.0,0.98,0.0004977145036782,100
10,M3ABL_R10,0.995,G0,85.0,0.99,0.0004977145036782,100
10,M3ABL_R10,0.995,G0,90.0,0.99,0.0004977145036782,100
10,M3ABL_R10,0.995,G0,95.0,0.99,0.0004977145036782,100
10,M3ABL_R10,0.995,G0,100.0,0.99,0.0004977145036782,100
10,M3ABL_R10,0.995,G0,105.0,0.98,0.0004977145036782,100
10,M3ABL_R10,0.995,G0,110.0,0.98,0.0004977145036782,100
10,M3ABL_R10,0.995,G0,115.0,0.98,0.0004977145036782,100
10,M3ABL_R10,0.995,G0,120.0,0.98,0.0004977145036782,100
10,M3ABL_R10,0.995,G0,125.0,0.98,0.0004977145036782,100
10,M3ABL_R10,0.995,G0,130.0,0.98,0.0004977145036782,100
10,M3ABL_R10,0.995,G0,135.0,0.98,0.0004977145036782,100
10,M3ABL_R10,0.995,G0,140.0,0.98,0.0004977145036782,100
10,M3ABL_R10,0.995,G0,145.0,0.98,0.0004977145036782,100
10,M3ABL_R10,0.995,G0,150.0,0.98,0.0004977145036782,100
10,M3ABL_R10,0.995,G0,155.0,0.98,0.0004977145036782,100
10,M3ABL_R10,0.995,G0,160.0,0.98,0.0004977145036782,100
10,M3ABL_R10,0.995,G0,165.0,0.99,0.0004977145036782,100
10,M3ABL_R10,0.995,G0,170.0,0.99,0.0004977145036782,100
10,M3ABL_R10,0.995,G0,175.0,0.99,0.0004977145036782,100
10,M3ABL_R10,0.995,G0,180.0,0.99,0.0004977145036782,100
10,M3ABL_R10,0.995,G0,185.0,0.99,0.0004977145036782,100
10,M3ABL_R10,0.995,G0,190.0,0.98,0.0004977145036782,100
10,M3ABL_R10,0.995,G0,195.0,0.98,0.0004977145036782,100
10,M3ABL_R10,0.995,G0,200.0,0.98,0.0004977145036782,100
10,M3ABL_R10,0.995,G0,205.0,0.98,0.0004977145036782,100
10,M3ABL_R10,0.995,G0,210.0,0.98,0.0004977145036782,100
10,M3ABL_R10,0.995,G0,215.0,0.98,0.0004977145036782,100
10,M3ABL_R10,0.995,G0,220.0,0.98,0.0004977145036782,100
10,M3ABL_R10,0.995,G0,225.0,0.98,0.0004977145036782,100
10,M3ABL_R10,0.995,G0,230.0,0.98,0.0004977145036782,100
10,M3ABL_R10,0.995,G0,235.0,0.98,0.0004977145036782,100
10,M3ABL_R10,0.995,G0,240.0,0.98,0.0004977145036782,100
10,M3ABL_R10,0.995,G1,60.0,0.93,0.0004977145036782,100
10,M3ABL_R10,0.995,G1,65.0,0.93,0.0004977145036782,100
10,M3ABL_R10,0.995,G1,70.0,0.9,0.0004977145036782,100
10,M3ABL_R10,0.995,G1,75.0,0.9,0.0004977145036782,100
10,M3ABL_R10,0.995,G1,80.0,0.9,0.0004977145036782,100
10,M3ABL_R10,0.995,G1,85.0,0.9,0.0004977145036782,100
10,M3ABL_R10,0.995,G1,90.0,0.89,0.0004977145036782,100
10,M3ABL_R10,0.995,G1,95.0,0.89,0.0004977145036782,100
10,M3ABL_R10,0.995,G1,100.0,0.88,0.0004977145036782,100
10,M3ABL_R10,0.995,G1,105.0,0.87,0.0004977145036782,100
10,M3ABL_R10,0.995,G1,110.0,0.85,0.0004977145036782,100
10,M3ABL_R10,0.995,G1,115.0,0.84,0.0004977145036782,100
10,M3ABL_R10,0.995,G1,120.0,0.84,0.0004977145036782,100
10,M3ABL_R10,0.995,G1,125.0,0.86,0.0004977145036782,100
10,M3ABL_R10,0.995,G1,130.0,0.86,0.0004977145036782,100
10,M3ABL_R10,0.995,G1,135.0,0.86,0.0004977145036782,100
10,M3ABL_R10,0.995,G1,140.0,0.86,0.0004977145036782,100
10,M3ABL_R10,0.995,G1,145.0,0.86,0.0004977145036782,100
10,M3ABL_R10,0.995,G1,150.0,0.86,0.0004977145036782,100
10,M3ABL_R10,0.995,G1,155.0,0.86,0.0004977145036782,100
10,M3ABL_R10,0.995,G1,160.0,0.85,0.0004977145036782,100
10,M3ABL_R10,0.995,G1,165.0,0.87,0.0004977145036782,100
10,M3ABL_R10,0.995,G1,170.0,0.87,0.0004977145036782,100
10,M3ABL_R10,0.995,G1,175.0,0.86,0.0004977145036782,100
10,M3ABL_R10,0.995,G1,180.0,0.85,0.0004977145036782,100
10,M3ABL_R10,0.995,G1,185.0,0.85,0.0004977145036782,100
10,M3ABL_R10,0.995,G1,190.0,0.84,0.0004977145036782,100
10,M3ABL_R10,0.995,G1,195.0,0.84,0.0004977145036782,100
10,M3ABL_R10,0.995,G1,200.0,0.83,0.0004977145036782,100
10,M3ABL_R10,0.995,G1,205.0,0.87,0.0004977145036782,100
10,M3ABL_R10,0.995,G1,210.0,0.87,0.0004977145036782,100
10,M3ABL_R10,0.995,G1,215.0,0.87,0.0004977145036782,100
10,M3ABL_R10,0.995,G1,220.0,0.87,0.0004977145036782,100
10,M3ABL_R10,0.995,G1,225.0,0.87,0.0004977145036782,100
10,M3ABL_R10,0.995,G1,230.0,0.86,0.0004977145036782,100
10,M3ABL_R10,0.995,G1,235.0,0.86,0.0004977145036782,100
10,M3ABL_R10,0.995,G1,240.0,0.85,0.0004977145036782,100
10,M3ABL_R10,0.995,G2,60.0,0.69,0.0004977145036782,100
10,M3ABL_R10,0.995,G2,65.0,0.68,0.0004977145036782,100
10,M3ABL_R10,0.995,G2,70.0,0.63,0.0004977145036782,100
10,M3ABL_R10,0.995,G2,75.0,0.61,0.0004977145036782,100
10,M3ABL_R10,0.995,G2,80.0,0.61,0.0004977145036782,100
10,M3ABL_R10,0.995,G2,85.0,0.7,0.0004977145036782,100
10,M3ABL_R10,0.995,G2,90.0,0.69,0.0004977145036782,100
10,M3ABL_R10,0.995,G2,95.0,0.68,0.0004977145036782,100
10,M3ABL_R10,0.995,G2,100.0,0.64,0.0004977145036782,100
10,M3ABL_R10,0.995,G2,105.0,0.62,0.0004977145036782,100
10,M3ABL_R10,0.995,G2,110.0,0.58,0.0004977145036782,100
10,M3ABL_R10,0.995,G2,115.0,0.57,0.0004977145036782,100
10,M3ABL_R10,0.995,G2,120.0,0.55,0.0004977145036782,100
10,M3ABL_R10,0.995,G2,125.0,0.63,0.0004977145036782,100
10,M3ABL_R10,0.995,G2,130.0,0.61,0.0004977145036782,100
10,M3ABL_R10,0.995,G2,135.0,0.61,0.0004977145036782,100
10,M3ABL_R10,0.995,G2,140.0,0.59,0.0004977145036782,100
10,M3ABL_R10,0.995,G2,145.0,0.57,0.0004977145036782,100
10,M3ABL_R10,0.995,G2,150.0,0.56,0.0004977145036782,100
10,M3ABL_R10,0.995,G2,155.0,0.55,0.0004977145036782,100
10,M3ABL_R10,0.995,G2,160.0,0.54,0.0004977145036782,100
10,M3ABL_R10,0.995,G2,165.0,0.62,0.0004977145036782,100
10,M3ABL_R10,0.995,G2,170.0,0.6,0.0004977145036782,100
10,M3ABL_R10,0.995,G2,175.0,0.58,0.0004977145036782,100
10,M3ABL_R10,0.995,G2,180.0,0.56,0.0004977145036782,100
10,M3ABL_R10,0.995,G2,185.0,0.55,0.0004977145036782,100
10,M3ABL_R10,0.995,G2,190.0,0.54,0.0004977145036782,100
10,M3ABL_R10,0.995,G2,195.0,0.54,0.0004977145036782,100
10,M3ABL_R10,0.995,G2,200.0,0.53,0.0004977145036782,100
10,M3ABL_R10,0.995,G2,205.0,0.58,0.0004977145036782,100
10,M3ABL_R10,0.995,G2,210.0,0.56,0.0004977145036782,100
10,M3ABL_R10,0.995,G2,215.0,0.55,0.0004977145036782,100
10,M3ABL_R10,0.995,G2,220.0,0.55,0.0004977145036782,100
10,M3ABL_R10,0.995,G2,225.0,0.55,0.0004977145036782,100
10,M3ABL_R10,0.995,G2,230.0,0.52,0.0004977145036782,100
10,M3ABL_R10,0.995,G2,235.0,0.52,0.0004977145036782,100
10,M3ABL_R10,0.995,G2,240.0,0.5,0.0004977145036782,100
11,M3ABL_R11,0.95,G0,60.0,0.96,0.0004260819532882,100
11,M3ABL_R11,0.95,G0,65.0,0.99,0.0004260819532882,100
11,M3ABL_R11,0.95,G0,70.0,0.99,0.0004260819532882,100
11,M3ABL_R11,0.95,G0,75.0,0.98,0.0004260819532882,100
11,M3ABL_R11,0.95,G0,80.0,0.98,0.0004260819532882,100
11,M3ABL_R11,0.95,G0,85.0,0.99,0.0004260819532882,100
11,M3ABL_R11,0.95,G0,90.0,0.99,0.0004260819532882,100
11,M3ABL_R11,0.95,G0,95.0,0.99,0.0004260819532882,100
11,M3ABL_R11,0.95,G0,100.0,0.99,0.0004260819532882,100
11,M3ABL_R11,0.95,G0,105.0,0.98,0.0004260819532882,100
11,M3ABL_R11,0.95,G0,110.0,0.99,0.0004260819532882,100
11,M3ABL_R11,0.95,G0,115.0,0.99,0.0004260819532882,100
11,M3ABL_R11,0.95,G0,120.0,0.99,0.0004260819532882,100
11,M3ABL_R11,0.95,G0,125.0,0.99,0.0004260819532882,100
11,M3ABL_R11,0.95,G0,130.0,0.99,0.0004260819532882,100
11,M3ABL_R11,0.95,G0,135.0,0.99,0.0004260819532882,100
11,M3ABL_R11,0.95,G0,140.0,0.99,0.0004260819532882,100
11,M3ABL_R11,0.95,G0,145.0,1.0,0.0004260819532882,100
11,M3ABL_R11,0.95,G0,150.0,1.0,0.0004260819532882,100
11,M3ABL_R11,0.95,G0,155.0,1.0,0.0004260819532882,100
11,M3ABL_R11,0.95,G0,160.0,1.0,0.0004260819532882,100
11,M3ABL_R11,0.95,G0,165.0,1.0,0.0004260819532882,100
11,M3ABL_R11,0.95,G0,170.0,1.0,0.0004260819532882,100
11,M3ABL_R11,0.95,G0,175.0,1.0,0.0004260819532882,100
11,M3ABL_R11,0.95,G0,180.0,1.0,0.0004260819532882,100
11,M3ABL_R11,0.95,G0,185.0,1.0,0.0004260819532882,100
11,M3ABL_R11,0.95,G0,190.0,1.0,0.0004260819532882,100
11,M3ABL_R11,0.95,G0,195.0,1.0,0.0004260819532882,100
11,M3ABL_R11,0.95,G0,200.0,1.0,0.0004260819532882,100
11,M3ABL_R11,0.95,G0,205.0,1.0,0.0004260819532882,100
11,M3ABL_R11,0.95,G0,210.0,1.0,0.0004260819532882,100
11,M3ABL_R11,0.95,G0,215.0,1.0,0.0004260819532882,100
11,M3ABL_R11,0.95,G0,220.0,1.0,0.0004260819532882,100
11,M3ABL_R11,0.95,G0,225.0,1.0,0.0004260819532882,100
11,M3ABL_R11,0.95,G0,230.0,1.0,0.0004260819532882,100
11,M3ABL_R11,0.95,G0,235.0,1.0,0.0004260819532882,100
11,M3ABL_R11,0.95,G0,240.0,1.0,0.0004260819532882,100
11,M3ABL_R11,0.95,G1,60.0,0.88,0.0004260819532882,100
11,M3ABL_R11,0.95,G1,65.0,0.89,0.0004260819532882,100
11,M3ABL_R11,0.95,G1,70.0,0.88,0.0004260819532882,100
11,M3ABL_R11,0.95,G1,75.0,0.87,0.0004260819532882,100
11,M3ABL_R11,0.95,G1,80.0,0.88,0.0004260819532882,100
11,M3ABL_R11,0.95,G1,85.0,0.89,0.0004260819532882,100
11,M3ABL_R11,0.95,G1,90.0,0.88,0.0004260819532882,100
11,M3ABL_R11,0.95,G1,95.0,0.88,0.0004260819532882,100
11,M3ABL_R11,0.95,G1,100.0,0.89,0.0004260819532882,100
11,M3ABL_R11,0.95,G1,105.0,0.91,0.0004260819532882,100
11,M3ABL_R11,0.95,G1,110.0,0.9,0.0004260819532882,100
11,M3ABL_R11,0.95,G1,115.0,0.89,0.0004260819532882,100
11,M3ABL_R11,0.95,G1,120.0,0.89,0.0004260819532882,100
11,M3ABL_R11,0.95,G1,125.0,0.89,0.0004260819532882,100
11,M3ABL_R11,0.95,G1,130.0,0.89,0.0004260819532882,100
11,M3ABL_R11,0.95,G1,135.0,0.89,0.0004260819532882,100
11,M3ABL_R11,0.95,G1,140.0,0.89,0.0004260819532882,100
11,M3ABL_R11,0.95,G1,145.0,0.9,0.0004260819532882,100
11,M3ABL_R11,0.95,G1,150.0,0.91,0.0004260819532882,100
11,M3ABL_R11,0.95,G1,155.0,0.91,0.0004260819532882,100
11,M3ABL_R11,0.95,G1,160.0,0.92,0.0004260819532882,100
11,M3ABL_R11,0.95,G1,165.0,0.91,0.0004260819532882,100
11,M3ABL_R11,0.95,G1,170.0,0.92,0.0004260819532882,100
11,M3ABL_R11,0.95,G1,175.0,0.92,0.0004260819532882,100
11,M3ABL_R11,0.95,G1,180.0,0.92,0.0004260819532882,100
11,M3ABL_R11,0.95,G1,185.0,0.92,0.0004260819532882,100
11,M3ABL_R11,0.95,G1,190.0,0.94,0.0004260819532882,100
11,M3ABL_R11,0.95,G1,195.0,0.95,0.0004260819532882,100
11,M3ABL_R11,0.95,G1,200.0,0.96,0.0004260819532882,100
11,M3ABL_R11,0.95,G1,205.0,0.97,0.0004260819532882,100
11,M3ABL_R11,0.95,G1,210.0,0.96,0.0004260819532882,100
11,M3ABL_R11,0.95,G1,215.0,0.96,0.0004260819532882,100
11,M3ABL_R11,0.95,G1,220.0,0.96,0.0004260819532882,100
11,M3ABL_R11,0.95,G1,225.0,0.96,0.0004260819532882,100
11,M3ABL_R11,0.95,G1,230.0,0.96,0.0004260819532882,100
11,M3ABL_R11,0.95,G1,235.0,0.95,0.0004260819532882,100
11,M3ABL_R11,0.95,G1,240.0,0.95,0.0004260819532882,100
11,M3ABL_R11,0.95,G2,60.0,0.67,0.0004260819532882,100
11,M3ABL_R11,0.95,G2,65.0,0.68,0.0004260819532882,100
11,M3ABL_R11,0.95,G2,70.0,0.71,0.0004260819532882,100
11,M3ABL_R11,0.95,G2,75.0,0.7,0.0004260819532882,100
11,M3ABL_R11,0.95,G2,80.0,0.72,0.0004260819532882,100
11,M3ABL_R11,0.95,G2,85.0,0.73,0.0004260819532882,100
11,M3ABL_R11,0.95,G2,90.0,0.73,0.0004260819532882,100
11,M3ABL_R11,0.95,G2,95.0,0.74,0.0004260819532882,100
11,M3ABL_R11,0.95,G2,100.0,0.72,0.0004260819532882,100
11,M3ABL_R11,0.95,G2,105.0,0.74,0.0004260819532882,100
11,M3ABL_R11,0.95,G2,110.0,0.71,0.0004260819532882,100
11,M3ABL_R11,0.95,G2,115.0,0.73,0.0004260819532882,100
11,M3ABL_R11,0.95,G2,120.0,0.75,0.0004260819532882,100
11,M3ABL_R11,0.95,G2,125.0,0.75,0.0004260819532882,100
11,M3ABL_R11,0.95,G2,130.0,0.74,0.0004260819532882,100
11,M3ABL_R11,0.95,G2,135.0,0.74,0.0004260819532882,100
11,M3ABL_R11,0.95,G2,140.0,0.72,0.0004260819532882,100
11,M3ABL_R11,0.95,G2,145.0,0.72,0.0004260819532882,100
11,M3ABL_R11,0.95,G2,150.0,0.71,0.0004260819532882,100
11,M3ABL_R11,0.95,G2,155.0,0.73,0.0004260819532882,100
11,M3ABL_R11,0.95,G2,160.0,0.73,0.0004260819532882,100
11,M3ABL_R11,0.95,G2,165.0,0.75,0.0004260819532882,100
11,M3ABL_R11,0.95,G2,170.0,0.72,0.0004260819532882,100
11,M3ABL_R11,0.95,G2,175.0,0.74,0.0004260819532882,100
11,M3ABL_R11,0.95,G2,180.0,0.73,0.0004260819532882,100
11,M3ABL_R11,0.95,G2,185.0,0.74,0.0004260819532882,100
11,M3ABL_R11,0.95,G2,190.0,0.72,0.0004260819532882,100
11,M3ABL_R11,0.95,G2,195.0,0.72,0.0004260819532882,100
11,M3ABL_R11,0.95,G2,200.0,0.72,0.0004260819532882,100
11,M3ABL_R11,0.95,G2,205.0,0.72,0.0004260819532882,100
11,M3ABL_R11,0.95,G2,210.0,0.71,0.0004260819532882,100
11,M3ABL_R11,0.95,G2,215.0,0.71,0.0004260819532882,100
11,M3ABL_R11,0.95,G2,220.0,0.68,0.0004260819532882,100
11,M3ABL_R11,0.95,G2,225.0,0.68,0.0004260819532882,100
11,M3ABL_R11,0.95,G2,230.0,0.66,0.0004260819532882,100
11,M3ABL_R11,0.95,G2,235.0,0.67,0.0004260819532882,100
11,M3ABL_R11,0.95,G2,240.0,0.69,0.0004260819532882,100
11,M3ABL_R11,0.975,G0,60.0,0.99,0.0004260819532882,100
11,M3ABL_R11,0.975,G0,65.0,0.99,0.0004260819532882,100
11,M3ABL_R11,0.975,G0,70.0,0.98,0.0004260819532882,100
11,M3ABL_R11,0.975,G0,75.0,0.98,0.0004260819532882,100
11,M3ABL_R11,0.975,G0,80.0,0.98,0.0004260819532882,100
11,M3ABL_R11,0.975,G0,85.0,0.99,0.0004260819532882,100
11,M3ABL_R11,0.975,G0,90.0,0.99,0.0004260819532882,100
11,M3ABL_R11,0.975,G0,95.0,0.99,0.0004260819532882,100
11,M3ABL_R11,0.975,G0,100.0,0.99,0.0004260819532882,100
11,M3ABL_R11,0.975,G0,105.0,0.98,0.0004260819532882,100
11,M3ABL_R11,0.975,G0,110.0,0.98,0.0004260819532882,100
11,M3ABL_R11,0.975,G0,115.0,0.98,0.0004260819532882,100
11,M3ABL_R11,0.975,G0,120.0,0.98,0.0004260819532882,100
11,M3ABL_R11,0.975,G0,125.0,0.98,0.0004260819532882,100
11,M3ABL_R11,0.975,G0,130.0,0.98,0.0004260819532882,100
11,M3ABL_R11,0.975,G0,135.0,0.98,0.0004260819532882,100
11,M3ABL_R11,0.975,G0,140.0,0.98,0.0004260819532882,100
11,M3ABL_R11,0.975,G0,145.0,0.98,0.0004260819532882,100
11,M3ABL_R11,0.975,G0,150.0,0.98,0.0004260819532882,100
11,M3ABL_R11,0.975,G0,155.0,0.98,0.0004260819532882,100
11,M3ABL_R11,0.975,G0,160.0,0.98,0.0004260819532882,100
11,M3ABL_R11,0.975,G0,165.0,0.99,0.0004260819532882,100
11,M3ABL_R11,0.975,G0,170.0,1.0,0.0004260819532882,100
11,M3ABL_R11,0.975,G0,175.0,1.0,0.0004260819532882,100
11,M3ABL_R11,0.975,G0,180.0,1.0,0.0004260819532882,100
11,M3ABL_R11,0.975,G0,185.0,1.0,0.0004260819532882,100
11,M3ABL_R11,0.975,G0,190.0,1.0,0.0004260819532882,100
11,M3ABL_R11,0.975,G0,195.0,1.0,0.0004260819532882,100
11,M3ABL_R11,0.975,G0,200.0,1.0,0.0004260819532882,100
11,M3ABL_R11,0.975,G0,205.0,1.0,0.0004260819532882,100
11,M3ABL_R11,0.975,G0,210.0,1.0,0.0004260819532882,100
11,M3ABL_R11,0.975,G0,215.0,1.0,0.0004260819532882,100
11,M3ABL_R11,0.975,G0,220.0,1.0,0.0004260819532882,100
11,M3ABL_R11,0.975,G0,225.0,1.0,0.0004260819532882,100
11,M3ABL_R11,0.975,G0,230.0,1.0,0.0004260819532882,100
11,M3ABL_R11,0.975,G0,235.0,1.0,0.0004260819532882,100
11,M3ABL_R11,0.975,G0,240.0,1.0,0.0004260819532882,100
11,M3ABL_R11,0.975,G1,60.0,0.88,0.0004260819532882,100
11,M3ABL_R11,0.975,G1,65.0,0.91,0.0004260819532882,100
11,M3ABL_R11,0.975,G1,70.0,0.87,0.0004260819532882,100
11,M3ABL_R11,0.975,G1,75.0,0.88,0.0004260819532882,100
11,M3ABL_R11,0.975,G1,80.0,0.88,0.0004260819532882,100
11,M3ABL_R11,0.975,G1,85.0,0.88,0.0004260819532882,100
11,M3ABL_R11,0.975,G1,90.0,0.88,0.0004260819532882,100
11,M3ABL_R11,0.975,G1,95.0,0.88,0.0004260819532882,100
11,M3ABL_R11,0.975,G1,100.0,0.9,0.0004260819532882,100
11,M3ABL_R11,0.975,G1,105.0,0.89,0.0004260819532882,100
11,M3ABL_R11,0.975,G1,110.0,0.88,0.0004260819532882,100
11,M3ABL_R11,0.975,G1,115.0,0.87,0.0004260819532882,100
11,M3ABL_R11,0.975,G1,120.0,0.87,0.0004260819532882,100
11,M3ABL_R11,0.975,G1,125.0,0.88,0.0004260819532882,100
11,M3ABL_R11,0.975,G1,130.0,0.89,0.0004260819532882,100
11,M3ABL_R11,0.975,G1,135.0,0.89,0.0004260819532882,100
11,M3ABL_R11,0.975,G1,140.0,0.9,0.0004260819532882,100
11,M3ABL_R11,0.975,G1,145.0,0.92,0.0004260819532882,100
11,M3ABL_R11,0.975,G1,150.0,0.92,0.0004260819532882,100
11,M3ABL_R11,0.975,G1,155.0,0.92,0.0004260819532882,100
11,M3ABL_R11,0.975,G1,160.0,0.92,0.0004260819532882,100
11,M3ABL_R11,0.975,G1,165.0,0.91,0.0004260819532882,100
11,M3ABL_R11,0.975,G1,170.0,0.94,0.0004260819532882,100
11,M3ABL_R11,0.975,G1,175.0,0.94,0.0004260819532882,100
11,M3ABL_R11,0.975,G1,180.0,0.93,0.0004260819532882,100
11,M3ABL_R11,0.975,G1,185.0,0.93,0.0004260819532882,100
11,M3ABL_R11,0.975,G1,190.0,0.92,0.0004260819532882,100
11,M3ABL_R11,0.975,G1,195.0,0.92,0.0004260819532882,100
11,M3ABL_R11,0.975,G1,200.0,0.92,0.0004260819532882,100
11,M3ABL_R11,0.975,G1,205.0,0.93,0.0004260819532882,100
11,M3ABL_R11,0.975,G1,210.0,0.94,0.0004260819532882,100
11,M3ABL_R11,0.975,G1,215.0,0.94,0.0004260819532882,100
11,M3ABL_R11,0.975,G1,220.0,0.93,0.0004260819532882,100
11,M3ABL_R11,0.975,G1,225.0,0.95,0.0004260819532882,100
11,M3ABL_R11,0.975,G1,230.0,0.94,0.0004260819532882,100
11,M3ABL_R11,0.975,G1,235.0,0.93,0.0004260819532882,100
11,M3ABL_R11,0.975,G1,240.0,0.93,0.0004260819532882,100
11,M3ABL_R11,0.975,G2,60.0,0.7,0.0004260819532882,100
11,M3ABL_R11,0.975,G2,65.0,0.75,0.0004260819532882,100
11,M3ABL_R11,0.975,G2,70.0,0.73,0.0004260819532882,100
11,M3ABL_R11,0.975,G2,75.0,0.74,0.0004260819532882,100
11,M3ABL_R11,0.975,G2,80.0,0.73,0.0004260819532882,100
11,M3ABL_R11,0.975,G2,85.0,0.73,0.0004260819532882,100
11,M3ABL_R11,0.975,G2,90.0,0.73,0.0004260819532882,100
11,M3ABL_R11,0.975,G2,95.0,0.71,0.0004260819532882,100
11,M3ABL_R11,0.975,G2,100.0,0.72,0.0004260819532882,100
11,M3ABL_R11,0.975,G2,105.0,0.71,0.0004260819532882,100
11,M3ABL_R11,0.975,G2,110.0,0.66,0.0004260819532882,100
11,M3ABL_R11,0.975,G2,115.0,0.7,0.0004260819532882,100
11,M3ABL_R11,0.975,G2,120.0,0.7,0.0004260819532882,100
11,M3ABL_R11,0.975,G2,125.0,0.7,0.0004260819532882,100
11,M3ABL_R11,0.975,G2,130.0,0.7,0.0004260819532882,100
11,M3ABL_R11,0.975,G2,135.0,0.7,0.0004260819532882,100
11,M3ABL_R11,0.975,G2,140.0,0.7,0.0004260819532882,100
11,M3ABL_R11,0.975,G2,145.0,0.73,0.0004260819532882,100
11,M3ABL_R11,0.975,G2,150.0,0.72,0.0004260819532882,100
11,M3ABL_R11,0.975,G2,155.0,0.72,0.0004260819532882,100
11,M3ABL_R11,0.975,G2,160.0,0.7,0.0004260819532882,100
11,M3ABL_R11,0.975,G2,165.0,0.73,0.0004260819532882,100
11,M3ABL_R11,0.975,G2,170.0,0.74,0.0004260819532882,100
11,M3ABL_R11,0.975,G2,175.0,0.7,0.0004260819532882,100
11,M3ABL_R11,0.975,G2,180.0,0.71,0.0004260819532882,100
11,M3ABL_R11,0.975,G2,185.0,0.71,0.0004260819532882,100
11,M3ABL_R11,0.975,G2,190.0,0.69,0.0004260819532882,100
11,M3ABL_R11,0.975,G2,195.0,0.71,0.0004260819532882,100
11,M3ABL_R11,0.975,G2,200.0,0.7,0.0004260819532882,100
11,M3ABL_R11,0.975,G2,205.0,0.68,0.0004260819532882,100
11,M3ABL_R11,0.975,G2,210.0,0.69,0.0004260819532882,100
11,M3ABL_R11,0.975,G2,215.0,0.68,0.0004260819532882,100
11,M3ABL_R11,0.975,G2,220.0,0.67,0.0004260819532882,100
11,M3ABL_R11,0.975,G2,225.0,0.68,0.0004260819532882,100
11,M3ABL_R11,0.975,G2,230.0,0.62,0.0004260819532882,100
11,M3ABL_R11,0.975,G2,235.0,0.63,0.0004260819532882,100
11,M3ABL_R11,0.975,G2,240.0,0.63,0.0004260819532882,100
11,M3ABL_R11,0.9833333333333332,G0,60.0,0.99,0.0004260819532882,100
11,M3ABL_R11,0.9833333333333332,G0,65.0,1.0,0.0004260819532882,100
11,M3ABL_R11,0.9833333333333332,G0,70.0,0.98,0.0004260819532882,100
11,M3ABL_R11,0.9833333333333332,G0,75.0,0.99,0.0004260819532882,100
11,M3ABL_R11,0.9833333333333332,G0,80.0,0.99,0.0004260819532882,100
11,M3ABL_R11,0.9833333333333332,G0,85.0,0.99,0.0004260819532882,100
11,M3ABL_R11,0.9833333333333332,G0,90.0,0.98,0.0004260819532882,100
11,M3ABL_R11,0.9833333333333332,G0,95.0,0.98,0.0004260819532882,100
11,M3ABL_R11,0.9833333333333332,G0,100.0,0.99,0.0004260819532882,100
11,M3ABL_R11,0.9833333333333332,G0,105.0,0.98,0.0004260819532882,100
11,M3ABL_R11,0.9833333333333332,G0,110.0,0.98,0.0004260819532882,100
11,M3ABL_R11,0.9833333333333332,G0,115.0,0.98,0.0004260819532882,100
11,M3ABL_R11,0.9833333333333332,G0,120.0,0.98,0.0004260819532882,100
11,M3ABL_R11,0.9833333333333332,G0,125.0,0.98,0.0004260819532882,100
11,M3ABL_R11,0.9833333333333332,G0,130.0,0.98,0.0004260819532882,100
11,M3ABL_R11,0.9833333333333332,G0,135.0,0.98,0.0004260819532882,100
11,M3ABL_R11,0.9833333333333332,G0,140.0,0.98,0.0004260819532882,100
11,M3ABL_R11,0.9833333333333332,G0,145.0,0.98,0.0004260819532882,100
11,M3ABL_R11,0.9833333333333332,G0,150.0,0.98,0.0004260819532882,100
11,M3ABL_R11,0.9833333333333332,G0,155.0,0.98,0.0004260819532882,100
11,M3ABL_R11,0.9833333333333332,G0,160.0,0.98,0.0004260819532882,100
11,M3ABL_R11,0.9833333333333332,G0,165.0,0.98,0.0004260819532882,100
11,M3ABL_R11,0.9833333333333332,G0,170.0,0.98,0.0004260819532882,100
11,M3ABL_R11,0.9833333333333332,G0,175.0,0.98,0.0004260819532882,100
11,M3ABL_R11,0.9833333333333332,G0,180.0,0.98,0.0004260819532882,100
11,M3ABL_R11,0.9833333333333332,G0,185.0,1.0,0.0004260819532882,100
11,M3ABL_R11,0.9833333333333332,G0,190.0,0.99,0.0004260819532882,100
11,M3ABL_R11,0.9833333333333332,G0,195.0,0.99,0.0004260819532882,100
11,M3ABL_R11,0.9833333333333332,G0,200.0,0.99,0.0004260819532882,100
11,M3ABL_R11,0.9833333333333332,G0,205.0,0.99,0.0004260819532882,100
11,M3ABL_R11,0.9833333333333332,G0,210.0,0.99,0.0004260819532882,100
11,M3ABL_R11,0.9833333333333332,G0,215.0,0.99,0.0004260819532882,100
11,M3ABL_R11,0.9833333333333332,G0,220.0,0.99,0.0004260819532882,100
11,M3ABL_R11,0.9833333333333332,G0,225.0,0.99,0.0004260819532882,100
11,M3ABL_R11,0.9833333333333332,G0,230.0,1.0,0.0004260819532882,100
11,M3ABL_R11,0.9833333333333332,G0,235.0,1.0,0.0004260819532882,100
11,M3ABL_R11,0.9833333333333332,G0,240.0,1.0,0.0004260819532882,100
11,M3ABL_R11,0.9833333333333332,G1,60.0,0.89,0.0004260819532882,100
11,M3ABL_R11,0.9833333333333332,G1,65.0,0.91,0.0004260819532882,100
11,M3ABL_R11,0.9833333333333332,G1,70.0,0.87,0.0004260819532882,100
11,M3ABL_R11,0.9833333333333332,G1,75.0,0.89,0.0004260819532882,100
11,M3ABL_R11,0.9833333333333332,G1,80.0,0.88,0.0004260819532882,100
11,M3ABL_R11,0.9833333333333332,G1,85.0,0.89,0.0004260819532882,100
11,M3ABL_R11,0.9833333333333332,G1,90.0,0.88,0.0004260819532882,100
11,M3ABL_R11,0.9833333333333332,G1,95.0,0.88,0.0004260819532882,100
11,M3ABL_R11,0.9833333333333332,G1,100.0,0.9,0.0004260819532882,100
11,M3ABL_R11,0.9833333333333332,G1,105.0,0.89,0.0004260819532882,100
11,M3ABL_R11,0.9833333333333332,G1,110.0,0.9,0.0004260819532882,100
11,M3ABL_R11,0.9833333333333332,G1,115.0,0.89,0.0004260819532882,100
11,M3ABL_R11,0.9833333333333332,G1,120.0,0.89,0.0004260819532882,100
11,M3ABL_R11,0.9833333333333332,G1,125.0,0.88,0.0004260819532882,100
11,M3ABL_R11,0.9833333333333332,G1,130.0,0.88,0.0004260819532882,100
11,M3ABL_R11,0.9833333333333332,G1,135.0,0.89,0.0004260819532882,100
11,M3ABL_R11,0.9833333333333332,G1,140.0,0.89,0.0004260819532882,100
11,M3ABL_R11,0.9833333333333332,G1,145.0,0.89,0.0004260819532882,100
11,M3ABL_R11,0.9833333333333332,G1,150.0,0.89,0.0004260819532882,100
11,M3ABL_R11,0.9833333333333332,G1,155.0,0.89,0.0004260819532882,100
11,M3ABL_R11,0.9833333333333332,G1,160.0,0.91,0.0004260819532882,100
11,M3ABL_R11,0.9833333333333332,G1,165.0,0.91,0.0004260819532882,100
11,M3ABL_R11,0.9833333333333332,G1,170.0,0.94,0.0004260819532882,100
11,M3ABL_R11,0.9833333333333332,G1,175.0,0.92,0.0004260819532882,100
11,M3ABL_R11,0.9833333333333332,G1,180.0,0.91,0.0004260819532882,100
11,M3ABL_R11,0.9833333333333332,G1,185.0,0.91,0.0004260819532882,100
11,M3ABL_R11,0.9833333333333332,G1,190.0,0.9,0.0004260819532882,100
11,M3ABL_R11,0.9833333333333332,G1,195.0,0.91,0.0004260819532882,100
11,M3ABL_R11,0.9833333333333332,G1,200.0,0.91,0.0004260819532882,100
11,M3ABL_R11,0.9833333333333332,G1,205.0,0.9,0.0004260819532882,100
11,M3ABL_R11,0.9833333333333332,G1,210.0,0.9,0.0004260819532882,100
11,M3ABL_R11,0.9833333333333332,G1,215.0,0.9,0.0004260819532882,100
11,M3ABL_R11,0.9833333333333332,G1,220.0,0.91,0.0004260819532882,100
11,M3ABL_R11,0.9833333333333332,G1,225.0,0.91,0.0004260819532882,100
11,M3ABL_R11,0.9833333333333332,G1,230.0,0.93,0.0004260819532882,100
11,M3ABL_R11,0.9833333333333332,G1,235.0,0.92,0.0004260819532882,100
11,M3ABL_R11,0.9833333333333332,G1,240.0,0.91,0.0004260819532882,100
11,M3ABL_R11,0.9833333333333332,G2,60.0,0.69,0.0004260819532882,100
11,M3ABL_R11,0.9833333333333332,G2,65.0,0.73,0.0004260819532882,100
11,M3ABL_R11,0.9833333333333332,G2,70.0,0.7,0.0004260819532882,100
11,M3ABL_R11,0.9833333333333332,G2,75.0,0.75,0.0004260819532882,100
11,M3ABL_R11,0.9833333333333332,G2,80.0,0.74,0.0004260819532882,100
11,M3ABL_R11,0.9833333333333332,G2,85.0,0.74,0.0004260819532882,100
11,M3ABL_R11,0.9833333333333332,G2,90.0,0.71,0.0004260819532882,100
11,M3ABL_R11,0.9833333333333332,G2,95.0,0.7,0.0004260819532882,100
11,M3ABL_R11,0.9833333333333332,G2,100.0,0.72,0.0004260819532882,100
11,M3ABL_R11,0.9833333333333332,G2,105.0,0.68,0.0004260819532882,100
11,M3ABL_R11,0.9833333333333332,G2,110.0,0.69,0.0004260819532882,100
11,M3ABL_R11,0.9833333333333332,G2,115.0,0.69,0.0004260819532882,100
11,M3ABL_R11,0.9833333333333332,G2,120.0,0.68,0.0004260819532882,100
11,M3ABL_R11,0.9833333333333332,G2,125.0,0.7,0.0004260819532882,100
11,M3ABL_R11,0.9833333333333332,G2,130.0,0.66,0.0004260819532882,100
11,M3ABL_R11,0.9833333333333332,G2,135.0,0.69,0.0004260819532882,100
11,M3ABL_R11,0.9833333333333332,G2,140.0,0.66,0.0004260819532882,100
11,M3ABL_R11,0.9833333333333332,G2,145.0,0.7,0.0004260819532882,100
11,M3ABL_R11,0.9833333333333332,G2,150.0,0.7,0.0004260819532882,100
11,M3ABL_R11,0.9833333333333332,G2,155.0,0.69,0.0004260819532882,100
11,M3ABL_R11,0.9833333333333332,G2,160.0,0.73,0.0004260819532882,100
11,M3ABL_R11,0.9833333333333332,G2,165.0,0.72,0.0004260819532882,100
11,M3ABL_R11,0.9833333333333332,G2,170.0,0.72,0.0004260819532882,100
11,M3ABL_R11,0.9833333333333332,G2,175.0,0.68,0.0004260819532882,100
11,M3ABL_R11,0.9833333333333332,G2,180.0,0.66,0.0004260819532882,100
11,M3ABL_R11,0.9833333333333332,G2,185.0,0.71,0.0004260819532882,100
11,M3ABL_R11,0.9833333333333332,G2,190.0,0.69,0.0004260819532882,100
11,M3ABL_R11,0.9833333333333332,G2,195.0,0.7,0.0004260819532882,100
11,M3ABL_R11,0.9833333333333332,G2,200.0,0.67,0.0004260819532882,100
11,M3ABL_R11,0.9833333333333332,G2,205.0,0.68,0.0004260819532882,100
11,M3ABL_R11,0.9833333333333332,G2,210.0,0.67,0.0004260819532882,100
11,M3ABL_R11,0.9833333333333332,G2,215.0,0.66,0.0004260819532882,100
11,M3ABL_R11,0.9833333333333332,G2,220.0,0.68,0.0004260819532882,100
11,M3ABL_R11,0.9833333333333332,G2,225.0,0.65,0.0004260819532882,100
11,M3ABL_R11,0.9833333333333332,G2,230.0,0.64,0.0004260819532882,100
11,M3ABL_R11,0.9833333333333332,G2,235.0,0.64,0.0004260819532882,100
11,M3ABL_R11,0.9833333333333332,G2,240.0,0.63,0.0004260819532882,100
11,M3ABL_R11,0.99,G0,60.0,0.99,0.0004260819532882,100
11,M3ABL_R11,0.99,G0,65.0,1.0,0.0004260819532882,100
11,M3ABL_R11,0.99,G0,70.0,0.98,0.0004260819532882,100
11,M3ABL_R11,0.99,G0,75.0,0.98,0.0004260819532882,100
11,M3ABL_R11,0.99,G0,80.0,0.98,0.0004260819532882,100
11,M3ABL_R11,0.99,G0,85.0,0.99,0.0004260819532882,100
11,M3ABL_R11,0.99,G0,90.0,0.99,0.0004260819532882,100
11,M3ABL_R11,0.99,G0,95.0,0.99,0.0004260819532882,100
11,M3ABL_R11,0.99,G0,100.0,0.99,0.0004260819532882,100
11,M3ABL_R11,0.99,G0,105.0,0.98,0.0004260819532882,100
11,M3ABL_R11,0.99,G0,110.0,0.98,0.0004260819532882,100
11,M3ABL_R11,0.99,G0,115.0,0.98,0.0004260819532882,100
11,M3ABL_R11,0.99,G0,120.0,0.98,0.0004260819532882,100
11,M3ABL_R11,0.99,G0,125.0,0.98,0.0004260819532882,100
11,M3ABL_R11,0.99,G0,130.0,0.98,0.0004260819532882,100
11,M3ABL_R11,0.99,G0,135.0,0.98,0.0004260819532882,100
11,M3ABL_R11,0.99,G0,140.0,0.98,0.0004260819532882,100
11,M3ABL_R11,0.99,G0,145.0,0.98,0.0004260819532882,100
11,M3ABL_R11,0.99,G0,150.0,0.98,0.0004260819532882,100
11,M3ABL_R11,0.99,G0,155.0,0.98,0.0004260819532882,100
11,M3ABL_R11,0.99,G0,160.0,0.98,0.0004260819532882,100
11,M3ABL_R11,0.99,G0,165.0,0.98,0.0004260819532882,100
11,M3ABL_R11,0.99,G0,170.0,0.98,0.0004260819532882,100
11,M3ABL_R11,0.99,G0,175.0,0.98,0.0004260819532882,100
11,M3ABL_R11,0.99,G0,180.0,0.98,0.0004260819532882,100
11,M3ABL_R11,0.99,G0,185.0,0.98,0.0004260819532882,100
11,M3ABL_R11,0.99,G0,190.0,0.97,0.0004260819532882,100
11,M3ABL_R11,0.99,G0,195.0,0.97,0.0004260819532882,100
11,M3ABL_R11,0.99,G0,200.0,0.97,0.0004260819532882,100
11,M3ABL_R11,0.99,G0,205.0,0.98,0.0004260819532882,100
11,M3ABL_R11,0.99,G0,210.0,0.98,0.0004260819532882,100
11,M3ABL_R11,0.99,G0,215.0,0.98,0.0004260819532882,100
11,M3ABL_R11,0.99,G0,220.0,0.98,0.0004260819532882,100
11,M3ABL_R11,0.99,G0,225.0,0.98,0.0004260819532882,100
11,M3ABL_R11,0.99,G0,230.0,0.98,0.0004260819532882,100
11,M3ABL_R11,0.99,G0,235.0,0.98,0.0004260819532882,100
11,M3ABL_R11,0.99,G0,240.0,0.98,0.0004260819532882,100
11,M3ABL_R11,0.99,G1,60.0,0.92,0.0004260819532882,100
11,M3ABL_R11,0.99,G1,65.0,0.93,0.0004260819532882,100
11,M3ABL_R11,0.99,G1,70.0,0.9,0.0004260819532882,100
11,M3ABL_R11,0.99,G1,75.0,0.9,0.0004260819532882,100
11,M3ABL_R11,0.99,G1,80.0,0.89,0.0004260819532882,100
11,M3ABL_R11,0.99,G1,85.0,0.91,0.0004260819532882,100
11,M3ABL_R11,0.99,G1,90.0,0.9,0.0004260819532882,100
11,M3ABL_R11,0.99,G1,95.0,0.9,0.0004260819532882,100
11,M3ABL_R11,0.99,G1,100.0,0.89,0.0004260819532882,100
11,M3ABL_R11,0.99,G1,105.0,0.9,0.0004260819532882,100
11,M3ABL_R11,0.99,G1,110.0,0.89,0.0004260819532882,100
11,M3ABL_R11,0.99,G1,115.0,0.88,0.0004260819532882,100
11,M3ABL_R11,0.99,G1,120.0,0.88,0.0004260819532882,100
11,M3ABL_R11,0.99,G1,125.0,0.89,0.0004260819532882,100
11,M3ABL_R11,0.99,G1,130.0,0.89,0.0004260819532882,100
11,M3ABL_R11,0.99,G1,135.0,0.89,0.0004260819532882,100
11,M3ABL_R11,0.99,G1,140.0,0.89,0.0004260819532882,100
11,M3ABL_R11,0.99,G1,145.0,0.91,0.0004260819532882,100
11,M3ABL_R11,0.99,G1,150.0,0.91,0.0004260819532882,100
11,M3ABL_R11,0.99,G1,155.0,0.91,0.0004260819532882,100
11,M3ABL_R11,0.99,G1,160.0,0.91,0.0004260819532882,100
11,M3ABL_R11,0.99,G1,165.0,0.92,0.0004260819532882,100
11,M3ABL_R11,0.99,G1,170.0,0.92,0.0004260819532882,100
11,M3ABL_R11,0.99,G1,175.0,0.91,0.0004260819532882,100
11,M3ABL_R11,0.99,G1,180.0,0.91,0.0004260819532882,100
11,M3ABL_R11,0.99,G1,185.0,0.91,0.0004260819532882,100
11,M3ABL_R11,0.99,G1,190.0,0.89,0.0004260819532882,100
11,M3ABL_R11,0.99,G1,195.0,0.89,0.0004260819532882,100
11,M3ABL_R11,0.99,G1,200.0,0.89,0.0004260819532882,100
11,M3ABL_R11,0.99,G1,205.0,0.91,0.0004260819532882,100
11,M3ABL_R11,0.99,G1,210.0,0.91,0.0004260819532882,100
11,M3ABL_R11,0.99,G1,215.0,0.91,0.0004260819532882,100
11,M3ABL_R11,0.99,G1,220.0,0.9,0.0004260819532882,100
11,M3ABL_R11,0.99,G1,225.0,0.94,0.0004260819532882,100
11,M3ABL_R11,0.99,G1,230.0,0.94,0.0004260819532882,100
11,M3ABL_R11,0.99,G1,235.0,0.92,0.0004260819532882,100
11,M3ABL_R11,0.99,G1,240.0,0.91,0.0004260819532882,100
11,M3ABL_R11,0.99,G2,60.0,0.67,0.0004260819532882,100
11,M3ABL_R11,0.99,G2,65.0,0.75,0.0004260819532882,100
11,M3ABL_R11,0.99,G2,70.0,0.73,0.0004260819532882,100
11,M3ABL_R11,0.99,G2,75.0,0.72,0.0004260819532882,100
11,M3ABL_R11,0.99,G2,80.0,0.7,0.0004260819532882,100
11,M3ABL_R11,0.99,G2,85.0,0.76,0.0004260819532882,100
11,M3ABL_R11,0.99,G2,90.0,0.75,0.0004260819532882,100
11,M3ABL_R11,0.99,G2,95.0,0.73,0.0004260819532882,100
11,M3ABL_R11,0.99,G2,100.0,0.69,0.0004260819532882,100
11,M3ABL_R11,0.99,G2,105.0,0.73,0.0004260819532882,100
11,M3ABL_R11,0.99,G2,110.0,0.7,0.0004260819532882,100
11,M3ABL_R11,0.99,G2,115.0,0.69,0.0004260819532882,100
11,M3ABL_R11,0.99,G2,120.0,0.67,0.0004260819532882,100
11,M3ABL_R11,0.99,G2,125.0,0.69,0.0004260819532882,100
11,M3ABL_R11,0.99,G2,130.0,0.66,0.0004260819532882,100
11,M3ABL_R11,0.99,G2,135.0,0.66,0.0004260819532882,100
11,M3ABL_R11,0.99,G2,140.0,0.64,0.0004260819532882,100
11,M3ABL_R11,0.99,G2,145.0,0.68,0.0004260819532882,100
11,M3ABL_R11,0.99,G2,150.0,0.68,0.0004260819532882,100
11,M3ABL_R11,0.99,G2,155.0,0.68,0.0004260819532882,100
11,M3ABL_R11,0.99,G2,160.0,0.67,0.0004260819532882,100
11,M3ABL_R11,0.99,G2,165.0,0.71,0.0004260819532882,100
11,M3ABL_R11,0.99,G2,170.0,0.7,0.0004260819532882,100
11,M3ABL_R11,0.99,G2,175.0,0.67,0.0004260819532882,100
11,M3ABL_R11,0.99,G2,180.0,0.65,0.0004260819532882,100
11,M3ABL_R11,0.99,G2,185.0,0.68,0.0004260819532882,100
11,M3ABL_R11,0.99,G2,190.0,0.66,0.0004260819532882,100
11,M3ABL_R11,0.99,G2,195.0,0.65,0.0004260819532882,100
11,M3ABL_R11,0.99,G2,200.0,0.64,0.0004260819532882,100
11,M3ABL_R11,0.99,G2,205.0,0.67,0.0004260819532882,100
11,M3ABL_R11,0.99,G2,210.0,0.66,0.0004260819532882,100
11,M3ABL_R11,0.99,G2,215.0,0.64,0.0004260819532882,100
11,M3ABL_R11,0.99,G2,220.0,0.63,0.0004260819532882,100
11,M3ABL_R11,0.99,G2,225.0,0.63,0.0004260819532882,100
11,M3ABL_R11,0.99,G2,230.0,0.6,0.0004260819532882,100
11,M3ABL_R11,0.99,G2,235.0,0.6,0.0004260819532882,100
11,M3ABL_R11,0.99,G2,240.0,0.59,0.0004260819532882,100
11,M3ABL_R11,0.995,G0,60.0,1.0,0.0004260819532882,100
11,M3ABL_R11,0.995,G0,65.0,1.0,0.0004260819532882,100
11,M3ABL_R11,0.995,G0,70.0,0.98,0.0004260819532882,100
11,M3ABL_R11,0.995,G0,75.0,0.98,0.0004260819532882,100
11,M3ABL_R11,0.995,G0,80.0,0.98,0.0004260819532882,100
11,M3ABL_R11,0.995,G0,85.0,0.99,0.0004260819532882,100
11,M3ABL_R11,0.995,G0,90.0,0.99,0.0004260819532882,100
11,M3ABL_R11,0.995,G0,95.0,0.99,0.0004260819532882,100
11,M3ABL_R11,0.995,G0,100.0,0.99,0.0004260819532882,100
11,M3ABL_R11,0.995,G0,105.0,0.98,0.0004260819532882,100
11,M3ABL_R11,0.995,G0,110.0,0.98,0.0004260819532882,100
11,M3ABL_R11,0.995,G0,115.0,0.98,0.0004260819532882,100
11,M3ABL_R11,0.995,G0,120.0,0.98,0.0004260819532882,100
11,M3ABL_R11,0.995,G0,125.0,0.98,0.0004260819532882,100
11,M3ABL_R11,0.995,G0,130.0,0.98,0.0004260819532882,100
11,M3ABL_R11,0.995,G0,135.0,0.98,0.0004260819532882,100
11,M3ABL_R11,0.995,G0,140.0,0.98,0.0004260819532882,100
11,M3ABL_R11,0.995,G0,145.0,0.98,0.0004260819532882,100
11,M3ABL_R11,0.995,G0,150.0,0.98,0.0004260819532882,100
11,M3ABL_R11,0.995,G0,155.0,0.98,0.0004260819532882,100
11,M3ABL_R11,0.995,G0,160.0,0.98,0.0004260819532882,100
11,M3ABL_R11,0.995,G0,165.0,0.99,0.0004260819532882,100
11,M3ABL_R11,0.995,G0,170.0,0.99,0.0004260819532882,100
11,M3ABL_R11,0.995,G0,175.0,0.99,0.0004260819532882,100
11,M3ABL_R11,0.995,G0,180.0,0.99,0.0004260819532882,100
11,M3ABL_R11,0.995,G0,185.0,0.99,0.0004260819532882,100
11,M3ABL_R11,0.995,G0,190.0,0.98,0.0004260819532882,100
11,M3ABL_R11,0.995,G0,195.0,0.98,0.0004260819532882,100
11,M3ABL_R11,0.995,G0,200.0,0.98,0.0004260819532882,100
11,M3ABL_R11,0.995,G0,205.0,0.98,0.0004260819532882,100
11,M3ABL_R11,0.995,G0,210.0,0.98,0.0004260819532882,100
11,M3ABL_R11,0.995,G0,215.0,0.98,0.0004260819532882,100
11,M3ABL_R11,0.995,G0,220.0,0.98,0.0004260819532882,100
11,M3ABL_R11,0.995,G0,225.0,0.98,0.0004260819532882,100
11,M3ABL_R11,0.995,G0,230.0,0.98,0.0004260819532882,100
11,M3ABL_R11,0.995,G0,235.0,0.98,0.0004260819532882,100
11,M3ABL_R11,0.995,G0,240.0,0.98,0.0004260819532882,100
11,M3ABL_R11,0.995,G1,60.0,0.93,0.0004260819532882,100
11,M3ABL_R11,0.995,G1,65.0,0.93,0.0004260819532882,100
11,M3ABL_R11,0.995,G1,70.0,0.9,0.0004260819532882,100
11,M3ABL_R11,0.995,G1,75.0,0.9,0.0004260819532882,100
11,M3ABL_R11,0.995,G1,80.0,0.9,0.0004260819532882,100
11,M3ABL_R11,0.995,G1,85.0,0.9,0.0004260819532882,100
11,M3ABL_R11,0.995,G1,90.0,0.89,0.0004260819532882,100
11,M3ABL_R11,0.995,G1,95.0,0.89,0.0004260819532882,100
11,M3ABL_R11,0.995,G1,100.0,0.88,0.0004260819532882,100
11,M3ABL_R11,0.995,G1,105.0,0.87,0.0004260819532882,100
11,M3ABL_R11,0.995,G1,110.0,0.85,0.0004260819532882,100
11,M3ABL_R11,0.995,G1,115.0,0.84,0.0004260819532882,100
11,M3ABL_R11,0.995,G1,120.0,0.84,0.0004260819532882,100
11,M3ABL_R11,0.995,G1,125.0,0.87,0.0004260819532882,100
11,M3ABL_R11,0.995,G1,130.0,0.87,0.0004260819532882,100
11,M3ABL_R11,0.995,G1,135.0,0.87,0.0004260819532882,100
11,M3ABL_R11,0.995,G1,140.0,0.87,0.0004260819532882,100
11,M3ABL_R11,0.995,G1,145.0,0.87,0.0004260819532882,100
11,M3ABL_R11,0.995,G1,150.0,0.87,0.0004260819532882,100
11,M3ABL_R11,0.995,G1,155.0,0.87,0.0004260819532882,100
11,M3ABL_R11,0.995,G1,160.0,0.86,0.0004260819532882,100
11,M3ABL_R11,0.995,G1,165.0,0.87,0.0004260819532882,100
11,M3ABL_R11,0.995,G1,170.0,0.87,0.0004260819532882,100
11,M3ABL_R11,0.995,G1,175.0,0.86,0.0004260819532882,100
11,M3ABL_R11,0.995,G1,180.0,0.85,0.0004260819532882,100
11,M3ABL_R11,0.995,G1,185.0,0.84,0.0004260819532882,100
11,M3ABL_R11,0.995,G1,190.0,0.83,0.0004260819532882,100
11,M3ABL_R11,0.995,G1,195.0,0.83,0.0004260819532882,100
11,M3ABL_R11,0.995,G1,200.0,0.82,0.0004260819532882,100
11,M3ABL_R11,0.995,G1,205.0,0.87,0.0004260819532882,100
11,M3ABL_R11,0.995,G1,210.0,0.87,0.0004260819532882,100
11,M3ABL_R11,0.995,G1,215.0,0.87,0.0004260819532882,100
11,M3ABL_R11,0.995,G1,220.0,0.87,0.0004260819532882,100
11,M3ABL_R11,0.995,G1,225.0,0.87,0.0004260819532882,100
11,M3ABL_R11,0.995,G1,230.0,0.86,0.0004260819532882,100
11,M3ABL_R11,0.995,G1,235.0,0.86,0.0004260819532882,100
11,M3ABL_R11,0.995,G1,240.0,0.85,0.0004260819532882,100
11,M3ABL_R11,0.995,G2,60.0,0.71,0.0004260819532882,100
11,M3ABL_R11,0.995,G2,65.0,0.69,0.0004260819532882,100
11,M3ABL_R11,0.995,G2,70.0,0.64,0.0004260819532882,100
11,M3ABL_R11,0.995,G2,75.0,0.62,0.0004260819532882,100
11,M3ABL_R11,0.995,G2,80.0,0.62,0.0004260819532882,100
11,M3ABL_R11,0.995,G2,85.0,0.71,0.0004260819532882,100
11,M3ABL_R11,0.995,G2,90.0,0.7,0.0004260819532882,100
11,M3ABL_R11,0.995,G2,95.0,0.69,0.0004260819532882,100
11,M3ABL_R11,0.995,G2,100.0,0.65,0.0004260819532882,100
11,M3ABL_R11,0.995,G2,105.0,0.63,0.0004260819532882,100
11,M3ABL_R11,0.995,G2,110.0,0.6,0.0004260819532882,100
11,M3ABL_R11,0.995,G2,115.0,0.59,0.0004260819532882,100
11,M3ABL_R11,0.995,G2,120.0,0.57,0.0004260819532882,100
11,M3ABL_R11,0.995,G2,125.0,0.65,0.0004260819532882,100
11,M3ABL_R11,0.995,G2,130.0,0.63,0.0004260819532882,100
11,M3ABL_R11,0.995,G2,135.0,0.63,0.0004260819532882,100
11,M3ABL_R11,0.995,G2,140.0,0.61,0.0004260819532882,100
11,M3ABL_R11,0.995,G2,145.0,0.6,0.0004260819532882,100
11,M3ABL_R11,0.995,G2,150.0,0.59,0.0004260819532882,100
11,M3ABL_R11,0.995,G2,155.0,0.58,0.0004260819532882,100
11,M3ABL_R11,0.995,G2,160.0,0.57,0.0004260819532882,100
11,M3ABL_R11,0.995,G2,165.0,0.67,0.0004260819532882,100
11,M3ABL_R11,0.995,G2,170.0,0.63,0.0004260819532882,100
11,M3ABL_R11,0.995,G2,175.0,0.61,0.0004260819532882,100
11,M3ABL_R11,0.995,G2,180.0,0.6,0.0004260819532882,100
11,M3ABL_R11,0.995,G2,185.0,0.59,0.0004260819532882,100
11,M3ABL_R11,0.995,G2,190.0,0.58,0.0004260819532882,100
11,M3ABL_R11,0.995,G2,195.0,0.57,0.0004260819532882,100
11,M3ABL_R11,0.995,G2,200.0,0.57,0.0004260819532882,100
11,M3ABL_R11,0.995,G2,205.0,0.59,0.0004260819532882,100
11,M3ABL_R11,0.995,G2,210.0,0.57,0.0004260819532882,100
11,M3ABL_R11,0.995,G2,215.0,0.57,0.0004260819532882,100
11,M3ABL_R11,0.995,G2,220.0,0.56,0.0004260819532882,100
11,M3ABL_R11,0.995,G2,225.0,0.56,0.0004260819532882,100
11,M3ABL_R11,0.995,G2,230.0,0.53,0.0004260819532882,100
11,M3ABL_R11,0.995,G2,235.0,0.53,0.0004260819532882,100
11,M3ABL_R11,0.995,G2,240.0,0.52,0.0004260819532882,100
12,M3ABL_R12,0.95,G0,60.0,0.96,0.0003432203786753,100
12,M3ABL_R12,0.95,G0,65.0,0.99,0.0003432203786753,100
12,M3ABL_R12,0.95,G0,70.0,0.99,0.0003432203786753,100
12,M3ABL_R12,0.95,G0,75.0,0.98,0.0003432203786753,100
12,M3ABL_R12,0.95,G0,80.0,0.98,0.0003432203786753,100
12,M3ABL_R12,0.95,G0,85.0,0.99,0.0003432203786753,100
12,M3ABL_R12,0.95,G0,90.0,0.99,0.0003432203786753,100
12,M3ABL_R12,0.95,G0,95.0,0.99,0.0003432203786753,100
12,M3ABL_R12,0.95,G0,100.0,0.99,0.0003432203786753,100
12,M3ABL_R12,0.95,G0,105.0,0.98,0.0003432203786753,100
12,M3ABL_R12,0.95,G0,110.0,0.99,0.0003432203786753,100
12,M3ABL_R12,0.95,G0,115.0,0.99,0.0003432203786753,100
12,M3ABL_R12,0.95,G0,120.0,0.99,0.0003432203786753,100
12,M3ABL_R12,0.95,G0,125.0,0.99,0.0003432203786753,100
12,M3ABL_R12,0.95,G0,130.0,0.99,0.0003432203786753,100
12,M3ABL_R12,0.95,G0,135.0,0.99,0.0003432203786753,100
12,M3ABL_R12,0.95,G0,140.0,0.99,0.0003432203786753,100
12,M3ABL_R12,0.95,G0,145.0,1.0,0.0003432203786753,100
12,M3ABL_R12,0.95,G0,150.0,1.0,0.0003432203786753,100
12,M3ABL_R12,0.95,G0,155.0,1.0,0.0003432203786753,100
12,M3ABL_R12,0.95,G0,160.0,1.0,0.0003432203786753,100
12,M3ABL_R12,0.95,G0,165.0,1.0,0.0003432203786753,100
12,M3ABL_R12,0.95,G0,170.0,1.0,0.0003432203786753,100
12,M3ABL_R12,0.95,G0,175.0,1.0,0.0003432203786753,100
12,M3ABL_R12,0.95,G0,180.0,1.0,0.0003432203786753,100
12,M3ABL_R12,0.95,G0,185.0,1.0,0.0003432203786753,100
12,M3ABL_R12,0.95,G0,190.0,1.0,0.0003432203786753,100
12,M3ABL_R12,0.95,G0,195.0,1.0,0.0003432203786753,100
12,M3ABL_R12,0.95,G0,200.0,1.0,0.0003432203786753,100
12,M3ABL_R12,0.95,G0,205.0,1.0,0.0003432203786753,100
12,M3ABL_R12,0.95,G0,210.0,1.0,0.0003432203786753,100
12,M3ABL_R12,0.95,G0,215.0,1.0,0.0003432203786753,100
12,M3ABL_R12,0.95,G0,220.0,1.0,0.0003432203786753,100
12,M3ABL_R12,0.95,G0,225.0,1.0,0.0003432203786753,100
12,M3ABL_R12,0.95,G0,230.0,1.0,0.0003432203786753,100
12,M3ABL_R12,0.95,G0,235.0,1.0,0.0003432203786753,100
12,M3ABL_R12,0.95,G0,240.0,1.0,0.0003432203786753,100
12,M3ABL_R12,0.95,G1,60.0,0.88,0.0003432203786753,100
12,M3ABL_R12,0.95,G1,65.0,0.89,0.0003432203786753,100
12,M3ABL_R12,0.95,G1,70.0,0.88,0.0003432203786753,100
12,M3ABL_R12,0.95,G1,75.0,0.87,0.0003432203786753,100
12,M3ABL_R12,0.95,G1,80.0,0.88,0.0003432203786753,100
12,M3ABL_R12,0.95,G1,85.0,0.89,0.0003432203786753,100
12,M3ABL_R12,0.95,G1,90.0,0.88,0.0003432203786753,100
12,M3ABL_R12,0.95,G1,95.0,0.88,0.0003432203786753,100
12,M3ABL_R12,0.95,G1,100.0,0.89,0.0003432203786753,100
12,M3ABL_R12,0.95,G1,105.0,0.91,0.0003432203786753,100
12,M3ABL_R12,0.95,G1,110.0,0.9,0.0003432203786753,100
12,M3ABL_R12,0.95,G1,115.0,0.89,0.0003432203786753,100
12,M3ABL_R12,0.95,G1,120.0,0.89,0.0003432203786753,100
12,M3ABL_R12,0.95,G1,125.0,0.89,0.0003432203786753,100
12,M3ABL_R12,0.95,G1,130.0,0.89,0.0003432203786753,100
12,M3ABL_R12,0.95,G1,135.0,0.89,0.0003432203786753,100
12,M3ABL_R12,0.95,G1,140.0,0.89,0.0003432203786753,100
12,M3ABL_R12,0.95,G1,145.0,0.9,0.0003432203786753,100
12,M3ABL_R12,0.95,G1,150.0,0.91,0.0003432203786753,100
12,M3ABL_R12,0.95,G1,155.0,0.91,0.0003432203786753,100
12,M3ABL_R12,0.95,G1,160.0,0.92,0.0003432203786753,100
12,M3ABL_R12,0.95,G1,165.0,0.91,0.0003432203786753,100
12,M3ABL_R12,0.95,G1,170.0,0.92,0.0003432203786753,100
12,M3ABL_R12,0.95,G1,175.0,0.92,0.0003432203786753,100
12,M3ABL_R12,0.95,G1,180.0,0.92,0.0003432203786753,100
12,M3ABL_R12,0.95,G1,185.0,0.93,0.0003432203786753,100
12,M3ABL_R12,0.95,G1,190.0,0.95,0.0003432203786753,100
12,M3ABL_R12,0.95,G1,195.0,0.96,0.0003432203786753,100
12,M3ABL_R12,0.95,G1,200.0,0.96,0.0003432203786753,100
12,M3ABL_R12,0.95,G1,205.0,0.97,0.0003432203786753,100
12,M3ABL_R12,0.95,G1,210.0,0.97,0.0003432203786753,100
12,M3ABL_R12,0.95,G1,215.0,0.96,0.0003432203786753,100
12,M3ABL_R12,0.95,G1,220.0,0.96,0.0003432203786753,100
12,M3ABL_R12,0.95,G1,225.0,0.96,0.0003432203786753,100
12,M3ABL_R12,0.95,G1,230.0,0.96,0.0003432203786753,100
12,M3ABL_R12,0.95,G1,235.0,0.95,0.0003432203786753,100
12,M3ABL_R12,0.95,G1,240.0,0.95,0.0003432203786753,100
12,M3ABL_R12,0.95,G2,60.0,0.69,0.0003432203786753,100
12,M3ABL_R12,0.95,G2,65.0,0.7,0.0003432203786753,100
12,M3ABL_R12,0.95,G2,70.0,0.71,0.0003432203786753,100
12,M3ABL_R12,0.95,G2,75.0,0.71,0.0003432203786753,100
12,M3ABL_R12,0.95,G2,80.0,0.72,0.0003432203786753,100
12,M3ABL_R12,0.95,G2,85.0,0.74,0.0003432203786753,100
12,M3ABL_R12,0.95,G2,90.0,0.72,0.0003432203786753,100
12,M3ABL_R12,0.95,G2,95.0,0.75,0.0003432203786753,100
12,M3ABL_R12,0.95,G2,100.0,0.74,0.0003432203786753,100
12,M3ABL_R12,0.95,G2,105.0,0.75,0.0003432203786753,100
12,M3ABL_R12,0.95,G2,110.0,0.71,0.0003432203786753,100
12,M3ABL_R12,0.95,G2,115.0,0.75,0.0003432203786753,100
12,M3ABL_R12,0.95,G2,120.0,0.77,0.0003432203786753,100
12,M3ABL_R12,0.95,G2,125.0,0.75,0.0003432203786753,100
12,M3ABL_R12,0.95,G2,130.0,0.74,0.0003432203786753,100
12,M3ABL_R12,0.95,G2,135.0,0.74,0.0003432203786753,100
12,M3ABL_R12,0.95,G2,140.0,0.72,0.0003432203786753,100
12,M3ABL_R12,0.95,G2,145.0,0.72,0.0003432203786753,100
12,M3ABL_R12,0.95,G2,150.0,0.72,0.0003432203786753,100
12,M3ABL_R12,0.95,G2,155.0,0.75,0.0003432203786753,100
12,M3ABL_R12,0.95,G2,160.0,0.76,0.0003432203786753,100
12,M3ABL_R12,0.95,G2,165.0,0.76,0.0003432203786753,100
12,M3ABL_R12,0.95,G2,170.0,0.75,0.0003432203786753,100
12,M3ABL_R12,0.95,G2,175.0,0.76,0.0003432203786753,100
12,M3ABL_R12,0.95,G2,180.0,0.73,0.0003432203786753,100
12,M3ABL_R12,0.95,G2,185.0,0.75,0.0003432203786753,100
12,M3ABL_R12,0.95,G2,190.0,0.74,0.0003432203786753,100
12,M3ABL_R12,0.95,G2,195.0,0.74,0.0003432203786753,100
12,M3ABL_R12,0.95,G2,200.0,0.73,0.0003432203786753,100
12,M3ABL_R12,0.95,G2,205.0,0.74,0.0003432203786753,100
12,M3ABL_R12,0.95,G2,210.0,0.73,0.0003432203786753,100
12,M3ABL_R12,0.95,G2,215.0,0.74,0.0003432203786753,100
12,M3ABL_R12,0.95,G2,220.0,0.71,0.0003432203786753,100
12,M3ABL_R12,0.95,G2,225.0,0.71,0.0003432203786753,100
12,M3ABL_R12,0.95,G2,230.0,0.69,0.0003432203786753,100
12,M3ABL_R12,0.95,G2,235.0,0.7,0.0003432203786753,100
12,M3ABL_R12,0.95,G2,240.0,0.7,0.0003432203786753,100
12,M3ABL_R12,0.975,G0,60.0,0.99,0.0003432203786753,100
12,M3ABL_R12,0.975,G0,65.0,0.99,0.0003432203786753,100
12,M3ABL_R12,0.975,G0,70.0,0.98,0.0003432203786753,100
12,M3ABL_R12,0.975,G0,75.0,0.98,0.0003432203786753,100
12,M3ABL_R12,0.975,G0,80.0,0.98,0.0003432203786753,100
12,M3ABL_R12,0.975,G0,85.0,0.99,0.0003432203786753,100
12,M3ABL_R12,0.975,G0,90.0,0.99,0.0003432203786753,100
12,M3ABL_R12,0.975,G0,95.0,0.99,0.0003432203786753,100
12,M3ABL_R12,0.975,G0,100.0,0.99,0.0003432203786753,100
12,M3ABL_R12,0.975,G0,105.0,0.98,0.0003432203786753,100
12,M3ABL_R12,0.975,G0,110.0,0.98,0.0003432203786753,100
12,M3ABL_R12,0.975,G0,115.0,0.98,0.0003432203786753,100
12,M3ABL_R12,0.975,G0,120.0,0.98,0.0003432203786753,100
12,M3ABL_R12,0.975,G0,125.0,0.98,0.0003432203786753,100
12,M3ABL_R12,0.975,G0,130.0,0.98,0.0003432203786753,100
12,M3ABL_R12,0.975,G0,135.0,0.98,0.0003432203786753,100
12,M3ABL_R12,0.975,G0,140.0,0.98,0.0003432203786753,100
12,M3ABL_R12,0.975,G0,145.0,0.98,0.0003432203786753,100
12,M3ABL_R12,0.975,G0,150.0,0.98,0.0003432203786753,100
12,M3ABL_R12,0.975,G0,155.0,0.98,0.0003432203786753,100
12,M3ABL_R12,0.975,G0,160.0,0.98,0.0003432203786753,100
12,M3ABL_R12,0.975,G0,165.0,0.99,0.0003432203786753,100
12,M3ABL_R12,0.975,G0,170.0,1.0,0.0003432203786753,100
12,M3ABL_R12,0.975,G0,175.0,1.0,0.0003432203786753,100
12,M3ABL_R12,0.975,G0,180.0,1.0,0.0003432203786753,100
12,M3ABL_R12,0.975,G0,185.0,1.0,0.0003432203786753,100
12,M3ABL_R12,0.975,G0,190.0,1.0,0.0003432203786753,100
12,M3ABL_R12,0.975,G0,195.0,1.0,0.0003432203786753,100
12,M3ABL_R12,0.975,G0,200.0,1.0,0.0003432203786753,100
12,M3ABL_R12,0.975,G0,205.0,1.0,0.0003432203786753,100
12,M3ABL_R12,0.975,G0,210.0,1.0,0.0003432203786753,100
12,M3ABL_R12,0.975,G0,215.0,1.0,0.0003432203786753,100
12,M3ABL_R12,0.975,G0,220.0,1.0,0.0003432203786753,100
12,M3ABL_R12,0.975,G0,225.0,1.0,0.0003432203786753,100
12,M3ABL_R12,0.975,G0,230.0,1.0,0.0003432203786753,100
12,M3ABL_R12,0.975,G0,235.0,1.0,0.0003432203786753,100
12,M3ABL_R12,0.975,G0,240.0,1.0,0.0003432203786753,100
12,M3ABL_R12,0.975,G1,60.0,0.89,0.0003432203786753,100
12,M3ABL_R12,0.975,G1,65.0,0.91,0.0003432203786753,100
12,M3ABL_R12,0.975,G1,70.0,0.87,0.0003432203786753,100
12,M3ABL_R12,0.975,G1,75.0,0.88,0.0003432203786753,100
12,M3ABL_R12,0.975,G1,80.0,0.88,0.0003432203786753,100
12,M3ABL_R12,0.975,G1,85.0,0.88,0.0003432203786753,100
12,M3ABL_R12,0.975,G1,90.0,0.88,0.0003432203786753,100
12,M3ABL_R12,0.975,G1,95.0,0.88,0.0003432203786753,100
12,M3ABL_R12,0.975,G1,100.0,0.9,0.0003432203786753,100
12,M3ABL_R12,0.975,G1,105.0,0.89,0.0003432203786753,100
12,M3ABL_R12,0.975,G1,110.0,0.88,0.0003432203786753,100
12,M3ABL_R12,0.975,G1,115.0,0.87,0.0003432203786753,100
12,M3ABL_R12,0.975,G1,120.0,0.87,0.0003432203786753,100
12,M3ABL_R12,0.975,G1,125.0,0.87,0.0003432203786753,100
12,M3ABL_R12,0.975,G1,130.0,0.89,0.0003432203786753,100
12,M3ABL_R12,0.975,G1,135.0,0.89,0.0003432203786753,100
12,M3ABL_R12,0.975,G1,140.0,0.9,0.0003432203786753,100
12,M3ABL_R12,0.975,G1,145.0,0.92,0.0003432203786753,100
12,M3ABL_R12,0.975,G1,150.0,0.92,0.0003432203786753,100
12,M3ABL_R12,0.975,G1,155.0,0.92,0.0003432203786753,100
12,M3ABL_R12,0.975,G1,160.0,0.92,0.0003432203786753,100
12,M3ABL_R12,0.975,G1,165.0,0.91,0.0003432203786753,100
12,M3ABL_R12,0.975,G1,170.0,0.94,0.0003432203786753,100
12,M3ABL_R12,0.975,G1,175.0,0.94,0.0003432203786753,100
12,M3ABL_R12,0.975,G1,180.0,0.93,0.0003432203786753,100
12,M3ABL_R12,0.975,G1,185.0,0.93,0.0003432203786753,100
12,M3ABL_R12,0.975,G1,190.0,0.92,0.0003432203786753,100
12,M3ABL_R12,0.975,G1,195.0,0.92,0.0003432203786753,100
12,M3ABL_R12,0.975,G1,200.0,0.92,0.0003432203786753,100
12,M3ABL_R12,0.975,G1,205.0,0.93,0.0003432203786753,100
12,M3ABL_R12,0.975,G1,210.0,0.94,0.0003432203786753,100
12,M3ABL_R12,0.975,G1,215.0,0.94,0.0003432203786753,100
12,M3ABL_R12,0.975,G1,220.0,0.94,0.0003432203786753,100
12,M3ABL_R12,0.975,G1,225.0,0.95,0.0003432203786753,100
12,M3ABL_R12,0.975,G1,230.0,0.95,0.0003432203786753,100
12,M3ABL_R12,0.975,G1,235.0,0.94,0.0003432203786753,100
12,M3ABL_R12,0.975,G1,240.0,0.94,0.0003432203786753,100
12,M3ABL_R12,0.975,G2,60.0,0.71,0.0003432203786753,100
12,M3ABL_R12,0.975,G2,65.0,0.75,0.0003432203786753,100
12,M3ABL_R12,0.975,G2,70.0,0.73,0.0003432203786753,100
12,M3ABL_R12,0.975,G2,75.0,0.74,0.0003432203786753,100
12,M3ABL_R12,0.975,G2,80.0,0.73,0.0003432203786753,100
12,M3ABL_R12,0.975,G2,85.0,0.73,0.0003432203786753,100
12,M3ABL_R12,0.975,G2,90.0,0.73,0.0003432203786753,100
12,M3ABL_R12,0.975,G2,95.0,0.71,0.0003432203786753,100
12,M3ABL_R12,0.975,G2,100.0,0.72,0.0003432203786753,100
12,M3ABL_R12,0.975,G2,105.0,0.72,0.0003432203786753,100
12,M3ABL_R12,0.975,G2,110.0,0.66,0.0003432203786753,100
12,M3ABL_R12,0.975,G2,115.0,0.7,0.0003432203786753,100
12,M3ABL_R12,0.975,G2,120.0,0.7,0.0003432203786753,100
12,M3ABL_R12,0.975,G2,125.0,0.71,0.0003432203786753,100
12,M3ABL_R12,0.975,G2,130.0,0.73,0.0003432203786753,100
12,M3ABL_R12,0.975,G2,135.0,0.72,0.0003432203786753,100
12,M3ABL_R12,0.975,G2,140.0,0.71,0.0003432203786753,100
12,M3ABL_R12,0.975,G2,145.0,0.73,0.0003432203786753,100
12,M3ABL_R12,0.975,G2,150.0,0.72,0.0003432203786753,100
12,M3ABL_R12,0.975,G2,155.0,0.73,0.0003432203786753,100
12,M3ABL_R12,0.975,G2,160.0,0.71,0.0003432203786753,100
12,M3ABL_R12,0.975,G2,165.0,0.73,0.0003432203786753,100
12,M3ABL_R12,0.975,G2,170.0,0.74,0.0003432203786753,100
12,M3ABL_R12,0.975,G2,175.0,0.7,0.0003432203786753,100
12,M3ABL_R12,0.975,G2,180.0,0.71,0.0003432203786753,100
12,M3ABL_R12,0.975,G2,185.0,0.72,0.0003432203786753,100
12,M3ABL_R12,0.975,G2,190.0,0.7,0.0003432203786753,100
12,M3ABL_R12,0.975,G2,195.0,0.71,0.0003432203786753,100
12,M3ABL_R12,0.975,G2,200.0,0.69,0.0003432203786753,100
12,M3ABL_R12,0.975,G2,205.0,0.7,0.0003432203786753,100
12,M3ABL_R12,0.975,G2,210.0,0.71,0.0003432203786753,100
12,M3ABL_R12,0.975,G2,215.0,0.69,0.0003432203786753,100
12,M3ABL_R12,0.975,G2,220.0,0.69,0.0003432203786753,100
12,M3ABL_R12,0.975,G2,225.0,0.69,0.0003432203786753,100
12,M3ABL_R12,0.975,G2,230.0,0.64,0.0003432203786753,100
12,M3ABL_R12,0.975,G2,235.0,0.64,0.0003432203786753,100
12,M3ABL_R12,0.975,G2,240.0,0.64,0.0003432203786753,100
12,M3ABL_R12,0.9833333333333332,G0,60.0,0.99,0.0003432203786753,100
12,M3ABL_R12,0.9833333333333332,G0,65.0,1.0,0.0003432203786753,100
12,M3ABL_R12,0.9833333333333332,G0,70.0,0.98,0.0003432203786753,100
12,M3ABL_R12,0.9833333333333332,G0,75.0,0.99,0.0003432203786753,100
12,M3ABL_R12,0.9833333333333332,G0,80.0,0.99,0.0003432203786753,100
12,M3ABL_R12,0.9833333333333332,G0,85.0,0.99,0.0003432203786753,100
12,M3ABL_R12,0.9833333333333332,G0,90.0,0.98,0.0003432203786753,100
12,M3ABL_R12,0.9833333333333332,G0,95.0,0.98,0.0003432203786753,100
12,M3ABL_R12,0.9833333333333332,G0,100.0,0.99,0.0003432203786753,100
12,M3ABL_R12,0.9833333333333332,G0,105.0,0.98,0.0003432203786753,100
12,M3ABL_R12,0.9833333333333332,G0,110.0,0.98,0.0003432203786753,100
12,M3ABL_R12,0.9833333333333332,G0,115.0,0.98,0.0003432203786753,100
12,M3ABL_R12,0.9833333333333332,G0,120.0,0.98,0.0003432203786753,100
12,M3ABL_R12,0.9833333333333332,G0,125.0,0.98,0.0003432203786753,100
12,M3ABL_R12,0.9833333333333332,G0,130.0,0.98,0.0003432203786753,100
12,M3ABL_R12,0.9833333333333332,G0,135.0,0.98,0.0003432203786753,100
12,M3ABL_R12,0.9833333333333332,G0,140.0,0.98,0.0003432203786753,100
12,M3ABL_R12,0.9833333333333332,G0,145.0,0.98,0.0003432203786753,100
12,M3ABL_R12,0.9833333333333332,G0,150.0,0.98,0.0003432203786753,100
12,M3ABL_R12,0.9833333333333332,G0,155.0,0.98,0.0003432203786753,100
12,M3ABL_R12,0.9833333333333332,G0,160.0,0.98,0.0003432203786753,100
12,M3ABL_R12,0.9833333333333332,G0,165.0,0.98,0.0003432203786753,100
12,M3ABL_R12,0.9833333333333332,G0,170.0,0.98,0.0003432203786753,100
12,M3ABL_R12,0.9833333333333332,G0,175.0,0.98,0.0003432203786753,100
12,M3ABL_R12,0.9833333333333332,G0,180.0,0.98,0.0003432203786753,100
12,M3ABL_R12,0.9833333333333332,G0,185.0,1.0,0.0003432203786753,100
12,M3ABL_R12,0.9833333333333332,G0,190.0,0.99,0.0003432203786753,100
12,M3ABL_R12,0.9833333333333332,G0,195.0,0.99,0.0003432203786753,100
12,M3ABL_R12,0.9833333333333332,G0,200.0,0.99,0.0003432203786753,100
12,M3ABL_R12,0.9833333333333332,G0,205.0,0.99,0.0003432203786753,100
12,M3ABL_R12,0.9833333333333332,G0,210.0,0.99,0.0003432203786753,100
12,M3ABL_R12,0.9833333333333332,G0,215.0,0.99,0.0003432203786753,100
12,M3ABL_R12,0.9833333333333332,G0,220.0,0.99,0.0003432203786753,100
12,M3ABL_R12,0.9833333333333332,G0,225.0,0.99,0.0003432203786753,100
12,M3ABL_R12,0.9833333333333332,G0,230.0,1.0,0.0003432203786753,100
12,M3ABL_R12,0.9833333333333332,G0,235.0,1.0,0.0003432203786753,100
12,M3ABL_R12,0.9833333333333332,G0,240.0,1.0,0.0003432203786753,100
12,M3ABL_R12,0.9833333333333332,G1,60.0,0.9,0.0003432203786753,100
12,M3ABL_R12,0.9833333333333332,G1,65.0,0.91,0.0003432203786753,100
12,M3ABL_R12,0.9833333333333332,G1,70.0,0.87,0.0003432203786753,100
12,M3ABL_R12,0.9833333333333332,G1,75.0,0.89,0.0003432203786753,100
12,M3ABL_R12,0.9833333333333332,G1,80.0,0.88,0.0003432203786753,100
12,M3ABL_R12,0.9833333333333332,G1,85.0,0.89,0.0003432203786753,100
12,M3ABL_R12,0.9833333333333332,G1,90.0,0.88,0.0003432203786753,100
12,M3ABL_R12,0.9833333333333332,G1,95.0,0.88,0.0003432203786753,100
12,M3ABL_R12,0.9833333333333332,G1,100.0,0.9,0.0003432203786753,100
12,M3ABL_R12,0.9833333333333332,G1,105.0,0.89,0.0003432203786753,100
12,M3ABL_R12,0.9833333333333332,G1,110.0,0.89,0.0003432203786753,100
12,M3ABL_R12,0.9833333333333332,G1,115.0,0.88,0.0003432203786753,100
12,M3ABL_R12,0.9833333333333332,G1,120.0,0.88,0.0003432203786753,100
12,M3ABL_R12,0.9833333333333332,G1,125.0,0.88,0.0003432203786753,100
12,M3ABL_R12,0.9833333333333332,G1,130.0,0.88,0.0003432203786753,100
12,M3ABL_R12,0.9833333333333332,G1,135.0,0.88,0.0003432203786753,100
12,M3ABL_R12,0.9833333333333332,G1,140.0,0.88,0.0003432203786753,100
12,M3ABL_R12,0.9833333333333332,G1,145.0,0.89,0.0003432203786753,100
12,M3ABL_R12,0.9833333333333332,G1,150.0,0.89,0.0003432203786753,100
12,M3ABL_R12,0.9833333333333332,G1,155.0,0.89,0.0003432203786753,100
12,M3ABL_R12,0.9833333333333332,G1,160.0,0.91,0.0003432203786753,100
12,M3ABL_R12,0.9833333333333332,G1,165.0,0.91,0.0003432203786753,100
12,M3ABL_R12,0.9833333333333332,G1,170.0,0.94,0.0003432203786753,100
12,M3ABL_R12,0.9833333333333332,G1,175.0,0.92,0.0003432203786753,100
12,M3ABL_R12,0.9833333333333332,G1,180.0,0.91,0.0003432203786753,100
12,M3ABL_R12,0.9833333333333332,G1,185.0,0.91,0.0003432203786753,100
12,M3ABL_R12,0.9833333333333332,G1,190.0,0.9,0.0003432203786753,100
12,M3ABL_R12,0.9833333333333332,G1,195.0,0.91,0.0003432203786753,100
12,M3ABL_R12,0.9833333333333332,G1,200.0,0.91,0.0003432203786753,100
12,M3ABL_R12,0.9833333333333332,G1,205.0,0.9,0.0003432203786753,100
12,M3ABL_R12,0.9833333333333332,G1,210.0,0.9,0.0003432203786753,100
12,M3ABL_R12,0.9833333333333332,G1,215.0,0.9,0.0003432203786753,100
12,M3ABL_R12,0.9833333333333332,G1,220.0,0.91,0.0003432203786753,100
12,M3ABL_R12,0.9833333333333332,G1,225.0,0.91,0.0003432203786753,100
12,M3ABL_R12,0.9833333333333332,G1,230.0,0.93,0.0003432203786753,100
12,M3ABL_R12,0.9833333333333332,G1,235.0,0.92,0.0003432203786753,100
12,M3ABL_R12,0.9833333333333332,G1,240.0,0.91,0.0003432203786753,100
12,M3ABL_R12,0.9833333333333332,G2,60.0,0.68,0.0003432203786753,100
12,M3ABL_R12,0.9833333333333332,G2,65.0,0.73,0.0003432203786753,100
12,M3ABL_R12,0.9833333333333332,G2,70.0,0.7,0.0003432203786753,100
12,M3ABL_R12,0.9833333333333332,G2,75.0,0.75,0.0003432203786753,100
12,M3ABL_R12,0.9833333333333332,G2,80.0,0.74,0.0003432203786753,100
12,M3ABL_R12,0.9833333333333332,G2,85.0,0.74,0.0003432203786753,100
12,M3ABL_R12,0.9833333333333332,G2,90.0,0.71,0.0003432203786753,100
12,M3ABL_R12,0.9833333333333332,G2,95.0,0.7,0.0003432203786753,100
12,M3ABL_R12,0.9833333333333332,G2,100.0,0.71,0.0003432203786753,100
12,M3ABL_R12,0.9833333333333332,G2,105.0,0.67,0.0003432203786753,100
12,M3ABL_R12,0.9833333333333332,G2,110.0,0.69,0.0003432203786753,100
12,M3ABL_R12,0.9833333333333332,G2,115.0,0.69,0.0003432203786753,100
12,M3ABL_R12,0.9833333333333332,G2,120.0,0.68,0.0003432203786753,100
12,M3ABL_R12,0.9833333333333332,G2,125.0,0.7,0.0003432203786753,100
12,M3ABL_R12,0.9833333333333332,G2,130.0,0.66,0.0003432203786753,100
12,M3ABL_R12,0.9833333333333332,G2,135.0,0.7,0.0003432203786753,100
12,M3ABL_R12,0.9833333333333332,G2,140.0,0.68,0.0003432203786753,100
12,M3ABL_R12,0.9833333333333332,G2,145.0,0.69,0.0003432203786753,100
12,M3ABL_R12,0.9833333333333332,G2,150.0,0.69,0.0003432203786753,100
12,M3ABL_R12,0.9833333333333332,G2,155.0,0.68,0.0003432203786753,100
12,M3ABL_R12,0.9833333333333332,G2,160.0,0.73,0.0003432203786753,100
12,M3ABL_R12,0.9833333333333332,G2,165.0,0.72,0.0003432203786753,100
12,M3ABL_R12,0.9833333333333332,G2,170.0,0.71,0.0003432203786753,100
12,M3ABL_R12,0.9833333333333332,G2,175.0,0.68,0.0003432203786753,100
12,M3ABL_R12,0.9833333333333332,G2,180.0,0.67,0.0003432203786753,100
12,M3ABL_R12,0.9833333333333332,G2,185.0,0.69,0.0003432203786753,100
12,M3ABL_R12,0.9833333333333332,G2,190.0,0.67,0.0003432203786753,100
12,M3ABL_R12,0.9833333333333332,G2,195.0,0.7,0.0003432203786753,100
12,M3ABL_R12,0.9833333333333332,G2,200.0,0.66,0.0003432203786753,100
12,M3ABL_R12,0.9833333333333332,G2,205.0,0.7,0.0003432203786753,100
12,M3ABL_R12,0.9833333333333332,G2,210.0,0.69,0.0003432203786753,100
12,M3ABL_R12,0.9833333333333332,G2,215.0,0.68,0.0003432203786753,100
12,M3ABL_R12,0.9833333333333332,G2,220.0,0.69,0.0003432203786753,100
12,M3ABL_R12,0.9833333333333332,G2,225.0,0.66,0.0003432203786753,100
12,M3ABL_R12,0.9833333333333332,G2,230.0,0.64,0.0003432203786753,100
12,M3ABL_R12,0.9833333333333332,G2,235.0,0.64,0.0003432203786753,100
12,M3ABL_R12,0.9833333333333332,G2,240.0,0.63,0.0003432203786753,100
12,M3ABL_R12,0.99,G0,60.0,0.99,0.0003432203786753,100
12,M3ABL_R12,0.99,G0,65.0,1.0,0.0003432203786753,100
12,M3ABL_R12,0.99,G0,70.0,0.98,0.0003432203786753,100
12,M3ABL_R12,0.99,G0,75.0,0.98,0.0003432203786753,100
12,M3ABL_R12,0.99,G0,80.0,0.98,0.0003432203786753,100
12,M3ABL_R12,0.99,G0,85.0,0.99,0.0003432203786753,100
12,M3ABL_R12,0.99,G0,90.0,0.99,0.0003432203786753,100
12,M3ABL_R12,0.99,G0,95.0,0.99,0.0003432203786753,100
12,M3ABL_R12,0.99,G0,100.0,0.99,0.0003432203786753,100
12,M3ABL_R12,0.99,G0,105.0,0.98,0.0003432203786753,100
12,M3ABL_R12,0.99,G0,110.0,0.98,0.0003432203786753,100
12,M3ABL_R12,0.99,G0,115.0,0.98,0.0003432203786753,100
12,M3ABL_R12,0.99,G0,120.0,0.98,0.0003432203786753,100
12,M3ABL_R12,0.99,G0,125.0,0.98,0.0003432203786753,100
12,M3ABL_R12,0.99,G0,130.0,0.98,0.0003432203786753,100
12,M3ABL_R12,0.99,G0,135.0,0.98,0.0003432203786753,100
12,M3ABL_R12,0.99,G0,140.0,0.98,0.0003432203786753,100
12,M3ABL_R12,0.99,G0,145.0,0.98,0.0003432203786753,100
12,M3ABL_R12,0.99,G0,150.0,0.98,0.0003432203786753,100
12,M3ABL_R12,0.99,G0,155.0,0.98,0.0003432203786753,100
12,M3ABL_R12,0.99,G0,160.0,0.98,0.0003432203786753,100
12,M3ABL_R12,0.99,G0,165.0,0.98,0.0003432203786753,100
12,M3ABL_R12,0.99,G0,170.0,0.98,0.0003432203786753,100
12,M3ABL_R12,0.99,G0,175.0,0.98,0.0003432203786753,100
12,M3ABL_R12,0.99,G0,180.0,0.98,0.0003432203786753,100
12,M3ABL_R12,0.99,G0,185.0,0.98,0.0003432203786753,100
12,M3ABL_R12,0.99,G0,190.0,0.97,0.0003432203786753,100
12,M3ABL_R12,0.99,G0,195.0,0.97,0.0003432203786753,100
12,M3ABL_R12,0.99,G0,200.0,0.97,0.0003432203786753,100
12,M3ABL_R12,0.99,G0,205.0,0.98,0.0003432203786753,100
12,M3ABL_R12,0.99,G0,210.0,0.98,0.0003432203786753,100
12,M3ABL_R12,0.99,G0,215.0,0.98,0.0003432203786753,100
12,M3ABL_R12,0.99,G0,220.0,0.98,0.0003432203786753,100
12,M3ABL_R12,0.99,G0,225.0,0.98,0.0003432203786753,100
12,M3ABL_R12,0.99,G0,230.0,0.98,0.0003432203786753,100
12,M3ABL_R12,0.99,G0,235.0,0.98,0.0003432203786753,100
12,M3ABL_R12,0.99,G0,240.0,0.98,0.0003432203786753,100
12,M3ABL_R12,0.99,G1,60.0,0.92,0.0003432203786753,100
12,M3ABL_R12,0.99,G1,65.0,0.93,0.0003432203786753,100
12,M3ABL_R12,0.99,G1,70.0,0.9,0.0003432203786753,100
12,M3ABL_R12,0.99,G1,75.0,0.9,0.0003432203786753,100
12,M3ABL_R12,0.99,G1,80.0,0.89,0.0003432203786753,100
12,M3ABL_R12,0.99,G1,85.0,0.91,0.0003432203786753,100
12,M3ABL_R12,0.99,G1,90.0,0.9,0.0003432203786753,100
12,M3ABL_R12,0.99,G1,95.0,0.9,0.0003432203786753,100
12,M3ABL_R12,0.99,G1,100.0,0.89,0.0003432203786753,100
12,M3ABL_R12,0.99,G1,105.0,0.9,0.0003432203786753,100
12,M3ABL_R12,0.99,G1,110.0,0.88,0.0003432203786753,100
12,M3ABL_R12,0.99,G1,115.0,0.87,0.0003432203786753,100
12,M3ABL_R12,0.99,G1,120.0,0.87,0.0003432203786753,100
12,M3ABL_R12,0.99,G1,125.0,0.89,0.0003432203786753,100
12,M3ABL_R12,0.99,G1,130.0,0.89,0.0003432203786753,100
12,M3ABL_R12,0.99,G1,135.0,0.89,0.0003432203786753,100
12,M3ABL_R12,0.99,G1,140.0,0.89,0.0003432203786753,100
12,M3ABL_R12,0.99,G1,145.0,0.91,0.0003432203786753,100
12,M3ABL_R12,0.99,G1,150.0,0.91,0.0003432203786753,100
12,M3ABL_R12,0.99,G1,155.0,0.91,0.0003432203786753,100
12,M3ABL_R12,0.99,G1,160.0,0.91,0.0003432203786753,100
12,M3ABL_R12,0.99,G1,165.0,0.92,0.0003432203786753,100
12,M3ABL_R12,0.99,G1,170.0,0.92,0.0003432203786753,100
12,M3ABL_R12,0.99,G1,175.0,0.91,0.0003432203786753,100
12,M3ABL_R12,0.99,G1,180.0,0.91,0.0003432203786753,100
12,M3ABL_R12,0.99,G1,185.0,0.91,0.0003432203786753,100
12,M3ABL_R12,0.99,G1,190.0,0.89,0.0003432203786753,100
12,M3ABL_R12,0.99,G1,195.0,0.89,0.0003432203786753,100
12,M3ABL_R12,0.99,G1,200.0,0.89,0.0003432203786753,100
12,M3ABL_R12,0.99,G1,205.0,0.92,0.0003432203786753,100
12,M3ABL_R12,0.99,G1,210.0,0.92,0.0003432203786753,100
12,M3ABL_R12,0.99,G1,215.0,0.92,0.0003432203786753,100
12,M3ABL_R12,0.99,G1,220.0,0.91,0.0003432203786753,100
12,M3ABL_R12,0.99,G1,225.0,0.93,0.0003432203786753,100
12,M3ABL_R12,0.99,G1,230.0,0.93,0.0003432203786753,100
12,M3ABL_R12,0.99,G1,235.0,0.91,0.0003432203786753,100
12,M3ABL_R12,0.99,G1,240.0,0.9,0.0003432203786753,100
12,M3ABL_R12,0.99,G2,60.0,0.67,0.0003432203786753,100
12,M3ABL_R12,0.99,G2,65.0,0.76,0.0003432203786753,100
12,M3ABL_R12,0.99,G2,70.0,0.74,0.0003432203786753,100
12,M3ABL_R12,0.99,G2,75.0,0.73,0.0003432203786753,100
12,M3ABL_R12,0.99,G2,80.0,0.71,0.0003432203786753,100
12,M3ABL_R12,0.99,G2,85.0,0.75,0.0003432203786753,100
12,M3ABL_R12,0.99,G2,90.0,0.74,0.0003432203786753,100
12,M3ABL_R12,0.99,G2,95.0,0.72,0.0003432203786753,100
12,M3ABL_R12,0.99,G2,100.0,0.68,0.0003432203786753,100
12,M3ABL_R12,0.99,G2,105.0,0.73,0.0003432203786753,100
12,M3ABL_R12,0.99,G2,110.0,0.69,0.0003432203786753,100
12,M3ABL_R12,0.99,G2,115.0,0.68,0.0003432203786753,100
12,M3ABL_R12,0.99,G2,120.0,0.66,0.0003432203786753,100
12,M3ABL_R12,0.99,G2,125.0,0.69,0.0003432203786753,100
12,M3ABL_R12,0.99,G2,130.0,0.66,0.0003432203786753,100
12,M3ABL_R12,0.99,G2,135.0,0.66,0.0003432203786753,100
12,M3ABL_R12,0.99,G2,140.0,0.64,0.0003432203786753,100
12,M3ABL_R12,0.99,G2,145.0,0.68,0.0003432203786753,100
12,M3ABL_R12,0.99,G2,150.0,0.68,0.0003432203786753,100
12,M3ABL_R12,0.99,G2,155.0,0.68,0.0003432203786753,100
12,M3ABL_R12,0.99,G2,160.0,0.67,0.0003432203786753,100
12,M3ABL_R12,0.99,G2,165.0,0.71,0.0003432203786753,100
12,M3ABL_R12,0.99,G2,170.0,0.7,0.0003432203786753,100
12,M3ABL_R12,0.99,G2,175.0,0.67,0.0003432203786753,100
12,M3ABL_R12,0.99,G2,180.0,0.66,0.0003432203786753,100
12,M3ABL_R12,0.99,G2,185.0,0.68,0.0003432203786753,100
12,M3ABL_R12,0.99,G2,190.0,0.66,0.0003432203786753,100
12,M3ABL_R12,0.99,G2,195.0,0.65,0.0003432203786753,100
12,M3ABL_R12,0.99,G2,200.0,0.64,0.0003432203786753,100
12,M3ABL_R12,0.99,G2,205.0,0.67,0.0003432203786753,100
12,M3ABL_R12,0.99,G2,210.0,0.66,0.0003432203786753,100
12,M3ABL_R12,0.99,G2,215.0,0.64,0.0003432203786753,100
12,M3ABL_R12,0.99,G2,220.0,0.63,0.0003432203786753,100
12,M3ABL_R12,0.99,G2,225.0,0.64,0.0003432203786753,100
12,M3ABL_R12,0.99,G2,230.0,0.61,0.0003432203786753,100
12,M3ABL_R12,0.99,G2,235.0,0.61,0.0003432203786753,100
12,M3ABL_R12,0.99,G2,240.0,0.6,0.0003432203786753,100
12,M3ABL_R12,0.995,G0,60.0,1.0,0.0003432203786753,100
12,M3ABL_R12,0.995,G0,65.0,1.0,0.0003432203786753,100
12,M3ABL_R12,0.995,G0,70.0,0.98,0.0003432203786753,100
12,M3ABL_R12,0.995,G0,75.0,0.98,0.0003432203786753,100
12,M3ABL_R12,0.995,G0,80.0,0.98,0.0003432203786753,100
12,M3ABL_R12,0.995,G0,85.0,0.99,0.0003432203786753,100
12,M3ABL_R12,0.995,G0,90.0,0.99,0.0003432203786753,100
12,M3ABL_R12,0.995,G0,95.0,0.99,0.0003432203786753,100
12,M3ABL_R12,0.995,G0,100.0,0.99,0.0003432203786753,100
12,M3ABL_R12,0.995,G0,105.0,0.98,0.0003432203786753,100
12,M3ABL_R12,0.995,G0,110.0,0.98,0.0003432203786753,100
12,M3ABL_R12,0.995,G0,115.0,0.98,0.0003432203786753,100
12,M3ABL_R12,0.995,G0,120.0,0.98,0.0003432203786753,100
12,M3ABL_R12,0.995,G0,125.0,0.98,0.0003432203786753,100
12,M3ABL_R12,0.995,G0,130.0,0.98,0.0003432203786753,100
12,M3ABL_R12,0.995,G0,135.0,0.98,0.0003432203786753,100
12,M3ABL_R12,0.995,G0,140.0,0.98,0.0003432203786753,100
12,M3ABL_R12,0.995,G0,145.0,0.98,0.0003432203786753,100
12,M3ABL_R12,0.995,G0,150.0,0.98,0.0003432203786753,100
12,M3ABL_R12,0.995,G0,155.0,0.98,0.0003432203786753,100
12,M3ABL_R12,0.995,G0,160.0,0.98,0.0003432203786753,100
12,M3ABL_R12,0.995,G0,165.0,0.99,0.0003432203786753,100
12,M3ABL_R12,0.995,G0,170.0,0.99,0.0003432203786753,100
12,M3ABL_R12,0.995,G0,175.0,0.99,0.0003432203786753,100
12,M3ABL_R12,0.995,G0,180.0,0.99,0.0003432203786753,100
12,M3ABL_R12,0.995,G0,185.0,0.99,0.0003432203786753,100
12,M3ABL_R12,0.995,G0,190.0,0.98,0.0003432203786753,100
12,M3ABL_R12,0.995,G0,195.0,0.98,0.0003432203786753,100
12,M3ABL_R12,0.995,G0,200.0,0.98,0.0003432203786753,100
12,M3ABL_R12,0.995,G0,205.0,0.98,0.0003432203786753,100
12,M3ABL_R12,0.995,G0,210.0,0.98,0.0003432203786753,100
12,M3ABL_R12,0.995,G0,215.0,0.98,0.0003432203786753,100
12,M3ABL_R12,0.995,G0,220.0,0.98,0.0003432203786753,100
12,M3ABL_R12,0.995,G0,225.0,0.98,0.0003432203786753,100
12,M3ABL_R12,0.995,G0,230.0,0.98,0.0003432203786753,100
12,M3ABL_R12,0.995,G0,235.0,0.98,0.0003432203786753,100
12,M3ABL_R12,0.995,G0,240.0,0.98,0.0003432203786753,100
12,M3ABL_R12,0.995,G1,60.0,0.93,0.0003432203786753,100
12,M3ABL_R12,0.995,G1,65.0,0.93,0.0003432203786753,100
12,M3ABL_R12,0.995,G1,70.0,0.9,0.0003432203786753,100
12,M3ABL_R12,0.995,G1,75.0,0.9,0.0003432203786753,100
12,M3ABL_R12,0.995,G1,80.0,0.9,0.0003432203786753,100
12,M3ABL_R12,0.995,G1,85.0,0.9,0.0003432203786753,100
12,M3ABL_R12,0.995,G1,90.0,0.89,0.0003432203786753,100
12,M3ABL_R12,0.995,G1,95.0,0.89,0.0003432203786753,100
12,M3ABL_R12,0.995,G1,100.0,0.88,0.0003432203786753,100
12,M3ABL_R12,0.995,G1,105.0,0.87,0.0003432203786753,100
12,M3ABL_R12,0.995,G1,110.0,0.85,0.0003432203786753,100
12,M3ABL_R12,0.995,G1,115.0,0.84,0.0003432203786753,100
12,M3ABL_R12,0.995,G1,120.0,0.84,0.0003432203786753,100
12,M3ABL_R12,0.995,G1,125.0,0.86,0.0003432203786753,100
12,M3ABL_R12,0.995,G1,130.0,0.86,0.0003432203786753,100
12,M3ABL_R12,0.995,G1,135.0,0.86,0.0003432203786753,100
12,M3ABL_R12,0.995,G1,140.0,0.86,0.0003432203786753,100
12,M3ABL_R12,0.995,G1,145.0,0.86,0.0003432203786753,100
12,M3ABL_R12,0.995,G1,150.0,0.86,0.0003432203786753,100
12,M3ABL_R12,0.995,G1,155.0,0.86,0.0003432203786753,100
12,M3ABL_R12,0.995,G1,160.0,0.85,0.0003432203786753,100
12,M3ABL_R12,0.995,G1,165.0,0.87,0.0003432203786753,100
12,M3ABL_R12,0.995,G1,170.0,0.87,0.0003432203786753,100
12,M3ABL_R12,0.995,G1,175.0,0.86,0.0003432203786753,100
12,M3ABL_R12,0.995,G1,180.0,0.85,0.0003432203786753,100
12,M3ABL_R12,0.995,G1,185.0,0.85,0.0003432203786753,100
12,M3ABL_R12,0.995,G1,190.0,0.84,0.0003432203786753,100
12,M3ABL_R12,0.995,G1,195.0,0.84,0.0003432203786753,100
12,M3ABL_R12,0.995,G1,200.0,0.83,0.0003432203786753,100
12,M3ABL_R12,0.995,G1,205.0,0.87,0.0003432203786753,100
12,M3ABL_R12,0.995,G1,210.0,0.87,0.0003432203786753,100
12,M3ABL_R12,0.995,G1,215.0,0.87,0.0003432203786753,100
12,M3ABL_R12,0.995,G1,220.0,0.87,0.0003432203786753,100
12,M3ABL_R12,0.995,G1,225.0,0.87,0.0003432203786753,100
12,M3ABL_R12,0.995,G1,230.0,0.86,0.0003432203786753,100
12,M3ABL_R12,0.995,G1,235.0,0.86,0.0003432203786753,100
12,M3ABL_R12,0.995,G1,240.0,0.85,0.0003432203786753,100
12,M3ABL_R12,0.995,G2,60.0,0.71,0.0003432203786753,100
12,M3ABL_R12,0.995,G2,65.0,0.7,0.0003432203786753,100
12,M3ABL_R12,0.995,G2,70.0,0.65,0.0003432203786753,100
12,M3ABL_R12,0.995,G2,75.0,0.63,0.0003432203786753,100
12,M3ABL_R12,0.995,G2,80.0,0.63,0.0003432203786753,100
12,M3ABL_R12,0.995,G2,85.0,0.7,0.0003432203786753,100
12,M3ABL_R12,0.995,G2,90.0,0.69,0.0003432203786753,100
12,M3ABL_R12,0.995,G2,95.0,0.68,0.0003432203786753,100
12,M3ABL_R12,0.995,G2,100.0,0.64,0.0003432203786753,100
12,M3ABL_R12,0.995,G2,105.0,0.62,0.0003432203786753,100
12,M3ABL_R12,0.995,G2,110.0,0.58,0.0003432203786753,100
12,M3ABL_R12,0.995,G2,115.0,0.57,0.0003432203786753,100
12,M3ABL_R12,0.995,G2,120.0,0.56,0.0003432203786753,100
12,M3ABL_R12,0.995,G2,125.0,0.64,0.0003432203786753,100
12,M3ABL_R12,0.995,G2,130.0,0.62,0.0003432203786753,100
12,M3ABL_R12,0.995,G2,135.0,0.62,0.0003432203786753,100
12,M3ABL_R12,0.995,G2,140.0,0.6,0.0003432203786753,100
12,M3ABL_R12,0.995,G2,145.0,0.58,0.0003432203786753,100
12,M3ABL_R12,0.995,G2,150.0,0.57,0.0003432203786753,100
12,M3ABL_R12,0.995,G2,155.0,0.56,0.0003432203786753,100
12,M3ABL_R12,0.995,G2,160.0,0.55,0.0003432203786753,100
12,M3ABL_R12,0.995,G2,165.0,0.66,0.0003432203786753,100
12,M3ABL_R12,0.995,G2,170.0,0.63,0.0003432203786753,100
12,M3ABL_R12,0.995,G2,175.0,0.61,0.0003432203786753,100
12,M3ABL_R12,0.995,G2,180.0,0.59,0.0003432203786753,100
12,M3ABL_R12,0.995,G2,185.0,0.58,0.0003432203786753,100
12,M3ABL_R12,0.995,G2,190.0,0.57,0.0003432203786753,100
12,M3ABL_R12,0.995,G2,195.0,0.56,0.0003432203786753,100
12,M3ABL_R12,0.995,G2,200.0,0.56,0.0003432203786753,100
12,M3ABL_R12,0.995,G2,205.0,0.59,0.0003432203786753,100
12,M3ABL_R12,0.995,G2,210.0,0.57,0.0003432203786753,100
12,M3ABL_R12,0.995,G2,215.0,0.56,0.0003432203786753,100
12,M3ABL_R12,0.995,G2,220.0,0.56,0.0003432203786753,100
12,M3ABL_R12,0.995,G2,225.0,0.56,0.0003432203786753,100
12,M3ABL_R12,0.995,G2,230.0,0.53,0.0003432203786753,100
12,M3ABL_R12,0.995,G2,235.0,0.53,0.0003432203786753,100
12,M3ABL_R12,0.995,G2,240.0,0.52,0.0003432203786753,100
13,M3ABL_R13,0.95,G0,60.0,0.96,0.0002938230818542,100
13,M3ABL_R13,0.95,G0,65.0,0.99,0.0002938230818542,100
13,M3ABL_R13,0.95,G0,70.0,0.99,0.0002938230818542,100
13,M3ABL_R13,0.95,G0,75.0,0.98,0.0002938230818542,100
13,M3ABL_R13,0.95,G0,80.0,0.98,0.0002938230818542,100
13,M3ABL_R13,0.95,G0,85.0,0.99,0.0002938230818542,100
13,M3ABL_R13,0.95,G0,90.0,0.99,0.0002938230818542,100
13,M3ABL_R13,0.95,G0,95.0,0.99,0.0002938230818542,100
13,M3ABL_R13,0.95,G0,100.0,0.99,0.0002938230818542,100
13,M3ABL_R13,0.95,G0,105.0,0.98,0.0002938230818542,100
13,M3ABL_R13,0.95,G0,110.0,0.99,0.0002938230818542,100
13,M3ABL_R13,0.95,G0,115.0,0.99,0.0002938230818542,100
13,M3ABL_R13,0.95,G0,120.0,0.99,0.0002938230818542,100
13,M3ABL_R13,0.95,G0,125.0,0.99,0.0002938230818542,100
13,M3ABL_R13,0.95,G0,130.0,0.99,0.0002938230818542,100
13,M3ABL_R13,0.95,G0,135.0,0.99,0.0002938230818542,100
13,M3ABL_R13,0.95,G0,140.0,0.99,0.0002938230818542,100
13,M3ABL_R13,0.95,G0,145.0,1.0,0.0002938230818542,100
13,M3ABL_R13,0.95,G0,150.0,1.0,0.0002938230818542,100
13,M3ABL_R13,0.95,G0,155.0,1.0,0.0002938230818542,100
13,M3ABL_R13,0.95,G0,160.0,1.0,0.0002938230818542,100
13,M3ABL_R13,0.95,G0,165.0,1.0,0.0002938230818542,100
13,M3ABL_R13,0.95,G0,170.0,1.0,0.0002938230818542,100
13,M3ABL_R13,0.95,G0,175.0,1.0,0.0002938230818542,100
13,M3ABL_R13,0.95,G0,180.0,1.0,0.0002938230818542,100
13,M3ABL_R13,0.95,G0,185.0,1.0,0.0002938230818542,100
13,M3ABL_R13,0.95,G0,190.0,1.0,0.0002938230818542,100
13,M3ABL_R13,0.95,G0,195.0,1.0,0.0002938230818542,100
13,M3ABL_R13,0.95,G0,200.0,1.0,0.0002938230818542,100
13,M3ABL_R13,0.95,G0,205.0,1.0,0.0002938230818542,100
13,M3ABL_R13,0.95,G0,210.0,1.0,0.0002938230818542,100
13,M3ABL_R13,0.95,G0,215.0,1.0,0.0002938230818542,100
13,M3ABL_R13,0.95,G0,220.0,1.0,0.0002938230818542,100
13,M3ABL_R13,0.95,G0,225.0,1.0,0.0002938230818542,100
13,M3ABL_R13,0.95,G0,230.0,1.0,0.0002938230818542,100
13,M3ABL_R13,0.95,G0,235.0,1.0,0.0002938230818542,100
13,M3ABL_R13,0.95,G0,240.0,1.0,0.0002938230818542,100
13,M3ABL_R13,0.95,G1,60.0,0.88,0.0002938230818542,100
13,M3ABL_R13,0.95,G1,65.0,0.89,0.0002938230818542,100
13,M3ABL_R13,0.95,G1,70.0,0.88,0.0002938230818542,100
13,M3ABL_R13,0.95,G1,75.0,0.87,0.0002938230818542,100
13,M3ABL_R13,0.95,G1,80.0,0.88,0.0002938230818542,100
13,M3ABL_R13,0.95,G1,85.0,0.89,0.0002938230818542,100
13,M3ABL_R13,0.95,G1,90.0,0.88,0.0002938230818542,100
13,M3ABL_R13,0.95,G1,95.0,0.88,0.0002938230818542,100
13,M3ABL_R13,0.95,G1,100.0,0.89,0.0002938230818542,100
13,M3ABL_R13,0.95,G1,105.0,0.91,0.0002938230818542,100
13,M3ABL_R13,0.95,G1,110.0,0.9,0.0002938230818542,100
13,M3ABL_R13,0.95,G1,115.0,0.89,0.0002938230818542,100
13,M3ABL_R13,0.95,G1,120.0,0.89,0.0002938230818542,100
13,M3ABL_R13,0.95,G1,125.0,0.89,0.0002938230818542,100
13,M3ABL_R13,0.95,G1,130.0,0.89,0.0002938230818542,100
13,M3ABL_R13,0.95,G1,135.0,0.89,0.0002938230818542,100
13,M3ABL_R13,0.95,G1,140.0,0.89,0.0002938230818542,100
13,M3ABL_R13,0.95,G1,145.0,0.9,0.0002938230818542,100
13,M3ABL_R13,0.95,G1,150.0,0.91,0.0002938230818542,100
13,M3ABL_R13,0.95,G1,155.0,0.91,0.0002938230818542,100
13,M3ABL_R13,0.95,G1,160.0,0.92,0.0002938230818542,100
13,M3ABL_R13,0.95,G1,165.0,0.91,0.0002938230818542,100
13,M3ABL_R13,0.95,G1,170.0,0.92,0.0002938230818542,100
13,M3ABL_R13,0.95,G1,175.0,0.92,0.0002938230818542,100
13,M3ABL_R13,0.95,G1,180.0,0.92,0.0002938230818542,100
13,M3ABL_R13,0.95,G1,185.0,0.92,0.0002938230818542,100
13,M3ABL_R13,0.95,G1,190.0,0.94,0.0002938230818542,100
13,M3ABL_R13,0.95,G1,195.0,0.95,0.0002938230818542,100
13,M3ABL_R13,0.95,G1,200.0,0.96,0.0002938230818542,100
13,M3ABL_R13,0.95,G1,205.0,0.97,0.0002938230818542,100
13,M3ABL_R13,0.95,G1,210.0,0.96,0.0002938230818542,100
13,M3ABL_R13,0.95,G1,215.0,0.96,0.0002938230818542,100
13,M3ABL_R13,0.95,G1,220.0,0.96,0.0002938230818542,100
13,M3ABL_R13,0.95,G1,225.0,0.96,0.0002938230818542,100
13,M3ABL_R13,0.95,G1,230.0,0.96,0.0002938230818542,100
13,M3ABL_R13,0.95,G1,235.0,0.95,0.0002938230818542,100
13,M3ABL_R13,0.95,G1,240.0,0.95,0.0002938230818542,100
13,M3ABL_R13,0.95,G2,60.0,0.68,0.0002938230818542,100
13,M3ABL_R13,0.95,G2,65.0,0.68,0.0002938230818542,100
13,M3ABL_R13,0.95,G2,70.0,0.71,0.0002938230818542,100
13,M3ABL_R13,0.95,G2,75.0,0.7,0.0002938230818542,100
13,M3ABL_R13,0.95,G2,80.0,0.72,0.0002938230818542,100
13,M3ABL_R13,0.95,G2,85.0,0.73,0.0002938230818542,100
13,M3ABL_R13,0.95,G2,90.0,0.73,0.0002938230818542,100
13,M3ABL_R13,0.95,G2,95.0,0.74,0.0002938230818542,100
13,M3ABL_R13,0.95,G2,100.0,0.72,0.0002938230818542,100
13,M3ABL_R13,0.95,G2,105.0,0.74,0.0002938230818542,100
13,M3ABL_R13,0.95,G2,110.0,0.71,0.0002938230818542,100
13,M3ABL_R13,0.95,G2,115.0,0.73,0.0002938230818542,100
13,M3ABL_R13,0.95,G2,120.0,0.75,0.0002938230818542,100
13,M3ABL_R13,0.95,G2,125.0,0.75,0.0002938230818542,100
13,M3ABL_R13,0.95,G2,130.0,0.74,0.0002938230818542,100
13,M3ABL_R13,0.95,G2,135.0,0.74,0.0002938230818542,100
13,M3ABL_R13,0.95,G2,140.0,0.72,0.0002938230818542,100
13,M3ABL_R13,0.95,G2,145.0,0.72,0.0002938230818542,100
13,M3ABL_R13,0.95,G2,150.0,0.71,0.0002938230818542,100
13,M3ABL_R13,0.95,G2,155.0,0.73,0.0002938230818542,100
13,M3ABL_R13,0.95,G2,160.0,0.73,0.0002938230818542,100
13,M3ABL_R13,0.95,G2,165.0,0.75,0.0002938230818542,100
13,M3ABL_R13,0.95,G2,170.0,0.72,0.0002938230818542,100
13,M3ABL_R13,0.95,G2,175.0,0.74,0.0002938230818542,100
13,M3ABL_R13,0.95,G2,180.0,0.73,0.0002938230818542,100
13,M3ABL_R13,0.95,G2,185.0,0.74,0.0002938230818542,100
13,M3ABL_R13,0.95,G2,190.0,0.72,0.0002938230818542,100
13,M3ABL_R13,0.95,G2,195.0,0.72,0.0002938230818542,100
13,M3ABL_R13,0.95,G2,200.0,0.72,0.0002938230818542,100
13,M3ABL_R13,0.95,G2,205.0,0.73,0.0002938230818542,100
13,M3ABL_R13,0.95,G2,210.0,0.72,0.0002938230818542,100
13,M3ABL_R13,0.95,G2,215.0,0.71,0.0002938230818542,100
13,M3ABL_R13,0.95,G2,220.0,0.68,0.0002938230818542,100
13,M3ABL_R13,0.95,G2,225.0,0.68,0.0002938230818542,100
13,M3ABL_R13,0.95,G2,230.0,0.67,0.0002938230818542,100
13,M3ABL_R13,0.95,G2,235.0,0.67,0.0002938230818542,100
13,M3ABL_R13,0.95,G2,240.0,0.69,0.0002938230818542,100
13,M3ABL_R13,0.975,G0,60.0,0.99,0.0002938230818542,100
13,M3ABL_R13,0.975,G0,65.0,0.99,0.0002938230818542,100
13,M3ABL_R13,0.975,G0,70.0,0.98,0.0002938230818542,100
13,M3ABL_R13,0.975,G0,75.0,0.98,0.0002938230818542,100
13,M3ABL_R13,0.975,G0,80.0,0.98,0.0002938230818542,100
13,M3ABL_R13,0.975,G0,85.0,0.99,0.0002938230818542,100
13,M3ABL_R13,0.975,G0,90.0,0.99,0.0002938230818542,100
13,M3ABL_R13,0.975,G0,95.0,0.99,0.0002938230818542,100
13,M3ABL_R13,0.975,G0,100.0,0.99,0.0002938230818542,100
13,M3ABL_R13,0.975,G0,105.0,0.98,0.0002938230818542,100
13,M3ABL_R13,0.975,G0,110.0,0.98,0.0002938230818542,100
13,M3ABL_R13,0.975,G0,115.0,0.98,0.0002938230818542,100
13,M3ABL_R13,0.975,G0,120.0,0.98,0.0002938230818542,100
13,M3ABL_R13,0.975,G0,125.0,0.98,0.0002938230818542,100
13,M3ABL_R13,0.975,G0,130.0,0.98,0.0002938230818542,100
13,M3ABL_R13,0.975,G0,135.0,0.98,0.0002938230818542,100
13,M3ABL_R13,0.975,G0,140.0,0.98,0.0002938230818542,100
13,M3ABL_R13,0.975,G0,145.0,0.98,0.0002938230818542,100
13,M3ABL_R13,0.975,G0,150.0,0.98,0.0002938230818542,100
13,M3ABL_R13,0.975,G0,155.0,0.98,0.0002938230818542,100
13,M3ABL_R13,0.975,G0,160.0,0.98,0.0002938230818542,100
13,M3ABL_R13,0.975,G0,165.0,0.99,0.0002938230818542,100
13,M3ABL_R13,0.975,G0,170.0,1.0,0.0002938230818542,100
13,M3ABL_R13,0.975,G0,175.0,1.0,0.0002938230818542,100
13,M3ABL_R13,0.975,G0,180.0,1.0,0.0002938230818542,100
13,M3ABL_R13,0.975,G0,185.0,1.0,0.0002938230818542,100
13,M3ABL_R13,0.975,G0,190.0,1.0,0.0002938230818542,100
13,M3ABL_R13,0.975,G0,195.0,1.0,0.0002938230818542,100
13,M3ABL_R13,0.975,G0,200.0,1.0,0.0002938230818542,100
13,M3ABL_R13,0.975,G0,205.0,1.0,0.0002938230818542,100
13,M3ABL_R13,0.975,G0,210.0,1.0,0.0002938230818542,100
13,M3ABL_R13,0.975,G0,215.0,1.0,0.0002938230818542,100
13,M3ABL_R13,0.975,G0,220.0,1.0,0.0002938230818542,100
13,M3ABL_R13,0.975,G0,225.0,1.0,0.0002938230818542,100
13,M3ABL_R13,0.975,G0,230.0,1.0,0.0002938230818542,100
13,M3ABL_R13,0.975,G0,235.0,1.0,0.0002938230818542,100
13,M3ABL_R13,0.975,G0,240.0,1.0,0.0002938230818542,100
13,M3ABL_R13,0.975,G1,60.0,0.88,0.0002938230818542,100
13,M3ABL_R13,0.975,G1,65.0,0.91,0.0002938230818542,100
13,M3ABL_R13,0.975,G1,70.0,0.87,0.0002938230818542,100
13,M3ABL_R13,0.975,G1,75.0,0.88,0.0002938230818542,100
13,M3ABL_R13,0.975,G1,80.0,0.88,0.0002938230818542,100
13,M3ABL_R13,0.975,G1,85.0,0.88,0.0002938230818542,100
13,M3ABL_R13,0.975,G1,90.0,0.88,0.0002938230818542,100
13,M3ABL_R13,0.975,G1,95.0,0.88,0.0002938230818542,100
13,M3ABL_R13,0.975,G1,100.0,0.9,0.0002938230818542,100
13,M3ABL_R13,0.975,G1,105.0,0.89,0.0002938230818542,100
13,M3ABL_R13,0.975,G1,110.0,0.88,0.0002938230818542,100
13,M3ABL_R13,0.975,G1,115.0,0.87,0.0002938230818542,100
13,M3ABL_R13,0.975,G1,120.0,0.87,0.0002938230818542,100
13,M3ABL_R13,0.975,G1,125.0,0.88,0.0002938230818542,100
13,M3ABL_R13,0.975,G1,130.0,0.89,0.0002938230818542,100
13,M3ABL_R13,0.975,G1,135.0,0.89,0.0002938230818542,100
13,M3ABL_R13,0.975,G1,140.0,0.9,0.0002938230818542,100
13,M3ABL_R13,0.975,G1,145.0,0.92,0.0002938230818542,100
13,M3ABL_R13,0.975,G1,150.0,0.92,0.0002938230818542,100
13,M3ABL_R13,0.975,G1,155.0,0.92,0.0002938230818542,100
13,M3ABL_R13,0.975,G1,160.0,0.92,0.0002938230818542,100
13,M3ABL_R13,0.975,G1,165.0,0.91,0.0002938230818542,100
13,M3ABL_R13,0.975,G1,170.0,0.94,0.0002938230818542,100
13,M3ABL_R13,0.975,G1,175.0,0.94,0.0002938230818542,100
13,M3ABL_R13,0.975,G1,180.0,0.93,0.0002938230818542,100
13,M3ABL_R13,0.975,G1,185.0,0.93,0.0002938230818542,100
13,M3ABL_R13,0.975,G1,190.0,0.92,0.0002938230818542,100
13,M3ABL_R13,0.975,G1,195.0,0.92,0.0002938230818542,100
13,M3ABL_R13,0.975,G1,200.0,0.92,0.0002938230818542,100
13,M3ABL_R13,0.975,G1,205.0,0.93,0.0002938230818542,100
13,M3ABL_R13,0.975,G1,210.0,0.94,0.0002938230818542,100
13,M3ABL_R13,0.975,G1,215.0,0.94,0.0002938230818542,100
13,M3ABL_R13,0.975,G1,220.0,0.93,0.0002938230818542,100
13,M3ABL_R13,0.975,G1,225.0,0.95,0.0002938230818542,100
13,M3ABL_R13,0.975,G1,230.0,0.94,0.0002938230818542,100
13,M3ABL_R13,0.975,G1,235.0,0.93,0.0002938230818542,100
13,M3ABL_R13,0.975,G1,240.0,0.93,0.0002938230818542,100
13,M3ABL_R13,0.975,G2,60.0,0.7,0.0002938230818542,100
13,M3ABL_R13,0.975,G2,65.0,0.75,0.0002938230818542,100
13,M3ABL_R13,0.975,G2,70.0,0.73,0.0002938230818542,100
13,M3ABL_R13,0.975,G2,75.0,0.74,0.0002938230818542,100
13,M3ABL_R13,0.975,G2,80.0,0.73,0.0002938230818542,100
13,M3ABL_R13,0.975,G2,85.0,0.73,0.0002938230818542,100
13,M3ABL_R13,0.975,G2,90.0,0.73,0.0002938230818542,100
13,M3ABL_R13,0.975,G2,95.0,0.71,0.0002938230818542,100
13,M3ABL_R13,0.975,G2,100.0,0.72,0.0002938230818542,100
13,M3ABL_R13,0.975,G2,105.0,0.71,0.0002938230818542,100
13,M3ABL_R13,0.975,G2,110.0,0.66,0.0002938230818542,100
13,M3ABL_R13,0.975,G2,115.0,0.7,0.0002938230818542,100
13,M3ABL_R13,0.975,G2,120.0,0.7,0.0002938230818542,100
13,M3ABL_R13,0.975,G2,125.0,0.7,0.0002938230818542,100
13,M3ABL_R13,0.975,G2,130.0,0.7,0.0002938230818542,100
13,M3ABL_R13,0.975,G2,135.0,0.7,0.0002938230818542,100
13,M3ABL_R13,0.975,G2,140.0,0.7,0.0002938230818542,100
13,M3ABL_R13,0.975,G2,145.0,0.73,0.0002938230818542,100
13,M3ABL_R13,0.975,G2,150.0,0.72,0.0002938230818542,100
13,M3ABL_R13,0.975,G2,155.0,0.72,0.0002938230818542,100
13,M3ABL_R13,0.975,G2,160.0,0.7,0.0002938230818542,100
13,M3ABL_R13,0.975,G2,165.0,0.73,0.0002938230818542,100
13,M3ABL_R13,0.975,G2,170.0,0.74,0.0002938230818542,100
13,M3ABL_R13,0.975,G2,175.0,0.7,0.0002938230818542,100
13,M3ABL_R13,0.975,G2,180.0,0.71,0.0002938230818542,100
13,M3ABL_R13,0.975,G2,185.0,0.71,0.0002938230818542,100
13,M3ABL_R13,0.975,G2,190.0,0.69,0.0002938230818542,100
13,M3ABL_R13,0.975,G2,195.0,0.71,0.0002938230818542,100
13,M3ABL_R13,0.975,G2,200.0,0.7,0.0002938230818542,100
13,M3ABL_R13,0.975,G2,205.0,0.69,0.0002938230818542,100
13,M3ABL_R13,0.975,G2,210.0,0.69,0.0002938230818542,100
13,M3ABL_R13,0.975,G2,215.0,0.68,0.0002938230818542,100
13,M3ABL_R13,0.975,G2,220.0,0.67,0.0002938230818542,100
13,M3ABL_R13,0.975,G2,225.0,0.68,0.0002938230818542,100
13,M3ABL_R13,0.975,G2,230.0,0.62,0.0002938230818542,100
13,M3ABL_R13,0.975,G2,235.0,0.63,0.0002938230818542,100
13,M3ABL_R13,0.975,G2,240.0,0.63,0.0002938230818542,100
13,M3ABL_R13,0.9833333333333332,G0,60.0,0.99,0.0002938230818542,100
13,M3ABL_R13,0.9833333333333332,G0,65.0,1.0,0.0002938230818542,100
13,M3ABL_R13,0.9833333333333332,G0,70.0,0.98,0.0002938230818542,100
13,M3ABL_R13,0.9833333333333332,G0,75.0,0.99,0.0002938230818542,100
13,M3ABL_R13,0.9833333333333332,G0,80.0,0.99,0.0002938230818542,100
13,M3ABL_R13,0.9833333333333332,G0,85.0,0.99,0.0002938230818542,100
13,M3ABL_R13,0.9833333333333332,G0,90.0,0.98,0.0002938230818542,100
13,M3ABL_R13,0.9833333333333332,G0,95.0,0.98,0.0002938230818542,100
13,M3ABL_R13,0.9833333333333332,G0,100.0,0.99,0.0002938230818542,100
13,M3ABL_R13,0.9833333333333332,G0,105.0,0.98,0.0002938230818542,100
13,M3ABL_R13,0.9833333333333332,G0,110.0,0.98,0.0002938230818542,100
13,M3ABL_R13,0.9833333333333332,G0,115.0,0.98,0.0002938230818542,100
13,M3ABL_R13,0.9833333333333332,G0,120.0,0.98,0.0002938230818542,100
13,M3ABL_R13,0.9833333333333332,G0,125.0,0.98,0.0002938230818542,100
13,M3ABL_R13,0.9833333333333332,G0,130.0,0.98,0.0002938230818542,100
13,M3ABL_R13,0.9833333333333332,G0,135.0,0.98,0.0002938230818542,100
13,M3ABL_R13,0.9833333333333332,G0,140.0,0.98,0.0002938230818542,100
13,M3ABL_R13,0.9833333333333332,G0,145.0,0.98,0.0002938230818542,100
13,M3ABL_R13,0.9833333333333332,G0,150.0,0.98,0.0002938230818542,100
13,M3ABL_R13,0.9833333333333332,G0,155.0,0.98,0.0002938230818542,100
13,M3ABL_R13,0.9833333333333332,G0,160.0,0.98,0.0002938230818542,100
13,M3ABL_R13,0.9833333333333332,G0,165.0,0.98,0.0002938230818542,100
13,M3ABL_R13,0.9833333333333332,G0,170.0,0.98,0.0002938230818542,100
13,M3ABL_R13,0.9833333333333332,G0,175.0,0.98,0.0002938230818542,100
13,M3ABL_R13,0.9833333333333332,G0,180.0,0.98,0.0002938230818542,100
13,M3ABL_R13,0.9833333333333332,G0,185.0,1.0,0.0002938230818542,100
13,M3ABL_R13,0.9833333333333332,G0,190.0,0.99,0.0002938230818542,100
13,M3ABL_R13,0.9833333333333332,G0,195.0,0.99,0.0002938230818542,100
13,M3ABL_R13,0.9833333333333332,G0,200.0,0.99,0.0002938230818542,100
13,M3ABL_R13,0.9833333333333332,G0,205.0,0.99,0.0002938230818542,100
13,M3ABL_R13,0.9833333333333332,G0,210.0,0.99,0.0002938230818542,100
13,M3ABL_R13,0.9833333333333332,G0,215.0,0.99,0.0002938230818542,100
13,M3ABL_R13,0.9833333333333332,G0,220.0,0.99,0.0002938230818542,100
13,M3ABL_R13,0.9833333333333332,G0,225.0,0.99,0.0002938230818542,100
13,M3ABL_R13,0.9833333333333332,G0,230.0,1.0,0.0002938230818542,100
13,M3ABL_R13,0.9833333333333332,G0,235.0,1.0,0.0002938230818542,100
13,M3ABL_R13,0.9833333333333332,G0,240.0,1.0,0.0002938230818542,100
13,M3ABL_R13,0.9833333333333332,G1,60.0,0.89,0.0002938230818542,100
13,M3ABL_R13,0.9833333333333332,G1,65.0,0.91,0.0002938230818542,100
13,M3ABL_R13,0.9833333333333332,G1,70.0,0.87,0.0002938230818542,100
13,M3ABL_R13,0.9833333333333332,G1,75.0,0.89,0.0002938230818542,100
13,M3ABL_R13,0.9833333333333332,G1,80.0,0.88,0.0002938230818542,100
13,M3ABL_R13,0.9833333333333332,G1,85.0,0.89,0.0002938230818542,100
13,M3ABL_R13,0.9833333333333332,G1,90.0,0.88,0.0002938230818542,100
13,M3ABL_R13,0.9833333333333332,G1,95.0,0.88,0.0002938230818542,100
13,M3ABL_R13,0.9833333333333332,G1,100.0,0.9,0.0002938230818542,100
13,M3ABL_R13,0.9833333333333332,G1,105.0,0.89,0.0002938230818542,100
13,M3ABL_R13,0.9833333333333332,G1,110.0,0.9,0.0002938230818542,100
13,M3ABL_R13,0.9833333333333332,G1,115.0,0.89,0.0002938230818542,100
13,M3ABL_R13,0.9833333333333332,G1,120.0,0.89,0.0002938230818542,100
13,M3ABL_R13,0.9833333333333332,G1,125.0,0.88,0.0002938230818542,100
13,M3ABL_R13,0.9833333333333332,G1,130.0,0.88,0.0002938230818542,100
13,M3ABL_R13,0.9833333333333332,G1,135.0,0.89,0.0002938230818542,100
13,M3ABL_R13,0.9833333333333332,G1,140.0,0.89,0.0002938230818542,100
13,M3ABL_R13,0.9833333333333332,G1,145.0,0.89,0.0002938230818542,100
13,M3ABL_R13,0.9833333333333332,G1,150.0,0.89,0.0002938230818542,100
13,M3ABL_R13,0.9833333333333332,G1,155.0,0.89,0.0002938230818542,100
13,M3ABL_R13,0.9833333333333332,G1,160.0,0.91,0.0002938230818542,100
13,M3ABL_R13,0.9833333333333332,G1,165.0,0.91,0.0002938230818542,100
13,M3ABL_R13,0.9833333333333332,G1,170.0,0.94,0.0002938230818542,100
13,M3ABL_R13,0.9833333333333332,G1,175.0,0.92,0.0002938230818542,100
13,M3ABL_R13,0.9833333333333332,G1,180.0,0.91,0.0002938230818542,100
13,M3ABL_R13,0.9833333333333332,G1,185.0,0.91,0.0002938230818542,100
13,M3ABL_R13,0.9833333333333332,G1,190.0,0.9,0.0002938230818542,100
13,M3ABL_R13,0.9833333333333332,G1,195.0,0.91,0.0002938230818542,100
13,M3ABL_R13,0.9833333333333332,G1,200.0,0.91,0.0002938230818542,100
13,M3ABL_R13,0.9833333333333332,G1,205.0,0.9,0.0002938230818542,100
13,M3ABL_R13,0.9833333333333332,G1,210.0,0.9,0.0002938230818542,100
13,M3ABL_R13,0.9833333333333332,G1,215.0,0.9,0.0002938230818542,100
13,M3ABL_R13,0.9833333333333332,G1,220.0,0.91,0.0002938230818542,100
13,M3ABL_R13,0.9833333333333332,G1,225.0,0.91,0.0002938230818542,100
13,M3ABL_R13,0.9833333333333332,G1,230.0,0.93,0.0002938230818542,100
13,M3ABL_R13,0.9833333333333332,G1,235.0,0.92,0.0002938230818542,100
13,M3ABL_R13,0.9833333333333332,G1,240.0,0.91,0.0002938230818542,100
13,M3ABL_R13,0.9833333333333332,G2,60.0,0.69,0.0002938230818542,100
13,M3ABL_R13,0.9833333333333332,G2,65.0,0.73,0.0002938230818542,100
13,M3ABL_R13,0.9833333333333332,G2,70.0,0.7,0.0002938230818542,100
13,M3ABL_R13,0.9833333333333332,G2,75.0,0.75,0.0002938230818542,100
13,M3ABL_R13,0.9833333333333332,G2,80.0,0.74,0.0002938230818542,100
13,M3ABL_R13,0.9833333333333332,G2,85.0,0.74,0.0002938230818542,100
13,M3ABL_R13,0.9833333333333332,G2,90.0,0.71,0.0002938230818542,100
13,M3ABL_R13,0.9833333333333332,G2,95.0,0.7,0.0002938230818542,100
13,M3ABL_R13,0.9833333333333332,G2,100.0,0.72,0.0002938230818542,100
13,M3ABL_R13,0.9833333333333332,G2,105.0,0.68,0.0002938230818542,100
13,M3ABL_R13,0.9833333333333332,G2,110.0,0.69,0.0002938230818542,100
13,M3ABL_R13,0.9833333333333332,G2,115.0,0.69,0.0002938230818542,100
13,M3ABL_R13,0.9833333333333332,G2,120.0,0.68,0.0002938230818542,100
13,M3ABL_R13,0.9833333333333332,G2,125.0,0.7,0.0002938230818542,100
13,M3ABL_R13,0.9833333333333332,G2,130.0,0.66,0.0002938230818542,100
13,M3ABL_R13,0.9833333333333332,G2,135.0,0.69,0.0002938230818542,100
13,M3ABL_R13,0.9833333333333332,G2,140.0,0.66,0.0002938230818542,100
13,M3ABL_R13,0.9833333333333332,G2,145.0,0.7,0.0002938230818542,100
13,M3ABL_R13,0.9833333333333332,G2,150.0,0.7,0.0002938230818542,100
13,M3ABL_R13,0.9833333333333332,G2,155.0,0.69,0.0002938230818542,100
13,M3ABL_R13,0.9833333333333332,G2,160.0,0.73,0.0002938230818542,100
13,M3ABL_R13,0.9833333333333332,G2,165.0,0.72,0.0002938230818542,100
13,M3ABL_R13,0.9833333333333332,G2,170.0,0.72,0.0002938230818542,100
13,M3ABL_R13,0.9833333333333332,G2,175.0,0.68,0.0002938230818542,100
13,M3ABL_R13,0.9833333333333332,G2,180.0,0.66,0.0002938230818542,100
13,M3ABL_R13,0.9833333333333332,G2,185.0,0.71,0.0002938230818542,100
13,M3ABL_R13,0.9833333333333332,G2,190.0,0.69,0.0002938230818542,100
13,M3ABL_R13,0.9833333333333332,G2,195.0,0.7,0.0002938230818542,100
13,M3ABL_R13,0.9833333333333332,G2,200.0,0.67,0.0002938230818542,100
13,M3ABL_R13,0.9833333333333332,G2,205.0,0.69,0.0002938230818542,100
13,M3ABL_R13,0.9833333333333332,G2,210.0,0.68,0.0002938230818542,100
13,M3ABL_R13,0.9833333333333332,G2,215.0,0.67,0.0002938230818542,100
13,M3ABL_R13,0.9833333333333332,G2,220.0,0.68,0.0002938230818542,100
13,M3ABL_R13,0.9833333333333332,G2,225.0,0.65,0.0002938230818542,100
13,M3ABL_R13,0.9833333333333332,G2,230.0,0.64,0.0002938230818542,100
13,M3ABL_R13,0.9833333333333332,G2,235.0,0.64,0.0002938230818542,100
13,M3ABL_R13,0.9833333333333332,G2,240.0,0.63,0.0002938230818542,100
13,M3ABL_R13,0.99,G0,60.0,0.99,0.0002938230818542,100
13,M3ABL_R13,0.99,G0,65.0,1.0,0.0002938230818542,100
13,M3ABL_R13,0.99,G0,70.0,0.98,0.0002938230818542,100
13,M3ABL_R13,0.99,G0,75.0,0.98,0.0002938230818542,100
13,M3ABL_R13,0.99,G0,80.0,0.98,0.0002938230818542,100
13,M3ABL_R13,0.99,G0,85.0,0.99,0.0002938230818542,100
13,M3ABL_R13,0.99,G0,90.0,0.99,0.0002938230818542,100
13,M3ABL_R13,0.99,G0,95.0,0.99,0.0002938230818542,100
13,M3ABL_R13,0.99,G0,100.0,0.99,0.0002938230818542,100
13,M3ABL_R13,0.99,G0,105.0,0.98,0.0002938230818542,100
13,M3ABL_R13,0.99,G0,110.0,0.98,0.0002938230818542,100
13,M3ABL_R13,0.99,G0,115.0,0.98,0.0002938230818542,100
13,M3ABL_R13,0.99,G0,120.0,0.98,0.0002938230818542,100
13,M3ABL_R13,0.99,G0,125.0,0.98,0.0002938230818542,100
13,M3ABL_R13,0.99,G0,130.0,0.98,0.0002938230818542,100
13,M3ABL_R13,0.99,G0,135.0,0.98,0.0002938230818542,100
13,M3ABL_R13,0.99,G0,140.0,0.98,0.0002938230818542,100
13,M3ABL_R13,0.99,G0,145.0,0.98,0.0002938230818542,100
13,M3ABL_R13,0.99,G0,150.0,0.98,0.0002938230818542,100
13,M3ABL_R13,0.99,G0,155.0,0.98,0.0002938230818542,100
13,M3ABL_R13,0.99,G0,160.0,0.98,0.0002938230818542,100
13,M3ABL_R13,0.99,G0,165.0,0.98,0.0002938230818542,100
13,M3ABL_R13,0.99,G0,170.0,0.98,0.0002938230818542,100
13,M3ABL_R13,0.99,G0,175.0,0.98,0.0002938230818542,100
13,M3ABL_R13,0.99,G0,180.0,0.98,0.0002938230818542,100
13,M3ABL_R13,0.99,G0,185.0,0.98,0.0002938230818542,100
13,M3ABL_R13,0.99,G0,190.0,0.97,0.0002938230818542,100
13,M3ABL_R13,0.99,G0,195.0,0.97,0.0002938230818542,100
13,M3ABL_R13,0.99,G0,200.0,0.97,0.0002938230818542,100
13,M3ABL_R13,0.99,G0,205.0,0.98,0.0002938230818542,100
13,M3ABL_R13,0.99,G0,210.0,0.98,0.0002938230818542,100
13,M3ABL_R13,0.99,G0,215.0,0.98,0.0002938230818542,100
13,M3ABL_R13,0.99,G0,220.0,0.98,0.0002938230818542,100
13,M3ABL_R13,0.99,G0,225.0,0.98,0.0002938230818542,100
13,M3ABL_R13,0.99,G0,230.0,0.98,0.0002938230818542,100
13,M3ABL_R13,0.99,G0,235.0,0.98,0.0002938230818542,100
13,M3ABL_R13,0.99,G0,240.0,0.98,0.0002938230818542,100
13,M3ABL_R13,0.99,G1,60.0,0.92,0.0002938230818542,100
13,M3ABL_R13,0.99,G1,65.0,0.93,0.0002938230818542,100
13,M3ABL_R13,0.99,G1,70.0,0.9,0.0002938230818542,100
13,M3ABL_R13,0.99,G1,75.0,0.9,0.0002938230818542,100
13,M3ABL_R13,0.99,G1,80.0,0.89,0.0002938230818542,100
13,M3ABL_R13,0.99,G1,85.0,0.91,0.0002938230818542,100
13,M3ABL_R13,0.99,G1,90.0,0.9,0.0002938230818542,100
13,M3ABL_R13,0.99,G1,95.0,0.9,0.0002938230818542,100
13,M3ABL_R13,0.99,G1,100.0,0.89,0.0002938230818542,100
13,M3ABL_R13,0.99,G1,105.0,0.9,0.0002938230818542,100
13,M3ABL_R13,0.99,G1,110.0,0.89,0.0002938230818542,100
13,M3ABL_R13,0.99,G1,115.0,0.88,0.0002938230818542,100
13,M3ABL_R13,0.99,G1,120.0,0.88,0.0002938230818542,100
13,M3ABL_R13,0.99,G1,125.0,0.89,0.0002938230818542,100
13,M3ABL_R13,0.99,G1,130.0,0.89,0.0002938230818542,100
13,M3ABL_R13,0.99,G1,135.0,0.89,0.0002938230818542,100
13,M3ABL_R13,0.99,G1,140.0,0.89,0.0002938230818542,100
13,M3ABL_R13,0.99,G1,145.0,0.91,0.0002938230818542,100
13,M3ABL_R13,0.99,G1,150.0,0.91,0.0002938230818542,100
13,M3ABL_R13,0.99,G1,155.0,0.91,0.0002938230818542,100
13,M3ABL_R13,0.99,G1,160.0,0.91,0.0002938230818542,100
13,M3ABL_R13,0.99,G1,165.0,0.92,0.0002938230818542,100
13,M3ABL_R13,0.99,G1,170.0,0.92,0.0002938230818542,100
13,M3ABL_R13,0.99,G1,175.0,0.91,0.0002938230818542,100
13,M3ABL_R13,0.99,G1,180.0,0.91,0.0002938230818542,100
13,M3ABL_R13,0.99,G1,185.0,0.91,0.0002938230818542,100
13,M3ABL_R13,0.99,G1,190.0,0.89,0.0002938230818542,100
13,M3ABL_R13,0.99,G1,195.0,0.89,0.0002938230818542,100
13,M3ABL_R13,0.99,G1,200.0,0.89,0.0002938230818542,100
13,M3ABL_R13,0.99,G1,205.0,0.91,0.0002938230818542,100
13,M3ABL_R13,0.99,G1,210.0,0.91,0.0002938230818542,100
13,M3ABL_R13,0.99,G1,215.0,0.91,0.0002938230818542,100
13,M3ABL_R13,0.99,G1,220.0,0.9,0.0002938230818542,100
13,M3ABL_R13,0.99,G1,225.0,0.94,0.0002938230818542,100
13,M3ABL_R13,0.99,G1,230.0,0.94,0.0002938230818542,100
13,M3ABL_R13,0.99,G1,235.0,0.92,0.0002938230818542,100
13,M3ABL_R13,0.99,G1,240.0,0.91,0.0002938230818542,100
13,M3ABL_R13,0.99,G2,60.0,0.67,0.0002938230818542,100
13,M3ABL_R13,0.99,G2,65.0,0.75,0.0002938230818542,100
13,M3ABL_R13,0.99,G2,70.0,0.73,0.0002938230818542,100
13,M3ABL_R13,0.99,G2,75.0,0.72,0.0002938230818542,100
13,M3ABL_R13,0.99,G2,80.0,0.7,0.0002938230818542,100
13,M3ABL_R13,0.99,G2,85.0,0.76,0.0002938230818542,100
13,M3ABL_R13,0.99,G2,90.0,0.75,0.0002938230818542,100
13,M3ABL_R13,0.99,G2,95.0,0.73,0.0002938230818542,100
13,M3ABL_R13,0.99,G2,100.0,0.69,0.0002938230818542,100
13,M3ABL_R13,0.99,G2,105.0,0.73,0.0002938230818542,100
13,M3ABL_R13,0.99,G2,110.0,0.7,0.0002938230818542,100
13,M3ABL_R13,0.99,G2,115.0,0.69,0.0002938230818542,100
13,M3ABL_R13,0.99,G2,120.0,0.67,0.0002938230818542,100
13,M3ABL_R13,0.99,G2,125.0,0.69,0.0002938230818542,100
13,M3ABL_R13,0.99,G2,130.0,0.66,0.0002938230818542,100
13,M3ABL_R13,0.99,G2,135.0,0.66,0.0002938230818542,100
13,M3ABL_R13,0.99,G2,140.0,0.64,0.0002938230818542,100
13,M3ABL_R13,0.99,G2,145.0,0.68,0.0002938230818542,100
13,M3ABL_R13,0.99,G2,150.0,0.68,0.0002938230818542,100
13,M3ABL_R13,0.99,G2,155.0,0.68,0.0002938230818542,100
13,M3ABL_R13,0.99,G2,160.0,0.67,0.0002938230818542,100
13,M3ABL_R13,0.99,G2,165.0,0.71,0.0002938230818542,100
13,M3ABL_R13,0.99,G2,170.0,0.7,0.0002938230818542,100
13,M3ABL_R13,0.99,G2,175.0,0.67,0.0002938230818542,100
13,M3ABL_R13,0.99,G2,180.0,0.65,0.0002938230818542,100
13,M3ABL_R13,0.99,G2,185.0,0.68,0.0002938230818542,100
13,M3ABL_R13,0.99,G2,190.0,0.66,0.0002938230818542,100
13,M3ABL_R13,0.99,G2,195.0,0.65,0.0002938230818542,100
13,M3ABL_R13,0.99,G2,200.0,0.64,0.0002938230818542,100
13,M3ABL_R13,0.99,G2,205.0,0.67,0.0002938230818542,100
13,M3ABL_R13,0.99,G2,210.0,0.66,0.0002938230818542,100
13,M3ABL_R13,0.99,G2,215.0,0.64,0.0002938230818542,100
13,M3ABL_R13,0.99,G2,220.0,0.63,0.0002938230818542,100
13,M3ABL_R13,0.99,G2,225.0,0.63,0.0002938230818542,100
13,M3ABL_R13,0.99,G2,230.0,0.6,0.0002938230818542,100
13,M3ABL_R13,0.99,G2,235.0,0.6,0.0002938230818542,100
13,M3ABL_R13,0.99,G2,240.0,0.59,0.0002938230818542,100
13,M3ABL_R13,0.995,G0,60.0,1.0,0.0002938230818542,100
13,M3ABL_R13,0.995,G0,65.0,1.0,0.0002938230818542,100
13,M3ABL_R13,0.995,G0,70.0,0.98,0.0002938230818542,100
13,M3ABL_R13,0.995,G0,75.0,0.98,0.0002938230818542,100
13,M3ABL_R13,0.995,G0,80.0,0.98,0.0002938230818542,100
13,M3ABL_R13,0.995,G0,85.0,0.99,0.0002938230818542,100
13,M3ABL_R13,0.995,G0,90.0,0.99,0.0002938230818542,100
13,M3ABL_R13,0.995,G0,95.0,0.99,0.0002938230818542,100
13,M3ABL_R13,0.995,G0,100.0,0.99,0.0002938230818542,100
13,M3ABL_R13,0.995,G0,105.0,0.98,0.0002938230818542,100
13,M3ABL_R13,0.995,G0,110.0,0.98,0.0002938230818542,100
13,M3ABL_R13,0.995,G0,115.0,0.98,0.0002938230818542,100
13,M3ABL_R13,0.995,G0,120.0,0.98,0.0002938230818542,100
13,M3ABL_R13,0.995,G0,125.0,0.98,0.0002938230818542,100
13,M3ABL_R13,0.995,G0,130.0,0.98,0.0002938230818542,100
13,M3ABL_R13,0.995,G0,135.0,0.98,0.0002938230818542,100
13,M3ABL_R13,0.995,G0,140.0,0.98,0.0002938230818542,100
13,M3ABL_R13,0.995,G0,145.0,0.98,0.0002938230818542,100
13,M3ABL_R13,0.995,G0,150.0,0.98,0.0002938230818542,100
13,M3ABL_R13,0.995,G0,155.0,0.98,0.0002938230818542,100
13,M3ABL_R13,0.995,G0,160.0,0.98,0.0002938230818542,100
13,M3ABL_R13,0.995,G0,165.0,0.99,0.0002938230818542,100
13,M3ABL_R13,0.995,G0,170.0,0.99,0.0002938230818542,100
13,M3ABL_R13,0.995,G0,175.0,0.99,0.0002938230818542,100
13,M3ABL_R13,0.995,G0,180.0,0.99,0.0002938230818542,100
13,M3ABL_R13,0.995,G0,185.0,0.99,0.0002938230818542,100
13,M3ABL_R13,0.995,G0,190.0,0.98,0.0002938230818542,100
13,M3ABL_R13,0.995,G0,195.0,0.98,0.0002938230818542,100
13,M3ABL_R13,0.995,G0,200.0,0.98,0.0002938230818542,100
13,M3ABL_R13,0.995,G0,205.0,0.98,0.0002938230818542,100
13,M3ABL_R13,0.995,G0,210.0,0.98,0.0002938230818542,100
13,M3ABL_R13,0.995,G0,215.0,0.98,0.0002938230818542,100
13,M3ABL_R13,0.995,G0,220.0,0.98,0.0002938230818542,100
13,M3ABL_R13,0.995,G0,225.0,0.98,0.0002938230818542,100
13,M3ABL_R13,0.995,G0,230.0,0.98,0.0002938230818542,100
13,M3ABL_R13,0.995,G0,235.0,0.98,0.0002938230818542,100
13,M3ABL_R13,0.995,G0,240.0,0.98,0.0002938230818542,100
13,M3ABL_R13,0.995,G1,60.0,0.93,0.0002938230818542,100
13,M3ABL_R13,0.995,G1,65.0,0.93,0.0002938230818542,100
13,M3ABL_R13,0.995,G1,70.0,0.9,0.0002938230818542,100
13,M3ABL_R13,0.995,G1,75.0,0.9,0.0002938230818542,100
13,M3ABL_R13,0.995,G1,80.0,0.9,0.0002938230818542,100
13,M3ABL_R13,0.995,G1,85.0,0.9,0.0002938230818542,100
13,M3ABL_R13,0.995,G1,90.0,0.89,0.0002938230818542,100
13,M3ABL_R13,0.995,G1,95.0,0.89,0.0002938230818542,100
13,M3ABL_R13,0.995,G1,100.0,0.88,0.0002938230818542,100
13,M3ABL_R13,0.995,G1,105.0,0.87,0.0002938230818542,100
13,M3ABL_R13,0.995,G1,110.0,0.85,0.0002938230818542,100
13,M3ABL_R13,0.995,G1,115.0,0.84,0.0002938230818542,100
13,M3ABL_R13,0.995,G1,120.0,0.84,0.0002938230818542,100
13,M3ABL_R13,0.995,G1,125.0,0.87,0.0002938230818542,100
13,M3ABL_R13,0.995,G1,130.0,0.87,0.0002938230818542,100
13,M3ABL_R13,0.995,G1,135.0,0.87,0.0002938230818542,100
13,M3ABL_R13,0.995,G1,140.0,0.87,0.0002938230818542,100
13,M3ABL_R13,0.995,G1,145.0,0.87,0.0002938230818542,100
13,M3ABL_R13,0.995,G1,150.0,0.87,0.0002938230818542,100
13,M3ABL_R13,0.995,G1,155.0,0.87,0.0002938230818542,100
13,M3ABL_R13,0.995,G1,160.0,0.86,0.0002938230818542,100
13,M3ABL_R13,0.995,G1,165.0,0.87,0.0002938230818542,100
13,M3ABL_R13,0.995,G1,170.0,0.87,0.0002938230818542,100
13,M3ABL_R13,0.995,G1,175.0,0.86,0.0002938230818542,100
13,M3ABL_R13,0.995,G1,180.0,0.85,0.0002938230818542,100
13,M3ABL_R13,0.995,G1,185.0,0.84,0.0002938230818542,100
13,M3ABL_R13,0.995,G1,190.0,0.83,0.0002938230818542,100
13,M3ABL_R13,0.995,G1,195.0,0.83,0.0002938230818542,100
13,M3ABL_R13,0.995,G1,200.0,0.82,0.0002938230818542,100
13,M3ABL_R13,0.995,G1,205.0,0.87,0.0002938230818542,100
13,M3ABL_R13,0.995,G1,210.0,0.87,0.0002938230818542,100
13,M3ABL_R13,0.995,G1,215.0,0.87,0.0002938230818542,100
13,M3ABL_R13,0.995,G1,220.0,0.87,0.0002938230818542,100
13,M3ABL_R13,0.995,G1,225.0,0.87,0.0002938230818542,100
13,M3ABL_R13,0.995,G1,230.0,0.86,0.0002938230818542,100
13,M3ABL_R13,0.995,G1,235.0,0.86,0.0002938230818542,100
13,M3ABL_R13,0.995,G1,240.0,0.85,0.0002938230818542,100
13,M3ABL_R13,0.995,G2,60.0,0.71,0.0002938230818542,100
13,M3ABL_R13,0.995,G2,65.0,0.69,0.0002938230818542,100
13,M3ABL_R13,0.995,G2,70.0,0.64,0.0002938230818542,100
13,M3ABL_R13,0.995,G2,75.0,0.62,0.0002938230818542,100
13,M3ABL_R13,0.995,G2,80.0,0.62,0.0002938230818542,100
13,M3ABL_R13,0.995,G2,85.0,0.71,0.0002938230818542,100
13,M3ABL_R13,0.995,G2,90.0,0.7,0.0002938230818542,100
13,M3ABL_R13,0.995,G2,95.0,0.69,0.0002938230818542,100
13,M3ABL_R13,0.995,G2,100.0,0.65,0.0002938230818542,100
13,M3ABL_R13,0.995,G2,105.0,0.63,0.0002938230818542,100
13,M3ABL_R13,0.995,G2,110.0,0.6,0.0002938230818542,100
13,M3ABL_R13,0.995,G2,115.0,0.59,0.0002938230818542,100
13,M3ABL_R13,0.995,G2,120.0,0.57,0.0002938230818542,100
13,M3ABL_R13,0.995,G2,125.0,0.65,0.0002938230818542,100
13,M3ABL_R13,0.995,G2,130.0,0.63,0.0002938230818542,100
13,M3ABL_R13,0.995,G2,135.0,0.63,0.0002938230818542,100
13,M3ABL_R13,0.995,G2,140.0,0.61,0.0002938230818542,100
13,M3ABL_R13,0.995,G2,145.0,0.6,0.0002938230818542,100
13,M3ABL_R13,0.995,G2,150.0,0.59,0.0002938230818542,100
13,M3ABL_R13,0.995,G2,155.0,0.58,0.0002938230818542,100
13,M3ABL_R13,0.995,G2,160.0,0.57,0.0002938230818542,100
13,M3ABL_R13,0.995,G2,165.0,0.67,0.0002938230818542,100
13,M3ABL_R13,0.995,G2,170.0,0.63,0.0002938230818542,100
13,M3ABL_R13,0.995,G2,175.0,0.61,0.0002938230818542,100
13,M3ABL_R13,0.995,G2,180.0,0.6,0.0002938230818542,100
13,M3ABL_R13,0.995,G2,185.0,0.59,0.0002938230818542,100
13,M3ABL_R13,0.995,G2,190.0,0.58,0.0002938230818542,100
13,M3ABL_R13,0.995,G2,195.0,0.57,0.0002938230818542,100
13,M3ABL_R13,0.995,G2,200.0,0.57,0.0002938230818542,100
13,M3ABL_R13,0.995,G2,205.0,0.59,0.0002938230818542,100
13,M3ABL_R13,0.995,G2,210.0,0.57,0.0002938230818542,100
13,M3ABL_R13,0.995,G2,215.0,0.57,0.0002938230818542,100
13,M3ABL_R13,0.995,G2,220.0,0.56,0.0002938230818542,100
13,M3ABL_R13,0.995,G2,225.0,0.56,0.0002938230818542,100
13,M3ABL_R13,0.995,G2,230.0,0.53,0.0002938230818542,100
13,M3ABL_R13,0.995,G2,235.0,0.53,0.0002938230818542,100
13,M3ABL_R13,0.995,G2,240.0,0.52,0.0002938230818542,100
14,M3ABL_R14,0.95,G0,60.0,0.96,0.000217076371537,100
14,M3ABL_R14,0.95,G0,65.0,0.99,0.000217076371537,100
14,M3ABL_R14,0.95,G0,70.0,0.99,0.000217076371537,100
14,M3ABL_R14,0.95,G0,75.0,0.98,0.000217076371537,100
14,M3ABL_R14,0.95,G0,80.0,0.98,0.000217076371537,100
14,M3ABL_R14,0.95,G0,85.0,0.99,0.000217076371537,100
14,M3ABL_R14,0.95,G0,90.0,0.99,0.000217076371537,100
14,M3ABL_R14,0.95,G0,95.0,0.99,0.000217076371537,100
14,M3ABL_R14,0.95,G0,100.0,0.99,0.000217076371537,100
14,M3ABL_R14,0.95,G0,105.0,0.98,0.000217076371537,100
14,M3ABL_R14,0.95,G0,110.0,0.99,0.000217076371537,100
14,M3ABL_R14,0.95,G0,115.0,0.99,0.000217076371537,100
14,M3ABL_R14,0.95,G0,120.0,0.99,0.000217076371537,100
14,M3ABL_R14,0.95,G0,125.0,0.99,0.000217076371537,100
14,M3ABL_R14,0.95,G0,130.0,0.99,0.000217076371537,100
14,M3ABL_R14,0.95,G0,135.0,0.99,0.000217076371537,100
14,M3ABL_R14,0.95,G0,140.0,0.99,0.000217076371537,100
14,M3ABL_R14,0.95,G0,145.0,1.0,0.000217076371537,100
14,M3ABL_R14,0.95,G0,150.0,1.0,0.000217076371537,100
14,M3ABL_R14,0.95,G0,155.0,1.0,0.000217076371537,100
14,M3ABL_R14,0.95,G0,160.0,1.0,0.000217076371537,100
14,M3ABL_R14,0.95,G0,165.0,1.0,0.000217076371537,100
14,M3ABL_R14,0.95,G0,170.0,1.0,0.000217076371537,100
14,M3ABL_R14,0.95,G0,175.0,1.0,0.000217076371537,100
14,M3ABL_R14,0.95,G0,180.0,1.0,0.000217076371537,100
14,M3ABL_R14,0.95,G0,185.0,1.0,0.000217076371537,100
14,M3ABL_R14,0.95,G0,190.0,1.0,0.000217076371537,100
14,M3ABL_R14,0.95,G0,195.0,1.0,0.000217076371537,100
14,M3ABL_R14,0.95,G0,200.0,1.0,0.000217076371537,100
14,M3ABL_R14,0.95,G0,205.0,1.0,0.000217076371537,100
14,M3ABL_R14,0.95,G0,210.0,1.0,0.000217076371537,100
14,M3ABL_R14,0.95,G0,215.0,1.0,0.000217076371537,100
14,M3ABL_R14,0.95,G0,220.0,1.0,0.000217076371537,100
14,M3ABL_R14,0.95,G0,225.0,1.0,0.000217076371537,100
14,M3ABL_R14,0.95,G0,230.0,1.0,0.000217076371537,100
14,M3ABL_R14,0.95,G0,235.0,1.0,0.000217076371537,100
14,M3ABL_R14,0.95,G0,240.0,1.0,0.000217076371537,100
14,M3ABL_R14,0.95,G1,60.0,0.88,0.000217076371537,100
14,M3ABL_R14,0.95,G1,65.0,0.87,0.000217076371537,100
14,M3ABL_R14,0.95,G1,70.0,0.88,0.000217076371537,100
14,M3ABL_R14,0.95,G1,75.0,0.87,0.000217076371537,100
14,M3ABL_R14,0.95,G1,80.0,0.88,0.000217076371537,100
14,M3ABL_R14,0.95,G1,85.0,0.89,0.000217076371537,100
14,M3ABL_R14,0.95,G1,90.0,0.88,0.000217076371537,100
14,M3ABL_R14,0.95,G1,95.0,0.88,0.000217076371537,100
14,M3ABL_R14,0.95,G1,100.0,0.89,0.000217076371537,100
14,M3ABL_R14,0.95,G1,105.0,0.91,0.000217076371537,100
14,M3ABL_R14,0.95,G1,110.0,0.9,0.000217076371537,100
14,M3ABL_R14,0.95,G1,115.0,0.89,0.000217076371537,100
14,M3ABL_R14,0.95,G1,120.0,0.89,0.000217076371537,100
14,M3ABL_R14,0.95,G1,125.0,0.89,0.000217076371537,100
14,M3ABL_R14,0.95,G1,130.0,0.89,0.000217076371537,100
14,M3ABL_R14,0.95,G1,135.0,0.89,0.000217076371537,100
14,M3ABL_R14,0.95,G1,140.0,0.89,0.000217076371537,100
14,M3ABL_R14,0.95,G1,145.0,0.9,0.000217076371537,100
14,M3ABL_R14,0.95,G1,150.0,0.91,0.000217076371537,100
14,M3ABL_R14,0.95,G1,155.0,0.91,0.000217076371537,100
14,M3ABL_R14,0.95,G1,160.0,0.92,0.000217076371537,100
14,M3ABL_R14,0.95,G1,165.0,0.91,0.000217076371537,100
14,M3ABL_R14,0.95,G1,170.0,0.92,0.000217076371537,100
14,M3ABL_R14,0.95,G1,175.0,0.92,0.000217076371537,100
14,M3ABL_R14,0.95,G1,180.0,0.92,0.000217076371537,100
14,M3ABL_R14,0.95,G1,185.0,0.93,0.000217076371537,100
14,M3ABL_R14,0.95,G1,190.0,0.94,0.000217076371537,100
14,M3ABL_R14,0.95,G1,195.0,0.96,0.000217076371537,100
14,M3ABL_R14,0.95,G1,200.0,0.96,0.000217076371537,100
14,M3ABL_R14,0.95,G1,205.0,0.97,0.000217076371537,100
14,M3ABL_R14,0.95,G1,210.0,0.97,0.000217076371537,100
14,M3ABL_R14,0.95,G1,215.0,0.96,0.000217076371537,100
14,M3ABL_R14,0.95,G1,220.0,0.96,0.000217076371537,100
14,M3ABL_R14,0.95,G1,225.0,0.96,0.000217076371537,100
14,M3ABL_R14,0.95,G1,230.0,0.96,0.000217076371537,100
14,M3ABL_R14,0.95,G1,235.0,0.95,0.000217076371537,100
14,M3ABL_R14,0.95,G1,240.0,0.95,0.000217076371537,100
14,M3ABL_R14,0.95,G2,60.0,0.68,0.000217076371537,100
14,M3ABL_R14,0.95,G2,65.0,0.7,0.000217076371537,100
14,M3ABL_R14,0.95,G2,70.0,0.69,0.000217076371537,100
14,M3ABL_R14,0.95,G2,75.0,0.7,0.000217076371537,100
14,M3ABL_R14,0.95,G2,80.0,0.72,0.000217076371537,100
14,M3ABL_R14,0.95,G2,85.0,0.74,0.000217076371537,100
14,M3ABL_R14,0.95,G2,90.0,0.72,0.000217076371537,100
14,M3ABL_R14,0.95,G2,95.0,0.74,0.000217076371537,100
14,M3ABL_R14,0.95,G2,100.0,0.74,0.000217076371537,100
14,M3ABL_R14,0.95,G2,105.0,0.74,0.000217076371537,100
14,M3ABL_R14,0.95,G2,110.0,0.7,0.000217076371537,100
14,M3ABL_R14,0.95,G2,115.0,0.74,0.000217076371537,100
14,M3ABL_R14,0.95,G2,120.0,0.73,0.000217076371537,100
14,M3ABL_R14,0.95,G2,125.0,0.74,0.000217076371537,100
14,M3ABL_R14,0.95,G2,130.0,0.74,0.000217076371537,100
14,M3ABL_R14,0.95,G2,135.0,0.74,0.000217076371537,100
14,M3ABL_R14,0.95,G2,140.0,0.71,0.000217076371537,100
14,M3ABL_R14,0.95,G2,145.0,0.72,0.000217076371537,100
14,M3ABL_R14,0.95,G2,150.0,0.7,0.000217076371537,100
14,M3ABL_R14,0.95,G2,155.0,0.72,0.000217076371537,100
14,M3ABL_R14,0.95,G2,160.0,0.72,0.000217076371537,100
14,M3ABL_R14,0.95,G2,165.0,0.76,0.000217076371537,100
14,M3ABL_R14,0.95,G2,170.0,0.74,0.000217076371537,100
14,M3ABL_R14,0.95,G2,175.0,0.73,0.000217076371537,100
14,M3ABL_R14,0.95,G2,180.0,0.72,0.000217076371537,100
14,M3ABL_R14,0.95,G2,185.0,0.74,0.000217076371537,100
14,M3ABL_R14,0.95,G2,190.0,0.73,0.000217076371537,100
14,M3ABL_R14,0.95,G2,195.0,0.73,0.000217076371537,100
14,M3ABL_R14,0.95,G2,200.0,0.72,0.000217076371537,100
14,M3ABL_R14,0.95,G2,205.0,0.73,0.000217076371537,100
14,M3ABL_R14,0.95,G2,210.0,0.73,0.000217076371537,100
14,M3ABL_R14,0.95,G2,215.0,0.73,0.000217076371537,100
14,M3ABL_R14,0.95,G2,220.0,0.7,0.000217076371537,100
14,M3ABL_R14,0.95,G2,225.0,0.69,0.000217076371537,100
14,M3ABL_R14,0.95,G2,230.0,0.67,0.000217076371537,100
14,M3ABL_R14,0.95,G2,235.0,0.69,0.000217076371537,100
14,M3ABL_R14,0.95,G2,240.0,0.7,0.000217076371537,100
14,M3ABL_R14,0.975,G0,60.0,0.99,0.000217076371537,100
14,M3ABL_R14,0.975,G0,65.0,0.99,0.000217076371537,100
14,M3ABL_R14,0.975,G0,70.0,0.98,0.000217076371537,100
14,M3ABL_R14,0.975,G0,75.0,0.98,0.000217076371537,100
14,M3ABL_R14,0.975,G0,80.0,0.98,0.000217076371537,100
14,M3ABL_R14,0.975,G0,85.0,0.99,0.000217076371537,100
14,M3ABL_R14,0.975,G0,90.0,0.99,0.000217076371537,100
14,M3ABL_R14,0.975,G0,95.0,0.99,0.000217076371537,100
14,M3ABL_R14,0.975,G0,100.0,0.99,0.000217076371537,100
14,M3ABL_R14,0.975,G0,105.0,0.98,0.000217076371537,100
14,M3ABL_R14,0.975,G0,110.0,0.98,0.000217076371537,100
14,M3ABL_R14,0.975,G0,115.0,0.98,0.000217076371537,100
14,M3ABL_R14,0.975,G0,120.0,0.98,0.000217076371537,100
14,M3ABL_R14,0.975,G0,125.0,0.98,0.000217076371537,100
14,M3ABL_R14,0.975,G0,130.0,0.98,0.000217076371537,100
14,M3ABL_R14,0.975,G0,135.0,0.98,0.000217076371537,100
14,M3ABL_R14,0.975,G0,140.0,0.98,0.000217076371537,100
14,M3ABL_R14,0.975,G0,145.0,0.98,0.000217076371537,100
14,M3ABL_R14,0.975,G0,150.0,0.98,0.000217076371537,100
14,M3ABL_R14,0.975,G0,155.0,0.98,0.000217076371537,100
14,M3ABL_R14,0.975,G0,160.0,0.98,0.000217076371537,100
14,M3ABL_R14,0.975,G0,165.0,0.99,0.000217076371537,100
14,M3ABL_R14,0.975,G0,170.0,1.0,0.000217076371537,100
14,M3ABL_R14,0.975,G0,175.0,1.0,0.000217076371537,100
14,M3ABL_R14,0.975,G0,180.0,1.0,0.000217076371537,100
14,M3ABL_R14,0.975,G0,185.0,1.0,0.000217076371537,100
14,M3ABL_R14,0.975,G0,190.0,1.0,0.000217076371537,100
14,M3ABL_R14,0.975,G0,195.0,1.0,0.000217076371537,100
14,M3ABL_R14,0.975,G0,200.0,1.0,0.000217076371537,100
14,M3ABL_R14,0.975,G0,205.0,1.0,0.000217076371537,100
14,M3ABL_R14,0.975,G0,210.0,1.0,0.000217076371537,100
14,M3ABL_R14,0.975,G0,215.0,1.0,0.000217076371537,100
14,M3ABL_R14,0.975,G0,220.0,1.0,0.000217076371537,100
14,M3ABL_R14,0.975,G0,225.0,1.0,0.000217076371537,100
14,M3ABL_R14,0.975,G0,230.0,1.0,0.000217076371537,100
14,M3ABL_R14,0.975,G0,235.0,1.0,0.000217076371537,100
14,M3ABL_R14,0.975,G0,240.0,1.0,0.000217076371537,100
14,M3ABL_R14,0.975,G1,60.0,0.89,0.000217076371537,100
14,M3ABL_R14,0.975,G1,65.0,0.91,0.000217076371537,100
14,M3ABL_R14,0.975,G1,70.0,0.87,0.000217076371537,100
14,M3ABL_R14,0.975,G1,75.0,0.88,0.000217076371537,100
14,M3ABL_R14,0.975,G1,80.0,0.88,0.000217076371537,100
14,M3ABL_R14,0.975,G1,85.0,0.88,0.000217076371537,100
14,M3ABL_R14,0.975,G1,90.0,0.88,0.000217076371537,100
14,M3ABL_R14,0.975,G1,95.0,0.88,0.000217076371537,100
14,M3ABL_R14,0.975,G1,100.0,0.9,0.000217076371537,100
14,M3ABL_R14,0.975,G1,105.0,0.89,0.000217076371537,100
14,M3ABL_R14,0.975,G1,110.0,0.88,0.000217076371537,100
14,M3ABL_R14,0.975,G1,115.0,0.87,0.000217076371537,100
14,M3ABL_R14,0.975,G1,120.0,0.87,0.000217076371537,100
14,M3ABL_R14,0.975,G1,125.0,0.87,0.000217076371537,100
14,M3ABL_R14,0.975,G1,130.0,0.89,0.000217076371537,100
14,M3ABL_R14,0.975,G1,135.0,0.89,0.000217076371537,100
14,M3ABL_R14,0.975,G1,140.0,0.9,0.000217076371537,100
14,M3ABL_R14,0.975,G1,145.0,0.92,0.000217076371537,100
14,M3ABL_R14,0.975,G1,150.0,0.92,0.000217076371537,100
14,M3ABL_R14,0.975,G1,155.0,0.92,0.000217076371537,100
14,M3ABL_R14,0.975,G1,160.0,0.92,0.000217076371537,100
14,M3ABL_R14,0.975,G1,165.0,0.91,0.000217076371537,100
14,M3ABL_R14,0.975,G1,170.0,0.94,0.000217076371537,100
14,M3ABL_R14,0.975,G1,175.0,0.94,0.000217076371537,100
14,M3ABL_R14,0.975,G1,180.0,0.93,0.000217076371537,100
14,M3ABL_R14,0.975,G1,185.0,0.93,0.000217076371537,100
14,M3ABL_R14,0.975,G1,190.0,0.92,0.000217076371537,100
14,M3ABL_R14,0.975,G1,195.0,0.92,0.000217076371537,100
14,M3ABL_R14,0.975,G1,200.0,0.92,0.000217076371537,100
14,M3ABL_R14,0.975,G1,205.0,0.93,0.000217076371537,100
14,M3ABL_R14,0.975,G1,210.0,0.94,0.000217076371537,100
14,M3ABL_R14,0.975,G1,215.0,0.94,0.000217076371537,100
14,M3ABL_R14,0.975,G1,220.0,0.94,0.000217076371537,100
14,M3ABL_R14,0.975,G1,225.0,0.95,0.000217076371537,100
14,M3ABL_R14,0.975,G1,230.0,0.95,0.000217076371537,100
14,M3ABL_R14,0.975,G1,235.0,0.94,0.000217076371537,100
14,M3ABL_R14,0.975,G1,240.0,0.94,0.000217076371537,100
14,M3ABL_R14,0.975,G2,60.0,0.71,0.000217076371537,100
14,M3ABL_R14,0.975,G2,65.0,0.75,0.000217076371537,100
14,M3ABL_R14,0.975,G2,70.0,0.73,0.000217076371537,100
14,M3ABL_R14,0.975,G2,75.0,0.73,0.000217076371537,100
14,M3ABL_R14,0.975,G2,80.0,0.72,0.000217076371537,100
14,M3ABL_R14,0.975,G2,85.0,0.73,0.000217076371537,100
14,M3ABL_R14,0.975,G2,90.0,0.72,0.000217076371537,100
14,M3ABL_R14,0.975,G2,95.0,0.71,0.000217076371537,100
14,M3ABL_R14,0.975,G2,100.0,0.71,0.000217076371537,100
14,M3ABL_R14,0.975,G2,105.0,0.72,0.000217076371537,100
14,M3ABL_R14,0.975,G2,110.0,0.66,0.000217076371537,100
14,M3ABL_R14,0.975,G2,115.0,0.69,0.000217076371537,100
14,M3ABL_R14,0.975,G2,120.0,0.69,0.000217076371537,100
14,M3ABL_R14,0.975,G2,125.0,0.69,0.000217076371537,100
14,M3ABL_R14,0.975,G2,130.0,0.72,0.000217076371537,100
14,M3ABL_R14,0.975,G2,135.0,0.71,0.000217076371537,100
14,M3ABL_R14,0.975,G2,140.0,0.71,0.000217076371537,100
14,M3ABL_R14,0.975,G2,145.0,0.71,0.000217076371537,100
14,M3ABL_R14,0.975,G2,150.0,0.71,0.000217076371537,100
14,M3ABL_R14,0.975,G2,155.0,0.7,0.000217076371537,100
14,M3ABL_R14,0.975,G2,160.0,0.7,0.000217076371537,100
14,M3ABL_R14,0.975,G2,165.0,0.72,0.000217076371537,100
14,M3ABL_R14,0.975,G2,170.0,0.71,0.000217076371537,100
14,M3ABL_R14,0.975,G2,175.0,0.69,0.000217076371537,100
14,M3ABL_R14,0.975,G2,180.0,0.7,0.000217076371537,100
14,M3ABL_R14,0.975,G2,185.0,0.69,0.000217076371537,100
14,M3ABL_R14,0.975,G2,190.0,0.67,0.000217076371537,100
14,M3ABL_R14,0.975,G2,195.0,0.71,0.000217076371537,100
14,M3ABL_R14,0.975,G2,200.0,0.69,0.000217076371537,100
14,M3ABL_R14,0.975,G2,205.0,0.69,0.000217076371537,100
14,M3ABL_R14,0.975,G2,210.0,0.71,0.000217076371537,100
14,M3ABL_R14,0.975,G2,215.0,0.69,0.000217076371537,100
14,M3ABL_R14,0.975,G2,220.0,0.68,0.000217076371537,100
14,M3ABL_R14,0.975,G2,225.0,0.69,0.000217076371537,100
14,M3ABL_R14,0.975,G2,230.0,0.64,0.000217076371537,100
14,M3ABL_R14,0.975,G2,235.0,0.63,0.000217076371537,100
14,M3ABL_R14,0.975,G2,240.0,0.63,0.000217076371537,100
14,M3ABL_R14,0.9833333333333332,G0,60.0,0.99,0.000217076371537,100
14,M3ABL_R14,0.9833333333333332,G0,65.0,1.0,0.000217076371537,100
14,M3ABL_R14,0.9833333333333332,G0,70.0,0.98,0.000217076371537,100
14,M3ABL_R14,0.9833333333333332,G0,75.0,0.99,0.000217076371537,100
14,M3ABL_R14,0.9833333333333332,G0,80.0,0.99,0.000217076371537,100
14,M3ABL_R14,0.9833333333333332,G0,85.0,0.99,0.000217076371537,100
14,M3ABL_R14,0.9833333333333332,G0,90.0,0.98,0.000217076371537,100
14,M3ABL_R14,0.9833333333333332,G0,95.0,0.98,0.000217076371537,100
14,M3ABL_R14,0.9833333333333332,G0,100.0,0.99,0.000217076371537,100
14,M3ABL_R14,0.9833333333333332,G0,105.0,0.98,0.000217076371537,100
14,M3ABL_R14,0.9833333333333332,G0,110.0,0.98,0.000217076371537,100
14,M3ABL_R14,0.9833333333333332,G0,115.0,0.98,0.000217076371537,100
14,M3ABL_R14,0.9833333333333332,G0,120.0,0.98,0.000217076371537,100
14,M3ABL_R14,0.9833333333333332,G0,125.0,0.98,0.000217076371537,100
14,M3ABL_R14,0.9833333333333332,G0,130.0,0.98,0.000217076371537,100
14,M3ABL_R14,0.9833333333333332,G0,135.0,0.98,0.000217076371537,100
14,M3ABL_R14,0.9833333333333332,G0,140.0,0.98,0.000217076371537,100
14,M3ABL_R14,0.9833333333333332,G0,145.0,0.98,0.000217076371537,100
14,M3ABL_R14,0.9833333333333332,G0,150.0,0.98,0.000217076371537,100
14,M3ABL_R14,0.9833333333333332,G0,155.0,0.98,0.000217076371537,100
14,M3ABL_R14,0.9833333333333332,G0,160.0,0.98,0.000217076371537,100
14,M3ABL_R14,0.9833333333333332,G0,165.0,0.98,0.000217076371537,100
14,M3ABL_R14,0.9833333333333332,G0,170.0,0.98,0.000217076371537,100
14,M3ABL_R14,0.9833333333333332,G0,175.0,0.98,0.000217076371537,100
14,M3ABL_R14,0.9833333333333332,G0,180.0,0.98,0.000217076371537,100
14,M3ABL_R14,0.9833333333333332,G0,185.0,1.0,0.000217076371537,100
14,M3ABL_R14,0.9833333333333332,G0,190.0,0.99,0.000217076371537,100
14,M3ABL_R14,0.9833333333333332,G0,195.0,0.99,0.000217076371537,100
14,M3ABL_R14,0.9833333333333332,G0,200.0,0.99,0.000217076371537,100
14,M3ABL_R14,0.9833333333333332,G0,205.0,0.99,0.000217076371537,100
14,M3ABL_R14,0.9833333333333332,G0,210.0,0.99,0.000217076371537,100
14,M3ABL_R14,0.9833333333333332,G0,215.0,0.99,0.000217076371537,100
14,M3ABL_R14,0.9833333333333332,G0,220.0,0.99,0.000217076371537,100
14,M3ABL_R14,0.9833333333333332,G0,225.0,0.99,0.000217076371537,100
14,M3ABL_R14,0.9833333333333332,G0,230.0,1.0,0.000217076371537,100
14,M3ABL_R14,0.9833333333333332,G0,235.0,1.0,0.000217076371537,100
14,M3ABL_R14,0.9833333333333332,G0,240.0,1.0,0.000217076371537,100
14,M3ABL_R14,0.9833333333333332,G1,60.0,0.9,0.000217076371537,100
14,M3ABL_R14,0.9833333333333332,G1,65.0,0.91,0.000217076371537,100
14,M3ABL_R14,0.9833333333333332,G1,70.0,0.87,0.000217076371537,100
14,M3ABL_R14,0.9833333333333332,G1,75.0,0.89,0.000217076371537,100
14,M3ABL_R14,0.9833333333333332,G1,80.0,0.88,0.000217076371537,100
14,M3ABL_R14,0.9833333333333332,G1,85.0,0.89,0.000217076371537,100
14,M3ABL_R14,0.9833333333333332,G1,90.0,0.88,0.000217076371537,100
14,M3ABL_R14,0.9833333333333332,G1,95.0,0.88,0.000217076371537,100
14,M3ABL_R14,0.9833333333333332,G1,100.0,0.9,0.000217076371537,100
14,M3ABL_R14,0.9833333333333332,G1,105.0,0.89,0.000217076371537,100
14,M3ABL_R14,0.9833333333333332,G1,110.0,0.89,0.000217076371537,100
14,M3ABL_R14,0.9833333333333332,G1,115.0,0.88,0.000217076371537,100
14,M3ABL_R14,0.9833333333333332,G1,120.0,0.88,0.000217076371537,100
14,M3ABL_R14,0.9833333333333332,G1,125.0,0.87,0.000217076371537,100
14,M3ABL_R14,0.9833333333333332,G1,130.0,0.87,0.000217076371537,100
14,M3ABL_R14,0.9833333333333332,G1,135.0,0.88,0.000217076371537,100
14,M3ABL_R14,0.9833333333333332,G1,140.0,0.88,0.000217076371537,100
14,M3ABL_R14,0.9833333333333332,G1,145.0,0.89,0.000217076371537,100
14,M3ABL_R14,0.9833333333333332,G1,150.0,0.89,0.000217076371537,100
14,M3ABL_R14,0.9833333333333332,G1,155.0,0.89,0.000217076371537,100
14,M3ABL_R14,0.9833333333333332,G1,160.0,0.91,0.000217076371537,100
14,M3ABL_R14,0.9833333333333332,G1,165.0,0.91,0.000217076371537,100
14,M3ABL_R14,0.9833333333333332,G1,170.0,0.94,0.000217076371537,100
14,M3ABL_R14,0.9833333333333332,G1,175.0,0.92,0.000217076371537,100
14,M3ABL_R14,0.9833333333333332,G1,180.0,0.91,0.000217076371537,100
14,M3ABL_R14,0.9833333333333332,G1,185.0,0.91,0.000217076371537,100
14,M3ABL_R14,0.9833333333333332,G1,190.0,0.9,0.000217076371537,100
14,M3ABL_R14,0.9833333333333332,G1,195.0,0.91,0.000217076371537,100
14,M3ABL_R14,0.9833333333333332,G1,200.0,0.91,0.000217076371537,100
14,M3ABL_R14,0.9833333333333332,G1,205.0,0.9,0.000217076371537,100
14,M3ABL_R14,0.9833333333333332,G1,210.0,0.9,0.000217076371537,100
14,M3ABL_R14,0.9833333333333332,G1,215.0,0.9,0.000217076371537,100
14,M3ABL_R14,0.9833333333333332,G1,220.0,0.91,0.000217076371537,100
14,M3ABL_R14,0.9833333333333332,G1,225.0,0.91,0.000217076371537,100
14,M3ABL_R14,0.9833333333333332,G1,230.0,0.93,0.000217076371537,100
14,M3ABL_R14,0.9833333333333332,G1,235.0,0.92,0.000217076371537,100
14,M3ABL_R14,0.9833333333333332,G1,240.0,0.91,0.000217076371537,100
14,M3ABL_R14,0.9833333333333332,G2,60.0,0.68,0.000217076371537,100
14,M3ABL_R14,0.9833333333333332,G2,65.0,0.73,0.000217076371537,100
14,M3ABL_R14,0.9833333333333332,G2,70.0,0.7,0.000217076371537,100
14,M3ABL_R14,0.9833333333333332,G2,75.0,0.74,0.000217076371537,100
14,M3ABL_R14,0.9833333333333332,G2,80.0,0.73,0.000217076371537,100
14,M3ABL_R14,0.9833333333333332,G2,85.0,0.74,0.000217076371537,100
14,M3ABL_R14,0.9833333333333332,G2,90.0,0.71,0.000217076371537,100
14,M3ABL_R14,0.9833333333333332,G2,95.0,0.7,0.000217076371537,100
14,M3ABL_R14,0.9833333333333332,G2,100.0,0.71,0.000217076371537,100
14,M3ABL_R14,0.9833333333333332,G2,105.0,0.67,0.000217076371537,100
14,M3ABL_R14,0.9833333333333332,G2,110.0,0.69,0.000217076371537,100
14,M3ABL_R14,0.9833333333333332,G2,115.0,0.69,0.000217076371537,100
14,M3ABL_R14,0.9833333333333332,G2,120.0,0.68,0.000217076371537,100
14,M3ABL_R14,0.9833333333333332,G2,125.0,0.69,0.000217076371537,100
14,M3ABL_R14,0.9833333333333332,G2,130.0,0.65,0.000217076371537,100
14,M3ABL_R14,0.9833333333333332,G2,135.0,0.7,0.000217076371537,100
14,M3ABL_R14,0.9833333333333332,G2,140.0,0.68,0.000217076371537,100
14,M3ABL_R14,0.9833333333333332,G2,145.0,0.67,0.000217076371537,100
14,M3ABL_R14,0.9833333333333332,G2,150.0,0.67,0.000217076371537,100
14,M3ABL_R14,0.9833333333333332,G2,155.0,0.66,0.000217076371537,100
14,M3ABL_R14,0.9833333333333332,G2,160.0,0.72,0.000217076371537,100
14,M3ABL_R14,0.9833333333333332,G2,165.0,0.71,0.000217076371537,100
14,M3ABL_R14,0.9833333333333332,G2,170.0,0.72,0.000217076371537,100
14,M3ABL_R14,0.9833333333333332,G2,175.0,0.69,0.000217076371537,100
14,M3ABL_R14,0.9833333333333332,G2,180.0,0.67,0.000217076371537,100
14,M3ABL_R14,0.9833333333333332,G2,185.0,0.69,0.000217076371537,100
14,M3ABL_R14,0.9833333333333332,G2,190.0,0.67,0.000217076371537,100
14,M3ABL_R14,0.9833333333333332,G2,195.0,0.69,0.000217076371537,100
14,M3ABL_R14,0.9833333333333332,G2,200.0,0.65,0.000217076371537,100
14,M3ABL_R14,0.9833333333333332,G2,205.0,0.7,0.000217076371537,100
14,M3ABL_R14,0.9833333333333332,G2,210.0,0.69,0.000217076371537,100
14,M3ABL_R14,0.9833333333333332,G2,215.0,0.68,0.000217076371537,100
14,M3ABL_R14,0.9833333333333332,G2,220.0,0.69,0.000217076371537,100
14,M3ABL_R14,0.9833333333333332,G2,225.0,0.66,0.000217076371537,100
14,M3ABL_R14,0.9833333333333332,G2,230.0,0.63,0.000217076371537,100
14,M3ABL_R14,0.9833333333333332,G2,235.0,0.63,0.000217076371537,100
14,M3ABL_R14,0.9833333333333332,G2,240.0,0.62,0.000217076371537,100
14,M3ABL_R14,0.99,G0,60.0,0.99,0.000217076371537,100
14,M3ABL_R14,0.99,G0,65.0,1.0,0.000217076371537,100
14,M3ABL_R14,0.99,G0,70.0,0.98,0.000217076371537,100
14,M3ABL_R14,0.99,G0,75.0,0.98,0.000217076371537,100
14,M3ABL_R14,0.99,G0,80.0,0.98,0.000217076371537,100
14,M3ABL_R14,0.99,G0,85.0,0.99,0.000217076371537,100
14,M3ABL_R14,0.99,G0,90.0,0.99,0.000217076371537,100
14,M3ABL_R14,0.99,G0,95.0,0.99,0.000217076371537,100
14,M3ABL_R14,0.99,G0,100.0,0.99,0.000217076371537,100
14,M3ABL_R14,0.99,G0,105.0,0.98,0.000217076371537,100
14,M3ABL_R14,0.99,G0,110.0,0.98,0.000217076371537,100
14,M3ABL_R14,0.99,G0,115.0,0.98,0.000217076371537,100
14,M3ABL_R14,0.99,G0,120.0,0.98,0.000217076371537,100
14,M3ABL_R14,0.99,G0,125.0,0.98,0.000217076371537,100
14,M3ABL_R14,0.99,G0,130.0,0.98,0.000217076371537,100
14,M3ABL_R14,0.99,G0,135.0,0.98,0.000217076371537,100
14,M3ABL_R14,0.99,G0,140.0,0.98,0.000217076371537,100
14,M3ABL_R14,0.99,G0,145.0,0.98,0.000217076371537,100
14,M3ABL_R14,0.99,G0,150.0,0.98,0.000217076371537,100
14,M3ABL_R14,0.99,G0,155.0,0.98,0.000217076371537,100
14,M3ABL_R14,0.99,G0,160.0,0.98,0.000217076371537,100
14,M3ABL_R14,0.99,G0,165.0,0.98,0.000217076371537,100
14,M3ABL_R14,0.99,G0,170.0,0.98,0.000217076371537,100
14,M3ABL_R14,0.99,G0,175.0,0.98,0.000217076371537,100
14,M3ABL_R14,0.99,G0,180.0,0.98,0.000217076371537,100
14,M3ABL_R14,0.99,G0,185.0,0.98,0.000217076371537,100
14,M3ABL_R14,0.99,G0,190.0,0.97,0.000217076371537,100
14,M3ABL_R14,0.99,G0,195.0,0.97,0.000217076371537,100
14,M3ABL_R14,0.99,G0,200.0,0.97,0.000217076371537,100
14,M3ABL_R14,0.99,G0,205.0,0.98,0.000217076371537,100
14,M3ABL_R14,0.99,G0,210.0,0.98,0.000217076371537,100
14,M3ABL_R14,0.99,G0,215.0,0.98,0.000217076371537,100
14,M3ABL_R14,0.99,G0,220.0,0.98,0.000217076371537,100
14,M3ABL_R14,0.99,G0,225.0,0.98,0.000217076371537,100
14,M3ABL_R14,0.99,G0,230.0,0.98,0.000217076371537,100
14,M3ABL_R14,0.99,G0,235.0,0.98,0.000217076371537,100
14,M3ABL_R14,0.99,G0,240.0,0.98,0.000217076371537,100
14,M3ABL_R14,0.99,G1,60.0,0.92,0.000217076371537,100
14,M3ABL_R14,0.99,G1,65.0,0.93,0.000217076371537,100
14,M3ABL_R14,0.99,G1,70.0,0.9,0.000217076371537,100
14,M3ABL_R14,0.99,G1,75.0,0.9,0.000217076371537,100
14,M3ABL_R14,0.99,G1,80.0,0.89,0.000217076371537,100
14,M3ABL_R14,0.99,G1,85.0,0.91,0.000217076371537,100
14,M3ABL_R14,0.99,G1,90.0,0.9,0.000217076371537,100
14,M3ABL_R14,0.99,G1,95.0,0.9,0.000217076371537,100
14,M3ABL_R14,0.99,G1,100.0,0.89,0.000217076371537,100
14,M3ABL_R14,0.99,G1,105.0,0.89,0.000217076371537,100
14,M3ABL_R14,0.99,G1,110.0,0.87,0.000217076371537,100
14,M3ABL_R14,0.99,G1,115.0,0.86,0.000217076371537,100
14,M3ABL_R14,0.99,G1,120.0,0.86,0.000217076371537,100
14,M3ABL_R14,0.99,G1,125.0,0.88,0.000217076371537,100
14,M3ABL_R14,0.99,G1,130.0,0.88,0.000217076371537,100
14,M3ABL_R14,0.99,G1,135.0,0.88,0.000217076371537,100
14,M3ABL_R14,0.99,G1,140.0,0.88,0.000217076371537,100
14,M3ABL_R14,0.99,G1,145.0,0.91,0.000217076371537,100
14,M3ABL_R14,0.99,G1,150.0,0.91,0.000217076371537,100
14,M3ABL_R14,0.99,G1,155.0,0.91,0.000217076371537,100
14,M3ABL_R14,0.99,G1,160.0,0.91,0.000217076371537,100
14,M3ABL_R14,0.99,G1,165.0,0.92,0.000217076371537,100
14,M3ABL_R14,0.99,G1,170.0,0.92,0.000217076371537,100
14,M3ABL_R14,0.99,G1,175.0,0.91,0.000217076371537,100
14,M3ABL_R14,0.99,G1,180.0,0.91,0.000217076371537,100
14,M3ABL_R14,0.99,G1,185.0,0.91,0.000217076371537,100
14,M3ABL_R14,0.99,G1,190.0,0.89,0.000217076371537,100
14,M3ABL_R14,0.99,G1,195.0,0.89,0.000217076371537,100
14,M3ABL_R14,0.99,G1,200.0,0.89,0.000217076371537,100
14,M3ABL_R14,0.99,G1,205.0,0.91,0.000217076371537,100
14,M3ABL_R14,0.99,G1,210.0,0.91,0.000217076371537,100
14,M3ABL_R14,0.99,G1,215.0,0.91,0.000217076371537,100
14,M3ABL_R14,0.99,G1,220.0,0.9,0.000217076371537,100
14,M3ABL_R14,0.99,G1,225.0,0.93,0.000217076371537,100
14,M3ABL_R14,0.99,G1,230.0,0.93,0.000217076371537,100
14,M3ABL_R14,0.99,G1,235.0,0.91,0.000217076371537,100
14,M3ABL_R14,0.99,G1,240.0,0.9,0.000217076371537,100
14,M3ABL_R14,0.99,G2,60.0,0.66,0.000217076371537,100
14,M3ABL_R14,0.99,G2,65.0,0.76,0.000217076371537,100
14,M3ABL_R14,0.99,G2,70.0,0.74,0.000217076371537,100
14,M3ABL_R14,0.99,G2,75.0,0.73,0.000217076371537,100
14,M3ABL_R14,0.99,G2,80.0,0.71,0.000217076371537,100
14,M3ABL_R14,0.99,G2,85.0,0.75,0.000217076371537,100
14,M3ABL_R14,0.99,G2,90.0,0.74,0.000217076371537,100
14,M3ABL_R14,0.99,G2,95.0,0.72,0.000217076371537,100
14,M3ABL_R14,0.99,G2,100.0,0.68,0.000217076371537,100
14,M3ABL_R14,0.99,G2,105.0,0.73,0.000217076371537,100
14,M3ABL_R14,0.99,G2,110.0,0.69,0.000217076371537,100
14,M3ABL_R14,0.99,G2,115.0,0.68,0.000217076371537,100
14,M3ABL_R14,0.99,G2,120.0,0.64,0.000217076371537,100
14,M3ABL_R14,0.99,G2,125.0,0.67,0.000217076371537,100
14,M3ABL_R14,0.99,G2,130.0,0.63,0.000217076371537,100
14,M3ABL_R14,0.99,G2,135.0,0.63,0.000217076371537,100
14,M3ABL_R14,0.99,G2,140.0,0.62,0.000217076371537,100
14,M3ABL_R14,0.99,G2,145.0,0.66,0.000217076371537,100
14,M3ABL_R14,0.99,G2,150.0,0.66,0.000217076371537,100
14,M3ABL_R14,0.99,G2,155.0,0.66,0.000217076371537,100
14,M3ABL_R14,0.99,G2,160.0,0.65,0.000217076371537,100
14,M3ABL_R14,0.99,G2,165.0,0.71,0.000217076371537,100
14,M3ABL_R14,0.99,G2,170.0,0.7,0.000217076371537,100
14,M3ABL_R14,0.99,G2,175.0,0.67,0.000217076371537,100
14,M3ABL_R14,0.99,G2,180.0,0.66,0.000217076371537,100
14,M3ABL_R14,0.99,G2,185.0,0.66,0.000217076371537,100
14,M3ABL_R14,0.99,G2,190.0,0.64,0.000217076371537,100
14,M3ABL_R14,0.99,G2,195.0,0.62,0.000217076371537,100
14,M3ABL_R14,0.99,G2,200.0,0.61,0.000217076371537,100
14,M3ABL_R14,0.99,G2,205.0,0.66,0.000217076371537,100
14,M3ABL_R14,0.99,G2,210.0,0.65,0.000217076371537,100
14,M3ABL_R14,0.99,G2,215.0,0.63,0.000217076371537,100
14,M3ABL_R14,0.99,G2,220.0,0.62,0.000217076371537,100
14,M3ABL_R14,0.99,G2,225.0,0.63,0.000217076371537,100
14,M3ABL_R14,0.99,G2,230.0,0.6,0.000217076371537,100
14,M3ABL_R14,0.99,G2,235.0,0.6,0.000217076371537,100
14,M3ABL_R14,0.99,G2,240.0,0.59,0.000217076371537,100
14,M3ABL_R14,0.995,G0,60.0,1.0,0.000217076371537,100
14,M3ABL_R14,0.995,G0,65.0,1.0,0.000217076371537,100
14,M3ABL_R14,0.995,G0,70.0,0.98,0.000217076371537,100
14,M3ABL_R14,0.995,G0,75.0,0.98,0.000217076371537,100
14,M3ABL_R14,0.995,G0,80.0,0.98,0.000217076371537,100
14,M3ABL_R14,0.995,G0,85.0,0.99,0.000217076371537,100
14,M3ABL_R14,0.995,G0,90.0,0.99,0.000217076371537,100
14,M3ABL_R14,0.995,G0,95.0,0.99,0.000217076371537,100
14,M3ABL_R14,0.995,G0,100.0,0.99,0.000217076371537,100
14,M3ABL_R14,0.995,G0,105.0,0.98,0.000217076371537,100
14,M3ABL_R14,0.995,G0,110.0,0.98,0.000217076371537,100
14,M3ABL_R14,0.995,G0,115.0,0.98,0.000217076371537,100
14,M3ABL_R14,0.995,G0,120.0,0.98,0.000217076371537,100
14,M3ABL_R14,0.995,G0,125.0,0.98,0.000217076371537,100
14,M3ABL_R14,0.995,G0,130.0,0.98,0.000217076371537,100
14,M3ABL_R14,0.995,G0,135.0,0.98,0.000217076371537,100
14,M3ABL_R14,0.995,G0,140.0,0.98,0.000217076371537,100
14,M3ABL_R14,0.995,G0,145.0,0.98,0.000217076371537,100
14,M3ABL_R14,0.995,G0,150.0,0.98,0.000217076371537,100
14,M3ABL_R14,0.995,G0,155.0,0.98,0.000217076371537,100
14,M3ABL_R14,0.995,G0,160.0,0.98,0.000217076371537,100
14,M3ABL_R14,0.995,G0,165.0,0.99,0.000217076371537,100
14,M3ABL_R14,0.995,G0,170.0,0.99,0.000217076371537,100
14,M3ABL_R14,0.995,G0,175.0,0.99,0.000217076371537,100
14,M3ABL_R14,0.995,G0,180.0,0.99,0.000217076371537,100
14,M3ABL_R14,0.995,G0,185.0,0.99,0.000217076371537,100
14,M3ABL_R14,0.995,G0,190.0,0.98,0.000217076371537,100
14,M3ABL_R14,0.995,G0,195.0,0.98,0.000217076371537,100
14,M3ABL_R14,0.995,G0,200.0,0.98,0.000217076371537,100
14,M3ABL_R14,0.995,G0,205.0,0.98,0.000217076371537,100
14,M3ABL_R14,0.995,G0,210.0,0.98,0.000217076371537,100
14,M3ABL_R14,0.995,G0,215.0,0.98,0.000217076371537,100
14,M3ABL_R14,0.995,G0,220.0,0.98,0.000217076371537,100
14,M3ABL_R14,0.995,G0,225.0,0.98,0.000217076371537,100
14,M3ABL_R14,0.995,G0,230.0,0.98,0.000217076371537,100
14,M3ABL_R14,0.995,G0,235.0,0.98,0.000217076371537,100
14,M3ABL_R14,0.995,G0,240.0,0.98,0.000217076371537,100
14,M3ABL_R14,0.995,G1,60.0,0.93,0.000217076371537,100
14,M3ABL_R14,0.995,G1,65.0,0.93,0.000217076371537,100
14,M3ABL_R14,0.995,G1,70.0,0.9,0.000217076371537,100
14,M3ABL_R14,0.995,G1,75.0,0.89,0.000217076371537,100
14,M3ABL_R14,0.995,G1,80.0,0.89,0.000217076371537,100
14,M3ABL_R14,0.995,G1,85.0,0.9,0.000217076371537,100
14,M3ABL_R14,0.995,G1,90.0,0.89,0.000217076371537,100
14,M3ABL_R14,0.995,G1,95.0,0.89,0.000217076371537,100
14,M3ABL_R14,0.995,G1,100.0,0.88,0.000217076371537,100
14,M3ABL_R14,0.995,G1,105.0,0.87,0.000217076371537,100
14,M3ABL_R14,0.995,G1,110.0,0.85,0.000217076371537,100
14,M3ABL_R14,0.995,G1,115.0,0.84,0.000217076371537,100
14,M3ABL_R14,0.995,G1,120.0,0.84,0.000217076371537,100
14,M3ABL_R14,0.995,G1,125.0,0.86,0.000217076371537,100
14,M3ABL_R14,0.995,G1,130.0,0.86,0.000217076371537,100
14,M3ABL_R14,0.995,G1,135.0,0.86,0.000217076371537,100
14,M3ABL_R14,0.995,G1,140.0,0.86,0.000217076371537,100
14,M3ABL_R14,0.995,G1,145.0,0.86,0.000217076371537,100
14,M3ABL_R14,0.995,G1,150.0,0.86,0.000217076371537,100
14,M3ABL_R14,0.995,G1,155.0,0.86,0.000217076371537,100
14,M3ABL_R14,0.995,G1,160.0,0.85,0.000217076371537,100
14,M3ABL_R14,0.995,G1,165.0,0.86,0.000217076371537,100
14,M3ABL_R14,0.995,G1,170.0,0.86,0.000217076371537,100
14,M3ABL_R14,0.995,G1,175.0,0.85,0.000217076371537,100
14,M3ABL_R14,0.995,G1,180.0,0.84,0.000217076371537,100
14,M3ABL_R14,0.995,G1,185.0,0.84,0.000217076371537,100
14,M3ABL_R14,0.995,G1,190.0,0.83,0.000217076371537,100
14,M3ABL_R14,0.995,G1,195.0,0.83,0.000217076371537,100
14,M3ABL_R14,0.995,G1,200.0,0.82,0.000217076371537,100
14,M3ABL_R14,0.995,G1,205.0,0.87,0.000217076371537,100
14,M3ABL_R14,0.995,G1,210.0,0.87,0.000217076371537,100
14,M3ABL_R14,0.995,G1,215.0,0.87,0.000217076371537,100
14,M3ABL_R14,0.995,G1,220.0,0.87,0.000217076371537,100
14,M3ABL_R14,0.995,G1,225.0,0.87,0.000217076371537,100
14,M3ABL_R14,0.995,G1,230.0,0.86,0.000217076371537,100
14,M3ABL_R14,0.995,G1,235.0,0.86,0.000217076371537,100
14,M3ABL_R14,0.995,G1,240.0,0.85,0.000217076371537,100
14,M3ABL_R14,0.995,G2,60.0,0.71,0.000217076371537,100
14,M3ABL_R14,0.995,G2,65.0,0.7,0.000217076371537,100
14,M3ABL_R14,0.995,G2,70.0,0.65,0.000217076371537,100
14,M3ABL_R14,0.995,G2,75.0,0.62,0.000217076371537,100
14,M3ABL_R14,0.995,G2,80.0,0.62,0.000217076371537,100
14,M3ABL_R14,0.995,G2,85.0,0.69,0.000217076371537,100
14,M3ABL_R14,0.995,G2,90.0,0.68,0.000217076371537,100
14,M3ABL_R14,0.995,G2,95.0,0.67,0.000217076371537,100
14,M3ABL_R14,0.995,G2,100.0,0.63,0.000217076371537,100
14,M3ABL_R14,0.995,G2,105.0,0.61,0.000217076371537,100
14,M3ABL_R14,0.995,G2,110.0,0.57,0.000217076371537,100
14,M3ABL_R14,0.995,G2,115.0,0.56,0.000217076371537,100
14,M3ABL_R14,0.995,G2,120.0,0.55,0.000217076371537,100
14,M3ABL_R14,0.995,G2,125.0,0.61,0.000217076371537,100
14,M3ABL_R14,0.995,G2,130.0,0.59,0.000217076371537,100
14,M3ABL_R14,0.995,G2,135.0,0.59,0.000217076371537,100
14,M3ABL_R14,0.995,G2,140.0,0.58,0.000217076371537,100
14,M3ABL_R14,0.995,G2,145.0,0.56,0.000217076371537,100
14,M3ABL_R14,0.995,G2,150.0,0.55,0.000217076371537,100
14,M3ABL_R14,0.995,G2,155.0,0.54,0.000217076371537,100
14,M3ABL_R14,0.995,G2,160.0,0.53,0.000217076371537,100
14,M3ABL_R14,0.995,G2,165.0,0.61,0.000217076371537,100
14,M3ABL_R14,0.995,G2,170.0,0.59,0.000217076371537,100
14,M3ABL_R14,0.995,G2,175.0,0.57,0.000217076371537,100
14,M3ABL_R14,0.995,G2,180.0,0.55,0.000217076371537,100
14,M3ABL_R14,0.995,G2,185.0,0.54,0.000217076371537,100
14,M3ABL_R14,0.995,G2,190.0,0.53,0.000217076371537,100
14,M3ABL_R14,0.995,G2,195.0,0.52,0.000217076371537,100
14,M3ABL_R14,0.995,G2,200.0,0.52,0.000217076371537,100
14,M3ABL_R14,0.995,G2,205.0,0.58,0.000217076371537,100
14,M3ABL_R14,0.995,G2,210.0,0.56,0.000217076371537,100
14,M3ABL_R14,0.995,G2,215.0,0.56,0.000217076371537,100
14,M3ABL_R14,0.995,G2,220.0,0.56,0.000217076371537,100
14,M3ABL_R14,0.995,G2,225.0,0.56,0.000217076371537,100
14,M3ABL_R14,0.995,G2,230.0,0.53,0.000217076371537,100
14,M3ABL_R14,0.995,G2,235.0,0.53,0.000217076371537,100
14,M3ABL_R14,0.995,G2,240.0,0.52,0.000217076371537,100
