replicate,mae_top1_1400,mae_uniform14_eq1400,mae_weighted14_eq1400,delta_weighted_minus_uniform,delta_weighted_minus_top1
0,0.028927927927927945,0.048066924066924074,0.044213260421347475,-0.0038536636455765994,0.01528533249341953
1,0.024652509652509667,0.05606563706563708,0.04470246469189878,-0.011363172373738302,0.02004995503938911
2,0.03281981981981984,0.049850707850707894,0.03752561074979969,-0.012325097100908206,0.004705790929979851
3,0.037193050193050206,0.058344916344916356,0.04859666518207249,-0.009748251162843863,0.011403614989022287
4,0.02774259974259976,0.06822908622908624,0.05713096895126555,-0.011098117277820695,0.02938836920866579
5,0.027589446589446606,0.04337709137709143,0.034022624717425766,-0.009354466659665661,0.00643317812797916
6,0.031667953667953684,0.06477220077220078,0.053977096513874494,-0.010795104258326284,0.02230914284592081
7,0.03166280566280568,0.03656113256113255,0.030028770454766367,-0.006532362106366187,-0.001634035208039314
8,0.04031660231660233,0.05960231660231658,0.04729549953874445,-0.012306817063572131,0.006978897222142122
9,0.03384041184041186,0.04492406692406693,0.03965454198844716,-0.005269524935619774,0.0058141301480353
10,0.031221364221364237,0.04557786357786361,0.03505149714142447,-0.010526366436439137,0.003830132920060233
11,0.02806821106821109,0.045024453024453036,0.03574281928664448,-0.009281633737808555,0.007674608218433392
12,0.0298803088803089,0.04398455598455596,0.035689687594122235,-0.008294868390433724,0.005809378713813335
13,0.029185328185328204,0.0656550836550837,0.053639442092088194,-0.012015641562995505,0.02445411390675999
14,0.025328185328185347,0.05971557271557273,0.046744904742336,-0.012970667973236726,0.021416719414150655
15,0.033815958815958835,0.0478803088803089,0.03950819201710054,-0.008372116863208358,0.005692233201141705
16,0.030935649935649946,0.04981595881595879,0.038510624160430815,-0.011305334655527972,0.007574974224780869
17,0.024667953667953685,0.04826126126126128,0.037670828472670066,-0.010590432788591217,0.013002874804716381
18,0.030599742599742612,0.07397812097812104,0.060722677214001285,-0.013255443764119752,0.030122934614258672
19,0.029589446589446605,0.07570141570141577,0.06497118123157006,-0.01073023446984571,0.03538173464212345
20,0.027082368082368097,0.062435006435006456,0.049373253115632794,-0.013061753319373662,0.022290885033264696
21,0.027507078507078522,0.04856499356499355,0.040056208746292905,-0.008508784818700647,0.012549130239214383
22,0.030540540540540558,0.07702059202059205,0.06356907606422102,-0.013451515956371035,0.03302853552368046
23,0.030904761904761928,0.0796949806949807,0.07005582423357365,-0.009639156461407047,0.03915106232881172
24,0.030758043758043776,0.048823680823680826,0.04090328264441004,-0.007920398179270788,0.010145238886366263
25,0.02519433719433721,0.05542342342342342,0.04308382135388338,-0.012339602069540039,0.017889484159546172
26,0.031190476190476206,0.060929214929214943,0.0478326419346283,-0.013096572994586643,0.016642165744152095
27,0.027898326898326914,0.049423423423423395,0.04171787664358814,-0.0077055467798352525,0.013819549745261228
28,0.029706563706563726,0.06867438867438869,0.05975920606280676,-0.008915182611581925,0.030052642356243036
29,0.02423166023166025,0.057371943371943374,0.04699356891044713,-0.010378374461496247,0.022761908678786878
30,0.027167310167310183,0.05703989703989706,0.048802389797501344,-0.008237507242395713,0.02163507963019116
31,0.027111969111969128,0.06470656370656373,0.053937457473478924,-0.010769106233084809,0.026825488361509796
32,0.039893178893178914,0.05970398970398974,0.04751528164907585,-0.012188708054913892,0.007622102755896934
33,0.03476061776061778,0.04621364221364223,0.038803192801018044,-0.007410449412624184,0.004042575040400266
34,0.02541698841698844,0.05306563706563709,0.04021979268448582,-0.012845844381151272,0.014802804267497381
35,0.029561132561132585,0.03690476190476193,0.029163323121941725,-0.007741438782820208,-0.00039780943919085973
36,0.028195624195624214,0.05914671814671813,0.05020607810315044,-0.00894064004356769,0.022010453907526227
37,0.027231660231660248,0.058391248391248395,0.046762132173080895,-0.0116291162181675,0.019530471941420647
38,0.025199485199485217,0.04472586872586875,0.03571074661490149,-0.009015122110967257,0.010511261415416275
39,0.02471042471042473,0.04259459459459461,0.03477279460742321,-0.007821799987171398,0.01006236989699848
40,0.03337580437580439,0.0403912483912484,0.032510703266029825,-0.007880545125218574,-0.0008651011097745645
41,0.02454826254826256,0.04897812097812096,0.03705409817978477,-0.011924022798336188,0.01250583563152221
42,0.02542471042471044,0.059965250965250995,0.04738530494745819,-0.012579946017792804,0.02196059452274775
43,0.029281853281853298,0.08293050193050198,0.07260518756567166,-0.01032531436483032,0.04332333428381836
44,0.026601029601029617,0.0666357786357786,0.05711959233577935,-0.00951618629999925,0.030518562734749736
45,0.030456885456885477,0.06426383526383526,0.05010546558796196,-0.014158369675873306,0.019648580131076482
46,0.025857142857142877,0.042558558558558564,0.03134834573727972,-0.01121021282127884,0.005491202880136846
47,0.026164736164736184,0.05895624195624198,0.0452855854002749,-0.013670656555967081,0.019120849235538716
48,0.03411840411840413,0.0422123552123552,0.03843159895863905,-0.0037807562537161554,0.004313194840234916
49,0.03145302445302447,0.06121364221364225,0.04916762919899393,-0.012046013014648319,0.01771460474596946
50,0.03372200772200774,0.04620463320463324,0.035767231102124646,-0.010437402102508597,0.002045223380116909
51,0.02562033462033464,0.06855855855855857,0.05779036593200347,-0.010768192626555095,0.03217003131166883
52,0.026369369369369386,0.06818275418275418,0.05631308259873697,-0.011869671584017215,0.029943713229367584
53,0.027360360360360377,0.040643500643500634,0.03580186506023884,-0.004841635583261797,0.00844150469987846
54,0.03388159588159589,0.045425997425997434,0.036531433838005126,-0.008894563587992309,0.0026498379564092386
55,0.026872586872586892,0.08902960102960099,0.08029889240866445,-0.008730708620936542,0.05342630553607755
56,0.03285199485199487,0.05362162162162162,0.04329947047461052,-0.0103221511470111,0.010447475622615644
57,0.029212355212355226,0.06692664092664095,0.05470860993560608,-0.012218030991034877,0.02549625472325085
58,0.027382239382239396,0.03600900900900901,0.03797710056061671,0.001968091551607702,0.010594861178377317
59,0.03186615186615188,0.06254054054054053,0.05033457123812965,-0.012205969302410885,0.018468419371977768
60,0.022178893178893197,0.055081081081081104,0.0425835495035361,-0.012497531577545004,0.020404656324642903
61,0.026104247104247122,0.0646435006435006,0.05232572484535424,-0.012317775798146365,0.02622147774110712
62,0.030392535392535405,0.03911840411840413,0.031046047859713433,-0.008072356258690697,0.0006535124671780274
63,0.030608751608751626,0.06870141570141573,0.05878443471845408,-0.009916980982961655,0.028175683109702452
64,0.03010810810810812,0.058904761904761925,0.05036367508456961,-0.008541086820192313,0.02025556697646149
65,0.032612612612612626,0.05371814671814673,0.04343574660956313,-0.010282400108583598,0.010823133996950507
66,0.03149034749034751,0.049710424710424736,0.039800410160760226,-0.00991001454966451,0.008310062670412718
67,0.03121235521235523,0.0678893178893179,0.05719319081565789,-0.010696127073660008,0.025980835603302662
68,0.03293822393822396,0.03893693693693698,0.033119379287311235,-0.005817557649625743,0.00018115534908727526
69,0.037577863577863586,0.07461003861003859,0.0640622902982186,-0.010547748311819996,0.02648442672035501
70,0.03159974259974261,0.06107335907335908,0.04734576463811238,-0.013727594435246702,0.01574602203836977
71,0.023657657657657673,0.05324324324324326,0.04417498080809846,-0.009068262435144803,0.020517323150440785
72,0.026316602316602336,0.039391248391248426,0.03272616873685196,-0.006665079654396465,0.006409566420249625
73,0.029257400257400274,0.048988416988416966,0.03716756926357941,-0.011820847724837553,0.007910169006179139
74,0.029804375804375824,0.061066924066924065,0.04933270309607663,-0.011734220970847434,0.019528327291700807
75,0.031203346203346218,0.0568442728442729,0.042514131214052744,-0.014330141630220158,0.011310785010706526
76,0.030180180180180195,0.08031917631917633,0.07058827028088903,-0.009730906038287301,0.04040809010070884
77,0.034907335907335926,0.0411853281853282,0.03384819553209594,-0.007337132653232256,-0.001059140375239985
78,0.03150064350064352,0.07345173745173741,0.0635965105620097,-0.009855226889727717,0.032095867061366176
79,0.03140926640926643,0.05874774774774771,0.048552481568198386,-0.010195266179549321,0.017143215158931954
80,0.027978120978120993,0.07048262548262546,0.06025069707956547,-0.01023192840305999,0.032272576101444475
81,0.03145945945945947,0.05607593307593309,0.04699592169047162,-0.009080011385461467,0.015536462231012148
82,0.03193178893178895,0.07835135135135135,0.06740404359361025,-0.010947307757741095,0.03547225466182131
83,0.03219691119691121,0.05957142857142855,0.0499784467351507,-0.009592981836277853,0.01778153553823949
84,0.02999099099099101,0.07185585585585584,0.06102437635846571,-0.010831479497390134,0.031033385367474697
85,0.026740025740025753,0.06484041184041184,0.0547992650244781,-0.010041146815933738,0.028059239284452347
86,0.02527027027027029,0.05373230373230373,0.045462990779741,-0.008269312952562724,0.020192720509470713
87,0.036716859716859736,0.07377220077220076,0.0655537764982368,-0.008218424273963965,0.028836916781377057
88,0.02632303732303734,0.06771557271557269,0.05610345310432679,-0.011612119611245898,0.029780415781289447
89,0.031221364221364237,0.0822084942084942,0.07520236962704083,-0.007006124581453374,0.04398100540567659
90,0.029034749034749046,0.055356499356499375,0.04420621446502453,-0.011150284891474842,0.015171465430275487
91,0.03316473616473618,0.07473873873873871,0.06681325295009248,-0.007925485788646228,0.0336485167853563
92,0.02854568854568856,0.05114543114543116,0.04019266763426213,-0.010952763511169028,0.01164697908857357
93,0.03192535392535395,0.04779407979407982,0.04252187098720264,-0.005272208806877177,0.010596517061848693
94,0.027128700128700143,0.06268725868725872,0.050301326238802534,-0.012385932448456184,0.02317262611010239
95,0.03080180180180182,0.06874002574002577,0.057483864336861624,-0.011256161403164149,0.026682062535059805
96,0.025987129987130007,0.05172844272844274,0.04075536541839913,-0.010973077310043614,0.014768235431269122
97,0.03873745173745176,0.07005920205920202,0.059414353864279526,-0.010644848194922493,0.020676902126827768
98,0.028059202059202083,0.05309523809523812,0.042070996806288494,-0.011024241288949625,0.014011794747086411
99,0.030769626769626787,0.059184041184041185,0.04816589629098579,-0.011018144893055394,0.017396269521359004
100,0.030661518661518675,0.05345688545688544,0.04010113332259429,-0.013355752134291153,0.009439614661075613
101,0.031097812097812115,0.050409266409266414,0.04161221935840838,-0.008797047050858035,0.010514407260596263
102,0.02907207207207209,0.06827027027027027,0.05689329919588638,-0.011376971074383894,0.02782122712381429
103,0.024755469755469772,0.05388159588159589,0.043145307142750264,-0.010736288738845627,0.01838983738728049
104,0.027150579150579165,0.042230373230373236,0.0333624425133283,-0.008867930717044933,0.006211863362749138
105,0.029353925353925375,0.04688416988416991,0.03848408609070569,-0.00840008379346422,0.009130160736780312
106,0.03256370656370657,0.05364350064350066,0.04199736684586077,-0.011646133797639888,0.0094336602821542
107,0.032442728442728455,0.04838223938223937,0.03858898454091246,-0.009793254841326912,0.006146256098184005
108,0.026245817245817264,0.05775804375804375,0.0481903291226341,-0.009567714635409647,0.021944511876816838
109,0.03401029601029603,0.056751608751608756,0.04356637031128804,-0.01318523844032072,0.009556074300992007
110,0.02906048906048908,0.06398712998713,0.052796382583373415,-0.011190747403756592,0.023735893522884334
111,0.03284298584298586,0.06602574002574002,0.05530764269532979,-0.01071809733041023,0.02246465685234393
112,0.031047619047619063,0.053194337194337186,0.041876321951183015,-0.011318015243154171,0.010828702903563952
113,0.027096525096525114,0.048202059202059194,0.03737523628946414,-0.010826822912595055,0.010278711192939025
114,0.03324839124839126,0.038692406692406714,0.033211023131874406,-0.0054813835605323075,-3.736811651685462e-05
115,0.037981981981982,0.058038610038610036,0.045526812160128986,-0.01251179787848105,0.007544830178146986
116,0.028545688545688563,0.04110038610038613,0.03394457136517308,-0.0071558147352130536,0.005398882819484516
117,0.030105534105534123,0.06356241956241959,0.053897784622561014,-0.009664634939858578,0.02379225051702689
118,0.027344916344916367,0.04121492921492919,0.033596889543566634,-0.007618039671362556,0.006251973198650267
119,0.03007722007722009,0.06352123552123556,0.05137323646370412,-0.012147999057531444,0.02129601638648403
120,0.02932561132561134,0.08378635778635778,0.07352367230088656,-0.010262685485471212,0.04419806097527522
121,0.026790218790218805,0.04974646074646075,0.04238784679433638,-0.007358613952124365,0.015597628004117577
122,0.024337194337194355,0.040664092664092655,0.030670378591625396,-0.009993714072467259,0.006333184254431041
123,0.031299871299871315,0.08598326898326902,0.07689700974545827,-0.009086259237810757,0.04559713844558695
124,0.035680823680823696,0.0479060489060489,0.03817236960520131,-0.009733679300847592,0.002491545924377614
125,0.030922779922779944,0.05216473616473619,0.04218982437297236,-0.009974911791763831,0.011267044450192418
126,0.031574002574002585,0.04819433719433721,0.03586805095404846,-0.012326286240288753,0.0042940483800458715
127,0.027537966537966554,0.08366666666666664,0.07086557518322546,-0.012801091483441177,0.043327608645258905
128,0.027588159588159605,0.055518661518661486,0.0432671168700385,-0.012251544648622985,0.015678957281878896
129,0.027848133848133862,0.034934362934362924,0.03182622262281387,-0.0031081403115490527,0.003978088774680009
130,0.03382239382239384,0.04503732303732305,0.0405222672691864,-0.0045150557681366485,0.006699873446792563
131,0.02630115830115832,0.06944916344916344,0.05418835716905105,-0.015260806280112386,0.027887198867892732
132,0.03414414414414416,0.053985842985842976,0.043946548600398316,-0.01003929438544466,0.009802404456254153
133,0.029135135135135153,0.040999999999999995,0.03061831274074869,-0.010381687259251305,0.0014831776056135372
134,0.027308880308880325,0.04583140283140285,0.04000406753475244,-0.0058273352966504086,0.012695187225872116
135,0.028409266409266422,0.06842213642213642,0.05769947496551027,-0.010722661456626148,0.029290208556243848
136,0.02875418275418277,0.06580308880308884,0.054673932098770896,-0.011129156704317945,0.025919749344588124
137,0.02867052767052769,0.0756383526383526,0.06751642946420497,-0.00812192317414763,0.03884590179367728
138,0.03057271557271559,0.06166409266409267,0.051065826640209616,-0.010598266023883057,0.020493111067494026
139,0.029334620334620348,0.07302316602316603,0.06075674910563058,-0.012266416917535446,0.031422128771010235
140,0.027667953667953684,0.06629472329472329,0.055378288285266176,-0.01091643500945711,0.027710334617312492
141,0.029734877734877752,0.042467181467181474,0.03537973507270213,-0.007087446394479342,0.005644857337824379
142,0.02950193050193052,0.04373230373230375,0.03725667447961548,-0.00647562925268827,0.007754743977684962
143,0.02907207207207209,0.07201287001287002,0.05921527150009955,-0.012797598512770465,0.030143199428027463
144,0.029512226512226524,0.05608236808236807,0.04452201689865597,-0.011560351183712105,0.015009790386429443
145,0.03410810810810812,0.06214543114543117,0.05374612070291721,-0.008399310442513956,0.019638012594809094
146,0.026926640926640946,0.07151093951093952,0.06053672382718433,-0.010974215683755194,0.03361008290054338
147,0.0275830115830116,0.04650965250965249,0.03736468351538117,-0.009144968994271321,0.009781671932369573
148,0.03150707850707852,0.04707335907335909,0.03687001974880856,-0.010203339324550531,0.005362941241730042
149,0.030812097812097827,0.05021364221364223,0.04224524171845947,-0.007968400495182763,0.011433143906361642
150,0.03382368082368084,0.04900257400257401,0.04011030455448128,-0.00889226944809273,0.006286623730800439
151,0.029833976833976844,0.04486229086229088,0.03351134178919215,-0.011350949073098728,0.003677364955215305
152,0.025548262548262562,0.05143629343629343,0.04036707931053236,-0.011069214125761076,0.014818816762269794
153,0.028082368082368102,0.08586357786357787,0.07898031439413683,-0.006883263469441042,0.05089794631176873
154,0.023716859716859735,0.04195366795366797,0.03306031564835949,-0.00889335230530848,0.009343455931499756
155,0.030546975546975563,0.036948519948519956,0.031130580697822905,-0.005817939250697051,0.0005836051508473425
156,0.026779922779922798,0.07044272844272849,0.05991721479568914,-0.010525513647039346,0.033137292015766345
157,0.02669369369369371,0.08345559845559847,0.07456929315382504,-0.008886305301773423,0.047875599460131334
158,0.03311068211068213,0.04277606177606182,0.03242798187292142,-0.010348079903140406,-0.0006827002377607153
159,0.03445173745173747,0.046373230373230406,0.044188689807452164,-0.0021845405657782424,0.009736952355714694
160,0.024920205920205933,0.032877734877734884,0.031471844604086564,-0.0014058902736483192,0.006551638683880631
161,0.027577863577863595,0.07146460746460745,0.0603067815036119,-0.01115782596099555,0.03272891792574831
162,0.025918918918918933,0.07392020592020589,0.06118910865524008,-0.012731097264965803,0.03527018973632115
163,0.036289575289575306,0.05426254826254825,0.04333224280854839,-0.01093030545399986,0.007042667518973082
164,0.03035649935649937,0.062414414414414414,0.0507913145983213,-0.011623099816093115,0.02043481524182193
165,0.028589446589446607,0.06085585585585583,0.04977186925275727,-0.011083986603098561,0.021182422663310663
166,0.03200514800514802,0.049751608751608715,0.04009491479998297,-0.009656693951625744,0.008089766794834953
167,0.0333783783783784,0.05613770913770911,0.045619276982758514,-0.010518432154950595,0.012240898604380115
168,0.025517374517374538,0.06163706563706567,0.050228698699705344,-0.011408366937360324,0.024711324182330806
169,0.034913770913770924,0.05954568854568858,0.04753881684995912,-0.012006871695729456,0.012625045936188198
170,0.034271557271557285,0.04471557271557272,0.035203195122444166,-0.009512377593128556,0.0009316378508868808
171,0.026842985842985858,0.050917631917631934,0.041070391832404046,-0.009847240085227887,0.014227405989418188
172,0.024536679536679554,0.05648133848133848,0.04422322912072092,-0.01225810936061756,0.01968654958404137
173,0.03453925353925356,0.040048906048906055,0.03304840218406124,-0.007000503864844812,-0.0014908513551923144
174,0.03011969111969114,0.0785045045045045,0.06780685207279316,-0.010697652431711335,0.037687160953102025
175,0.024265122265122285,0.0707528957528958,0.06162356713640763,-0.009129328616488165,0.03735844487128535
176,0.028316602316602334,0.05362162162162164,0.04106919159526184,-0.0125524300263598,0.012752589278659503
177,0.02834491634491636,0.05756499356499354,0.04554628118664591,-0.012018712378347632,0.017201364841729547
178,0.02751994851994854,0.05456628056628056,0.04323813057576289,-0.01132814999051767,0.015718182055814347
179,0.03736422136422139,0.039375804375804374,0.03253415169597243,-0.006841652679831944,-0.0048300696682489624
180,0.03185199485199487,0.06708108108108106,0.054342952111746425,-0.012738128969334635,0.022490957259751553
181,0.0320797940797941,0.05939768339768342,0.04680669448890943,-0.012590988908773991,0.014726900409115333
182,0.03382496782496784,0.05861261261261263,0.04930027342626519,-0.00931233918634744,0.015475305601297347
183,0.025833976833976854,0.053034749034748994,0.043224061165574645,-0.009810687869174349,0.01739008433159779
184,0.02813256113256115,0.039810810810810796,0.03027249331032035,-0.009538317500490445,0.0021399321777592004
185,0.025734877734877756,0.04648777348777349,0.03700480304356713,-0.00948297044420636,0.011269925308689376
186,0.03462290862290864,0.07158687258687262,0.06114213976567988,-0.010444732821192737,0.026519231142771237
187,0.03203603603603605,0.05900514800514803,0.04803505505877125,-0.010970092946376776,0.0159990190227352
188,0.0286833976833977,0.05500514800514803,0.04235282878202086,-0.012652319223127172,0.013669431098623161
189,0.0260772200772201,0.059812097812097814,0.047580972370759915,-0.0122311254413379,0.021503752293539815
190,0.0345830115830116,0.03589446589446589,0.0319716789346652,-0.003922786959800688,-0.0026113326483463983
191,0.026796653796653816,0.07084169884169884,0.05823550966583506,-0.012606189175863786,0.03143885586918124
192,0.03480180180180183,0.05811711711711713,0.04858098028329068,-0.009536136833826453,0.013779178481488852
193,0.024722007722007736,0.05466409266409266,0.04434874932716752,-0.010315343336925138,0.019626741605159786
194,0.025226512226512243,0.09292921492921494,0.08231634295342483,-0.010612871975790111,0.05708983072691258
195,0.030301158301158322,0.04594980694980697,0.03736218619873,-0.008587620751076969,0.007061027897571681
196,0.02736422136422138,0.09071685971685972,0.08068242471608159,-0.010034435000778136,0.0533182033518602
197,0.03280180180180182,0.051123552123552136,0.04223472970218593,-0.008888822421366203,0.009432927900384115
198,0.0312831402831403,0.06403732303732307,0.054180657891418044,-0.009856665145905025,0.022897517608277747
199,0.027580437580437597,0.062042471042471035,0.0524157827220392,-0.009626688320431835,0.024835345141601604
200,0.0278906048906049,0.036728442728442785,0.028137581689540014,-0.008590861038902772,0.00024697679893511196
201,0.025934362934362958,0.0483063063063063,0.0416060626454303,-0.006700243660876001,0.01567169971106734
202,0.03321750321750324,0.04794594594594594,0.03847080309422744,-0.0094751428517185,0.005253299876724203
203,0.02843758043758046,0.0486306306306306,0.04025753881000975,-0.008373091820620848,0.01181995837242929
204,0.02750321750321752,0.06306563706563709,0.05134641452257802,-0.011719222543059064,0.023843197019360503
205,0.0300888030888031,0.07716216216216222,0.06369511268834012,-0.013467049473822101,0.03360630959953702
206,0.028772200772200787,0.06322007722007719,0.04827284046013095,-0.01494723675994624,0.019500639687930164
207,0.028148005148005167,0.04969498069498071,0.039480505926002316,-0.010214474768978396,0.011332500777997148
208,0.025759330759330776,0.05209523809523812,0.039084970655205435,-0.013010267440032683,0.01332563989587466
209,0.03209266409266411,0.06811325611325612,0.05544448752889664,-0.012668768584359481,0.02335182343623253
210,0.029792792792792806,0.034088803088803105,0.03467156393588157,0.0005827608470784645,0.0048787711430887636
211,0.031095238095238117,0.050253539253539245,0.0402925388618006,-0.009961000391738646,0.009197300766562482
212,0.027348777348777366,0.0525585585585586,0.044719381175907506,-0.007839177382651094,0.01737060382713014
213,0.036288288288288305,0.05240797940797943,0.039685147945176524,-0.012722831462802904,0.0033968596568882195
214,0.03620463320463322,0.048314028314028326,0.040881990614036835,-0.007432037699991491,0.004677357409403615
215,0.026881595881595905,0.042020592020592065,0.03522829712053074,-0.006792294900061328,0.008346701238934832
216,0.03293951093951095,0.08005405405405408,0.07010439236712536,-0.00994966168692872,0.037164881427614406
217,0.03295366795366797,0.05810682110682113,0.04783710486697438,-0.010269716239846752,0.01488343691330641
218,0.029117117117117137,0.05676962676962679,0.04568971259551833,-0.01107991417410846,0.016572595478401193
219,0.029048906048906063,0.037697554697554723,0.028611509406763304,-0.00908604529079142,-0.0004373966421427587
220,0.03201158301158303,0.05209395109395113,0.04237889563777179,-0.009715055456179345,0.010367312626188757
221,0.024702702702702722,0.050500643500643504,0.03757882855290093,-0.012921814947742576,0.012876125850198206
222,0.02686357786357788,0.049984555984556006,0.03848488695724216,-0.011499669027313843,0.011621309093664284
223,0.026446589446589463,0.04946332046332043,0.041459753796936075,-0.008003566666384354,0.015013164350346612
224,0.02720205920205922,0.05648906048906053,0.04789452675446413,-0.008594533734596399,0.02069246755240491
225,0.03415444015444017,0.05962805662805662,0.04762760423900103,-0.012000452389055588,0.013473164084560861
226,0.035302445302445314,0.05583140283140286,0.04458156243282269,-0.011249840398580166,0.009279117130377379
227,0.02766023166023168,0.06854182754182753,0.05564060852945856,-0.012901219012368965,0.027980376869226883
228,0.024848133848133867,0.03935649935649937,0.033681330443736425,-0.005675168912762943,0.008833196595602558
229,0.026023166023166042,0.04553153153153151,0.032410667202487704,-0.013120864329043809,0.006387501179321662
230,0.02762676962676965,0.057525096525096575,0.04561731888218371,-0.011907777642912863,0.017990549255414063
231,0.025449163449163464,0.07470398970398971,0.06298474223597458,-0.011719247468015129,0.037535578786811116
232,0.031060489060489076,0.07017245817245824,0.05635723522174784,-0.013815222950710394,0.025296746161258765
233,0.03054182754182756,0.06392020592020593,0.051979787067484226,-0.011940418852721707,0.021437959525656667
234,0.026481338481338493,0.04960102960102962,0.039979573107575966,-0.009621456493453653,0.013498234626237473
235,0.02816988416988419,0.04551737451737459,0.034067577013414944,-0.011449797503959643,0.005897692843530755
236,0.028213642213642226,0.06804247104247103,0.05668244927377161,-0.011360021768699421,0.028468807060129386
237,0.026907335907335926,0.05081595881595882,0.04032246185597049,-0.01049349695998833,0.013415125948634567
238,0.033337194337194356,0.05596782496782501,0.04292278821720587,-0.01304503675061914,0.009585593880011511
239,0.026463320463320485,0.06659845559845562,0.05527806148363236,-0.01132039411482326,0.028814741020311875
240,0.025858429858429875,0.09532432432432428,0.0846393675954326,-0.010684956728891679,0.05878093773700273
241,0.02622393822393824,0.06497168597168597,0.05149899647511682,-0.01347268949656915,0.025275058251178577
242,0.026617760617760635,0.05503861003861006,0.04907479432009235,-0.005963815718517708,0.02245703370233172
243,0.04190862290862292,0.05667052767052765,0.04767474701910319,-0.008995780651424465,0.005766124110480268
244,0.024776061776061793,0.05515572715572718,0.04345281462402419,-0.01170291253170299,0.0186767528479624
245,0.027001287001287018,0.05593564993564993,0.04422933555469746,-0.011706314380952466,0.017228048553410445
246,0.03414671814671816,0.054620334620334596,0.04290627623213177,-0.011714058388202823,0.008759558085413614
247,0.025227799227799247,0.036718146718146716,0.029543327264030785,-0.007174819454115931,0.004315528036231538
248,0.023272844272844286,0.07286615186615188,0.05947574408462602,-0.013390407781525858,0.036202899811781736
249,0.03195881595881598,0.03860360360360361,0.03009546516005031,-0.0085081384435533,-0.001863350798765668
250,0.02703217503217505,0.06026898326898329,0.04954419483100484,-0.010724788437978451,0.02251201979882979
251,0.031301158301158316,0.05637837837837842,0.04508697175276006,-0.01129140662561836,0.013785813451601743
252,0.034142857142857155,0.06002187902187903,0.047533760949339816,-0.01248811807253921,0.013390903806482661
253,0.026952380952380967,0.06787516087516089,0.056387861668184644,-0.011487299206976248,0.029435480715803677
254,0.02727155727155729,0.053325611325611325,0.04197539949766269,-0.011350211827948632,0.014703842226105403
255,0.026940797940797956,0.04990733590733591,0.04328273214672895,-0.006624603760606959,0.016341934205930997
256,0.030514800514800537,0.07415444015444014,0.06475948159153012,-0.009394958562910019,0.03424468107672959
257,0.037120978120978136,0.045236808236808264,0.03517405521495369,-0.010062753021854574,-0.0019469229060244467
258,0.03074903474903477,0.08281981981981985,0.0740330986734303,-0.00878672114638955,0.04328406392439553
259,0.031160875160875172,0.05750193050193049,0.04593655592232582,-0.011565374579604673,0.014775680761450645
260,0.03374259974259976,0.0701544401544402,0.05690513873710264,-0.013249301417337558,0.02316253899450288
261,0.030630630630630644,0.05433848133848135,0.041986811092737865,-0.012351670245743483,0.011356180462107221
262,0.03119562419562421,0.06794980694980693,0.05648706377749086,-0.011462743172316069,0.02529143958186665
263,0.03492535392535394,0.059010296010296004,0.047924668162361156,-0.011085627847934848,0.012999314237007217
264,0.032628056628056644,0.07501287001287003,0.06381235354849538,-0.011200516464374657,0.031184296920438732
265,0.02733848133848136,0.08148777348777352,0.07285883282509821,-0.008628940662675305,0.04552035148661685
266,0.02326126126126128,0.06960102960102961,0.057848422456719846,-0.011752607144309764,0.03458716119545857
267,0.027020592020592038,0.051028314028314065,0.03864015362747109,-0.012388160400842972,0.011619561606879054
268,0.025214929214929235,0.06965637065637068,0.057814198711226804,-0.011842171945143871,0.03259926949629757
269,0.03145817245817247,0.07080051480051482,0.0576905860739557,-0.013109928726559118,0.026232413615783226
270,0.032056628056628074,0.06515572715572716,0.05488511044871775,-0.010270616707009413,0.022828482392089677
271,0.028715572715572735,0.05394208494208497,0.04847729924743397,-0.005464785694650996,0.019761726531861236
272,0.0341788931788932,0.054521235521235556,0.04113486222496273,-0.013386373296272826,0.0069559690460695295
273,0.03125740025740027,0.05819047619047621,0.048301585703755624,-0.009888890486720585,0.017044185446355352
274,0.03439897039897041,0.05367567567567563,0.04338601928296373,-0.010289656392711906,0.008987048883993314
275,0.029716859716859736,0.0666756756756757,0.05471017499537971,-0.01196550068029599,0.024993315278519973
276,0.03160746460746462,0.06298841698841705,0.052144983615417716,-0.010843433372999332,0.020537519007953094
277,0.02781724581724583,0.05652252252252251,0.051341816846775905,-0.005180705675746605,0.023524571029530074
278,0.029289575289575306,0.07131016731016732,0.06121825014578514,-0.010091917164382173,0.031928674856209836
279,0.027256113256113268,0.05628185328185329,0.04751125956770273,-0.008770593714150558,0.020255146311589464
280,0.03134620334620337,0.053749034749034745,0.042201041779782865,-0.01154799296925188,0.010854838433579497
281,0.02393822393822395,0.06342599742599747,0.050441594094225474,-0.012984403331771997,0.026503370156001523
282,0.04104118404118406,0.049247104247104254,0.03833512151064455,-0.010911982736459706,-0.0027060625305395103
283,0.03045431145431147,0.04558301158301162,0.03455210711486333,-0.011030904468148285,0.004097795660551861
284,0.03315830115830117,0.04991505791505789,0.03813876936026226,-0.011776288554795629,0.0049804682019610885
285,0.028090090090090104,0.06150193050193049,0.05224162513659819,-0.009260305365332296,0.024151535046508087
286,0.03310424710424712,0.0957104247104247,0.08611378086006755,-0.009596643850357148,0.053009533755820425
287,0.02752123552123554,0.07382239382239386,0.06544507692575494,-0.008377316896638926,0.0379238414045194
288,0.03221106821106823,0.05085714285714289,0.040071570773040785,-0.010785572084102107,0.007860502561972557
289,0.02864607464607466,0.06296653796653799,0.05120207035019698,-0.011764467616341014,0.02255599570412232
290,0.031984555984556,0.055091377091377104,0.045142243034897334,-0.00994913405647977,0.013157687050341337
291,0.029956241956241973,0.035733590733590746,0.03146306388613927,-0.004270526847451474,0.0015068219298973
292,0.03600000000000001,0.043127413127413125,0.03514121610186237,-0.007986197025550756,-0.0008587838981376425
293,0.02630501930501932,0.05609137709137709,0.046012538061339335,-0.010078839030037756,0.019707518756320014
294,0.03185328185328187,0.06993822393822398,0.05981494592002172,-0.010123278018202259,0.027961664066739847
295,0.026912483912483926,0.0557657657657658,0.0412891044132257,-0.014476661352540103,0.01437662050074177
296,0.03575289575289577,0.05136550836550835,0.04279744947041937,-0.008568058895088979,0.007044553717523598
297,0.03252895752895755,0.06646975546975549,0.05781208772273572,-0.008657667747019773,0.025283130193778168
298,0.03497039897039899,0.06349806949806952,0.049929096095858834,-0.013568973402210686,0.014958697125459844
299,0.03041570141570143,0.03913513513513515,0.03133522540146086,-0.007799909733674289,0.0009195239857594274
300,0.027220077220077233,0.06202960102960106,0.05039561743758462,-0.011633983592016443,0.023175540217507385
301,0.028495495495495512,0.061227799227799244,0.05219483015843521,-0.009032969069364037,0.023699334662939695
302,0.02991891891891894,0.07754311454311455,0.06772068370011793,-0.009822430842996624,0.03780176478119898
303,0.031190476190476213,0.06713513513513514,0.056633417891089916,-0.010501717244045222,0.025442941700613703
304,0.026135135135135153,0.05474903474903476,0.042878620677840214,-0.011870414071194546,0.01674348554270506
305,0.026384813384813403,0.055285714285714306,0.043242344314674754,-0.012043369971039553,0.01685753092986135
306,0.03043371943371945,0.060688545688545724,0.048234915529276313,-0.01245363015926941,0.017801196095556863
307,0.032873873873873895,0.03926512226512228,0.032580209460637624,-0.006684912804484654,-0.00029366441323627063
308,0.031353925353925366,0.05665637065637066,0.04387094026525153,-0.012785430391119124,0.012517014911326167
309,0.03044658944658947,0.08712226512226516,0.0758986765519426,-0.01122358857032256,0.04545208710535313
310,0.02763963963963965,0.03792149292149295,0.028426861167333874,-0.009494631754159079,0.0007872215276942228
311,0.024731016731016752,0.038416988416988415,0.032648857398812584,-0.005768131018175832,0.007917840667795831
312,0.02699485199485201,0.06903474903474902,0.058916616019811664,-0.010118133014937351,0.03192176402495965
313,0.03006563706563708,0.06998841698841697,0.05992909738761857,-0.010059319600798401,0.02986346032198149
314,0.032096525096525115,0.041212355212355216,0.03239366829210564,-0.008818686920249577,0.0002971431955805237
315,0.03035006435006437,0.06417503217503213,0.05187500709279591,-0.012300025082236224,0.02152494274273154
316,0.026835263835263853,0.05758043758043758,0.04472181884073749,-0.012858618739700088,0.017886555005473637
317,0.028522522522522534,0.06354182754182756,0.05159420331384347,-0.011947624227984094,0.023071680791320937
318,0.02684041184041186,0.04933462033462038,0.03641935792005298,-0.012915262414567405,0.009578946079641118
319,0.02987387387387389,0.05195109395109401,0.04278639268871784,-0.009164701262376174,0.01291251881484395
320,0.026705276705276722,0.05661389961389959,0.04686210462597089,-0.009751794987928705,0.020156827920694165
321,0.033334620334620355,0.05758815958815961,0.047327955951011816,-0.010260203637147795,0.013993335616391461
322,0.02483397683397685,0.08758301158301157,0.07622869151124019,-0.011354320071771382,0.05139471467726334
323,0.024996138996139016,0.0471891891891892,0.03795678175611165,-0.009232407433077551,0.012960642759972631
324,0.029517374517374535,0.06872972972972972,0.05740432721399974,-0.011325402515729985,0.027886952696625205
325,0.02815958815958818,0.038866151866151874,0.03202188233653434,-0.006844269529617537,0.003862294176946158
326,0.038343629343629365,0.05140669240669241,0.04221450371177004,-0.009192188694922374,0.003870874368140674
327,0.02919948519948522,0.056092664092664085,0.046758502277930186,-0.009334161814733899,0.017559017078444965
328,0.027108108108108125,0.04103346203346206,0.031604793006848486,-0.009428669026613573,0.004496684898740361
329,0.03477606177606179,0.05725740025740028,0.044520303262465526,-0.012737096994934756,0.009744241486403737
330,0.03345173745173746,0.04330759330759329,0.03625851934922992,-0.007049073958363371,0.0028067818974924566
331,0.029459459459459474,0.059929214929214956,0.04761282627521592,-0.012316388653999033,0.01815336681575645
332,0.03030630630630632,0.04918275418275423,0.037944861449280505,-0.011237892733473726,0.007638555142974186
333,0.03028957528957531,0.059994851994852,0.050219201916279564,-0.009775650078572437,0.019929626626704253
334,0.02860489060489062,0.06376833976833979,0.054517171291469636,-0.009251168476870152,0.025912280686579015
335,0.03327541827541829,0.04938481338481343,0.04040035283461819,-0.008984460550195243,0.007124934559199894
336,0.03149678249678251,0.05293050193050192,0.046634864560572684,-0.00629563736992924,0.015138082063790172
337,0.02960746460746462,0.038809523809523815,0.03134360707222837,-0.007465916737295443,0.0017361424647637513
338,0.02386357786357788,0.05622136422136424,0.04416571081955672,-0.012055653401807524,0.02030213295597884
339,0.026738738738738756,0.08301673101673103,0.07393688639161745,-0.009079844625113576,0.0471981476528787
340,0.029491634491634514,0.06555727155727158,0.05520412961482398,-0.010353141942447595,0.025712495123189467
341,0.03526383526383529,0.06763835263835266,0.055770887762486156,-0.011867464875866506,0.02050705249865087
342,0.028549549549549566,0.07346846846846851,0.06013319800590938,-0.013335270462559126,0.03158364845635982
343,0.028142857142857164,0.06490990990990993,0.05189904246741923,-0.0130108674424907,0.023756185324562064
344,0.025149292149292162,0.046527670527670546,0.03846486712031238,-0.008062803407358168,0.013315574971020216
345,0.02800643500643502,0.050467181467181495,0.03943164836220189,-0.011035533104979602,0.011425213355766874
346,0.026492921492921512,0.04709523809523809,0.03901955874188534,-0.008075679353352752,0.012526637248963829
347,0.030849420849420866,0.05030115830115831,0.0379990681770534,-0.012302090124104915,0.007149647327632531
348,0.030859716859716873,0.06176962676962676,0.05120254924798131,-0.01056707752164545,0.020342832388264436
349,0.025983268983269,0.05523423423423421,0.0466265489921727,-0.008607685242061507,0.0206432800089037
350,0.025393822393822412,0.03946203346203347,0.03341283526625253,-0.006049198195780939,0.008019012872430117
351,0.03027413127413129,0.0551930501930502,0.0416276129924079,-0.013565437200642301,0.01135348171827661
352,0.027678249678249698,0.04425353925353926,0.03509847878190116,-0.009155060471638103,0.007420229103651459
353,0.029836550836550856,0.07150965250965251,0.0595745752186297,-0.011935077291022805,0.029738024382078846
354,0.02990604890604892,0.05620077220077223,0.04337493020506781,-0.01282584199570442,0.013468881299018888
355,0.033020592020592036,0.05699999999999998,0.04503394617561704,-0.011966053824382941,0.012013354155025004
356,0.026676962676962696,0.048788931788931796,0.03751434391436399,-0.011274587874567803,0.010837381237401297
357,0.02797168597168599,0.06903088803088805,0.05923118533719986,-0.009799702693688198,0.031259499365513865
358,0.032389961389961405,0.05808880308880311,0.046989731660341906,-0.011099071428461206,0.0145997702703805
359,0.030280566280566298,0.052239382239382286,0.04319975434761296,-0.009039627891769327,0.012919188067046661
360,0.03154826254826257,0.06563835263835266,0.05233597334186312,-0.013302379296489537,0.020787710793600554
361,0.029608751608751625,0.0695649935649935,0.05885554488678106,-0.010709448678212441,0.029246793278029436
362,0.03057142857142859,0.07052638352638352,0.059670132635268686,-0.010856250891114833,0.029098704063840096
363,0.02911068211068213,0.04592020592020596,0.03612693478544201,-0.00979327113476395,0.0070162526747598805
364,0.025149292149292166,0.053120978120978095,0.043936923263409165,-0.00918405485756893,0.018787631114117
365,0.026096525096525117,0.055615186615186614,0.04522581874962777,-0.010389367865558843,0.019129293653102654
366,0.025970398970398986,0.07200772200772203,0.0638027540596698,-0.008204967948052228,0.03783235508927081
367,0.023621621621621635,0.03351480051480053,0.025908326705472134,-0.0076064738093283984,0.0022867050838504994
368,0.02732046332046334,0.04975933075933075,0.04045644764978057,-0.00930288310955018,0.01313598432931723
369,0.028777348777348798,0.06633204633204638,0.05299672856069661,-0.013335317771349775,0.02421937978334781
370,0.034773487773487786,0.08406177606177605,0.07266351101655241,-0.011398265045223635,0.037890023243064626
371,0.03812483912483914,0.05827284427284427,0.04390909207663739,-0.014363752196206885,0.005784252951798248
372,0.032384813384813395,0.07373873873873876,0.06408168489941585,-0.009657053839322916,0.03169687151460245
373,0.02853539253539255,0.08432561132561137,0.07629860331137597,-0.008027008014235393,0.047763210775983424
374,0.025657657657657675,0.06276705276705283,0.05309639474534931,-0.00967065802170352,0.027438737087691633
375,0.030341055341055363,0.0658957528957529,0.05780355047121974,-0.008092202424533165,0.027462495130164376
376,0.026787644787644806,0.03621106821106823,0.028571019806921377,-0.007640048404146855,0.0017833750192765702
377,0.027330759330759347,0.032398970398970404,0.029716162237601644,-0.0026828081613687604,0.0023854029068422974
378,0.026945945945945963,0.06555727155727155,0.055166198995666396,-0.010391072561605152,0.028220253049720433
379,0.0255804375804376,0.059861003861003875,0.04814593813230311,-0.011715065728700763,0.022565500551865514
380,0.032446589446589465,0.055414414414414456,0.04463258340837222,-0.010781831006042235,0.012185993961782757
381,0.0256795366795367,0.08302316602316605,0.07116350052702619,-0.011859665496139857,0.04548396384748949
382,0.03515701415701418,0.09162033462033466,0.0822383284866353,-0.009382006133699355,0.04708131432962112
383,0.030052767052767066,0.0926653796653797,0.08316418428351555,-0.009501195381864155,0.053111417230748484
384,0.03426769626769628,0.04224839124839124,0.033154373989358284,-0.009094017259032958,-0.0011133222783379984
385,0.02593951093951096,0.05010296010296014,0.03819964334605757,-0.011903316756902572,0.012260132406546609
386,0.02142985842985845,0.056870012870012844,0.04424226968082454,-0.0126277431891883,0.022812411250966093
387,0.03162290862290863,0.050364221364221355,0.039537911184167385,-0.01082631018005397,0.007915002561258752
388,0.027169884169884192,0.046543114543114536,0.03844197133561904,-0.008101143207495498,0.011272087165734846
389,0.027781209781209796,0.056034749034749046,0.04410642500377326,-0.011928324030975788,0.01632521522256346
390,0.029449163449163467,0.05889446589446588,0.04601050785538458,-0.012883958039081302,0.016561344406221114
391,0.034371943371943395,0.06585070785070786,0.05738390170987379,-0.008466806140834067,0.023011958337930398
392,0.028471042471042488,0.05532175032175035,0.04500192269841258,-0.010319827623337774,0.01653088022737009
393,0.02225225225225227,0.048990990990991,0.03984416428668987,-0.009146826704301135,0.017591912034437596
394,0.028871299871299886,0.05550193050193052,0.04693362812086506,-0.008568302381065464,0.018062328249565173
395,0.030052767052767066,0.04972458172458171,0.038469119406113673,-0.011255462318468037,0.008416352353346607
396,0.03010424710424712,0.06573745173745177,0.05163395356471194,-0.014103498172739828,0.02152970646046482
397,0.03559330759330761,0.0668326898326898,0.056799952382579684,-0.010032737450110123,0.021206644789272075
398,0.02990604890604892,0.083020592020592,0.0705271129185747,-0.0124934791020173,0.040621064012525784
399,0.030178893178893194,0.05363320463320464,0.04441090803261678,-0.009222296600587855,0.01423201485372359
400,0.03132175032175034,0.04070785070785075,0.0310489192638018,-0.009658931444048946,-0.000272831057948536
401,0.029374517374517392,0.07460360360360357,0.06466620973262681,-0.009937393870976766,0.03529169235810942
402,0.03139897039897042,0.042287001287001295,0.04294553082902826,0.000658529542026963,0.011546560430057841
403,0.027921492921492937,0.05975675675675677,0.04666927439069259,-0.013087482366064176,0.018747781469199656
404,0.0334903474903475,0.06485199485199489,0.05255829205717364,-0.012293702794821247,0.019067944566826138
405,0.033352638352638374,0.039846846846846876,0.029635233672444517,-0.010211613174402358,-0.0037174046801938566
406,0.030692406692406707,0.07089703989703994,0.06250758364169692,-0.008389456255343014,0.031815176949290216
407,0.02949549549549551,0.07390476190476189,0.061819438209843265,-0.012085323694918625,0.032323942714347756
408,0.028657657657657678,0.06680823680823685,0.05399912748977181,-0.012809109318465038,0.02534146983211413
409,0.034329472329472345,0.05949678249678247,0.04841692902041442,-0.01107985347636805,0.014087456690942073
410,0.032980694980695,0.05061518661518662,0.038764533316829386,-0.011850653298357237,0.005783838336134384
411,0.026900900900900915,0.07307722007722005,0.061148216014189655,-0.011929004063030393,0.03424731511328874
412,0.0318803088803089,0.06578764478764479,0.052614254385779935,-0.013173390401864854,0.020733945505471037
413,0.0316795366795367,0.042445302445302424,0.036509728894693644,-0.00593557355060878,0.004830192215156945
414,0.0361814671814672,0.06856241956241955,0.057146215473434146,-0.011416204088985409,0.02096474829196695
415,0.03311969111969113,0.035320463320463326,0.029147380477232223,-0.006173082843231103,-0.003972310642458909
416,0.030990990990991008,0.07101544401544405,0.05966029567510482,-0.011355148340339224,0.028669304684113814
417,0.03039897039897041,0.046978120978121,0.03617819895111264,-0.010799922027008357,0.005779228552142232
418,0.031338481338481355,0.07547876447876445,0.06675109090332862,-0.00872767357543583,0.035412609564847264
419,0.023738738738738756,0.036132561132561136,0.029642996548321806,-0.00648956458423933,0.0059042578095830495
420,0.02664221364221366,0.06740411840411835,0.05530774200921393,-0.01209637639490442,0.02866552836700027
421,0.03940540540540543,0.05554054054054054,0.04471626795378117,-0.010824272586759373,0.00531086254837574
422,0.032060489060489084,0.0675469755469755,0.057032225454101686,-0.010514750092873816,0.024971736393612602
423,0.03182239382239384,0.0593101673101673,0.04971149051340977,-0.009598676796757528,0.017889096691015932
424,0.031884169884169894,0.06864607464607464,0.05899063482042113,-0.009655439825653513,0.027106464936251233
425,0.030631917631917648,0.0700900900900901,0.05788177726312919,-0.012208312826960908,0.02724985963121154
426,0.032733590733590744,0.058459459459459476,0.04665674111692165,-0.011802718342537828,0.013923150383330904
427,0.02957400257400259,0.07525740025740028,0.06601201740080108,-0.009245382856599205,0.03643801482679849
428,0.025925353925353944,0.04697039897039899,0.03907567643271723,-0.00789472253768176,0.013150322507363282
429,0.03450965250965252,0.04302445302445299,0.03213638575516511,-0.010888067269287885,-0.002373266754487416
430,0.028039897039897056,0.0613037323037323,0.04935574536131688,-0.011947986942415424,0.021315848321419823
431,0.026193050193050214,0.04759073359073361,0.036289883535066625,-0.011300850055666986,0.010096833342016411
432,0.03043371943371945,0.06094723294723294,0.05126415261745537,-0.00968308032977757,0.02083043318373592
433,0.02910810810810813,0.055298584298584315,0.045124776397461916,-0.010173807901122399,0.016016668289353785
434,0.030218790218790235,0.07892792792792795,0.0659355921345798,-0.012992335793348145,0.035716801915789576
435,0.028749034749034764,0.10005019305019305,0.09323139952130252,-0.006818793528890532,0.06448236477226776
436,0.025486486486486506,0.0651994851994852,0.05347623660764616,-0.011723248591839035,0.027989750121159652
437,0.029198198198198213,0.060821106821106856,0.04862020387932232,-0.012200902941784539,0.019422005681124104
438,0.033817245817245836,0.053840411840411814,0.04201103640004625,-0.011829375440365567,0.008193790582800412
439,0.025337194337194353,0.05918532818532817,0.04711361011246014,-0.012071718072868033,0.021776415775265786
440,0.02513899613899616,0.058422136422136416,0.049721820123896934,-0.008700316298239481,0.024582823984900776
441,0.035476190476190494,0.04885585585585587,0.03676688453448827,-0.012088971321367596,0.0012906940582977783
442,0.027422136422136437,0.0694195624195624,0.060179614767165886,-0.009239947652396517,0.03275747834502945
443,0.029667953667953686,0.05876061776061772,0.04820202743476904,-0.010558590325848681,0.018534073766815356
444,0.029016731016731034,0.06036036036036036,0.051313701485206295,-0.009046658875154066,0.02229697046847526
445,0.030680823680823695,0.048580437580437584,0.03866785357429407,-0.009912584006143511,0.007987029893470377
446,0.028824967824967844,0.06259974259974262,0.051569402919696423,-0.011030339680046193,0.02274443509472858
447,0.04185456885456887,0.04931145431145433,0.0403306417135104,-0.008980812597943935,-0.0015239271410584718
448,0.024694980694980714,0.06339253539253545,0.04946423065251313,-0.013928304740022317,0.024769249957532418
449,0.030922779922779937,0.043558558558558585,0.03484740052637854,-0.008711158032180047,0.003924620603598602
450,0.02821492921492923,0.0701003861003861,0.057933387816389924,-0.012166998283996179,0.029718458601460693
451,0.02854826254826257,0.04955341055341055,0.04154575544605428,-0.008007655107356272,0.012997492897791712
452,0.026948519948519968,0.04303346203346205,0.038344373637821824,-0.004689088395640223,0.011395853689301856
453,0.026243243243243265,0.05642213642213643,0.04673905296369266,-0.009683083458443771,0.02049580972044939
454,0.03279279279279281,0.07531016731016729,0.06658109290364399,-0.008729074406523304,0.033788300110851176
455,0.02386486486486488,0.06932561132561134,0.0594214815225331,-0.00990412980307824,0.03555661665766822
456,0.029307593307593326,0.04922651222651221,0.038451333545866224,-0.010775178680645987,0.009143740238272899
457,0.025655083655083677,0.045442728442728474,0.033006347948383016,-0.012436380494345457,0.007351264293299339
458,0.023514800514800534,0.08867181467181473,0.07908730220096985,-0.00958451247084488,0.05557250168616931
459,0.02600000000000002,0.06835778635778635,0.05685975272505702,-0.011498033632729325,0.030859752725057
460,0.03139897039897042,0.07035521235521236,0.05784625445497621,-0.01250895790023615,0.026447284056005792
461,0.026491634491634507,0.06225096525096528,0.04979362871828283,-0.012457336532682453,0.02330199422664832
462,0.02753925353925356,0.06586743886743888,0.05546745376763236,-0.010399985099806525,0.0279282002283788
463,0.02790218790218792,0.05762033462033464,0.046604313654011756,-0.011016020966322884,0.018702125751823836
464,0.033411840411840435,0.07230501930501936,0.06077807516661502,-0.011526944138404334,0.027366234754774586
465,0.029396396396396417,0.052429858429858464,0.04506273714688904,-0.007367121282969423,0.015666340750492624
466,0.031446589446589464,0.04612097812097811,0.034908578474141104,-0.011212399646837005,0.00346198902755164
467,0.025588159588159607,0.05378378378378381,0.04230297701476298,-0.01148080676902083,0.016714817426603374
468,0.033732303732303744,0.062301158301158316,0.04951775742975811,-0.01278340087140021,0.015785453697454363
469,0.02833462033462035,0.05845945945945946,0.04666717232105786,-0.011792287138401601,0.01833255198643751
470,0.032039897039897056,0.04124967824967826,0.03406128595438776,-0.007188392295290502,0.0020213889144907043
471,0.02766666666666668,0.04812870012870017,0.03717043963336951,-0.010958260495330663,0.00950377296670283
472,0.03279279279279281,0.06763835263835266,0.06026445729387361,-0.007373895344479048,0.0274716645010808
473,0.037858429858429875,0.056960102960102975,0.045997799560897175,-0.0109623033992058,0.0081393697024673
474,0.028387387387387403,0.06048005148005151,0.04777621119195547,-0.012703840288096041,0.019388823804568068
475,0.029540540540540557,0.04233976833976836,0.03518448888703633,-0.007155279452732026,0.005643948346495776
476,0.031078507078507095,0.04675289575289577,0.03653731040695875,-0.010215585345937021,0.005458803328451653
477,0.025486486486486503,0.05400514800514801,0.042469070862607074,-0.011536077142540936,0.01698258437612057
478,0.03427670527670528,0.04947876447876449,0.04042413199514055,-0.00905463248362394,0.006147426718435267
479,0.028815958815958834,0.08227927927927928,0.07298377719740959,-0.009295502081869689,0.04416781838145076
480,0.03287001287001289,0.05783912483912482,0.04873282093142296,-0.009106303907701854,0.01586280806141007
481,0.026640926640926658,0.05389575289575291,0.04176109732982164,-0.012134655565931268,0.015120170688894981
482,0.023850707850707868,0.04874388674388675,0.03882227678000944,-0.00992160996387731,0.014971568929301574
483,0.02682239382239384,0.056393822393822415,0.04466446076937286,-0.011729361624449555,0.01784206694697902
484,0.033873873873873896,0.05495366795366793,0.04396544460356707,-0.010988223350100856,0.010091570729693175
485,0.028525096525096542,0.07520077220077219,0.06329876363857964,-0.011902008562192548,0.0347736671134831
486,0.023141570141570155,0.04752252252252253,0.0349278952296491,-0.012594627292873431,0.011786325088078944
487,0.031041184041184063,0.07206692406692403,0.05951657157851781,-0.012550352488406219,0.028475387537333745
488,0.0264851994851995,0.053310167310167356,0.042156816017490883,-0.011153351292676472,0.015671616532291384
489,0.02802445302445304,0.07820334620334621,0.06669771341552148,-0.011505632787824724,0.03867326039106844
490,0.025948519948519967,0.06682882882882886,0.05550460021823281,-0.011324228610596052,0.02955608026971284
491,0.038025740025740044,0.06535135135135134,0.0558635129480948,-0.009487838403256538,0.017837772922354757
492,0.0315881595881596,0.05474646074646076,0.043370156727428555,-0.011376304019032203,0.011781997139268953
493,0.029674388674388687,0.05010939510939512,0.04302471489203473,-0.0070846802173603896,0.013350326217646043
494,0.02673359073359075,0.03625997425997427,0.03344035755458207,-0.0028196167053922,0.006706766820991323
495,0.02704504504504506,0.06663963963963962,0.055840908306169564,-0.010798731333470056,0.028795863261124502
496,0.022716859716859734,0.06540283140283142,0.05480254148637569,-0.010600289916455723,0.032085681769515956
497,0.033553410553410566,0.04613127413127413,0.03815482090094645,-0.007976453230327682,0.004601410347535882
498,0.027915057915057932,0.055805662805662834,0.046763108102964905,-0.009042554702697929,0.018848050187906973
499,0.029111969111969126,0.0531956241956242,0.043393009401493,-0.0098026147941312,0.014281040289523875
500,0.03282239382239384,0.03709137709137712,0.03246871234467442,-0.004622664746702705,-0.0003536814777194211
501,0.028065637065637087,0.04521106821106821,0.03794886988451519,-0.007262198326553018,0.009883232818878106
502,0.031948519948519966,0.050734877734877705,0.04113640142575831,-0.009598476309119398,0.009187881477238341
503,0.02732689832689834,0.04678764478764481,0.04052222882587625,-0.006265415961768557,0.01319533049897791
504,0.03120592020592022,0.055341055341055365,0.04463452558286296,-0.010706529758192404,0.01342860537694274
505,0.02659588159588161,0.07376576576576577,0.0635380919201265,-0.010227673845639274,0.036942210324244884
506,0.02941698841698844,0.06166924066924067,0.050212327490774,-0.011456913178466671,0.02079533907378556
507,0.033985842985843,0.06049549549549546,0.05124382011260867,-0.009251675382886793,0.017257977126765668
508,0.028229086229086247,0.0418725868725869,0.032149491242993766,-0.009723095629593136,0.003920405013907519
509,0.025330759330759345,0.0866087516087516,0.07535829539775236,-0.011250456210999238,0.05002753606699302
510,0.027437580437580454,0.04082625482625487,0.03143467384951615,-0.009391580976738721,0.003997093411935694
511,0.033719433719433735,0.06051866151866155,0.04984713625025129,-0.01067152526841026,0.016127702530817557
512,0.02735135135135137,0.04915701415701416,0.039277451275840404,-0.009879562881173753,0.011926099924489033
513,0.029334620334620354,0.03745302445302445,0.03157962352934843,-0.005873400923676025,0.002245003194728073
514,0.03131145431145432,0.06667052767052764,0.055603327624601094,-0.011067200045926547,0.02429187331314677
515,0.03581595881595883,0.08324195624195621,0.07637383611679402,-0.0068681201251621915,0.04055787730083519
516,0.029701415701415722,0.047693693693693695,0.041788037944731224,-0.005905655748962471,0.012086622243315501
517,0.031177606177606194,0.04069755469755471,0.031647585910021876,-0.009049968787532836,0.0004699797324156825
518,0.03215958815958817,0.037857142857142874,0.03121873347142772,-0.006638409385715156,-0.0009408546881604536
519,0.02161389961389963,0.08642985842985838,0.07704065072766737,-0.00938920770219101,0.05542675111376774
520,0.029359073359073385,0.043994851994852,0.037283031511758505,-0.006711820483093496,0.00792395815268512
521,0.028912483912483924,0.08279021879021879,0.07371268440708392,-0.00907753438313487,0.0448002004946
522,0.027958815958815973,0.046684684684684744,0.0361086309169552,-0.010576053767729542,0.00814981495813923
523,0.027854568854568867,0.04761647361647365,0.03498969355432783,-0.01262678006214582,0.007135124699758962
524,0.030023166023166035,0.05303474903474906,0.04539552065196777,-0.007639228382781284,0.015372354628801738
525,0.03343886743886746,0.06367953667953666,0.051733629235059676,-0.011945907444476982,0.018294761796192216
526,0.025148005148005165,0.04492792792792797,0.03632588454220885,-0.00860204338571912,0.011177879394203685
527,0.02980952380952382,0.03983783783783785,0.03136867951828182,-0.008469158319556032,0.0015591557087579963
528,0.03393693693693695,0.07173616473616477,0.06149806871703718,-0.01023809601912759,0.02756113178010023
529,0.027193050193050204,0.03754311454311454,0.032805752972642224,-0.004737361570472318,0.00561270277959202
530,0.031066924066924084,0.05882368082368084,0.04836884983754928,-0.010454830986131564,0.017301925770625195
531,0.027535392535392552,0.04728442728442729,0.040558512517991696,-0.006725914766435595,0.013023119982599144
532,0.026557271557271573,0.06659845559845556,0.05776466639406166,-0.008833789204393906,0.031207394836790085
533,0.03452767052767054,0.07486872586872587,0.06480811399143367,-0.010060611877292194,0.03028044346376313
534,0.02429214929214931,0.07124710424710429,0.06148367339899195,-0.009763430848112334,0.03719152410684264
535,0.0327824967824968,0.07179665379665384,0.05933758852802904,-0.012459065268624801,0.026555091745532243
536,0.03338996138996141,0.0613848133848134,0.05281559171980335,-0.008569221665010049,0.019425630329841938
537,0.02849292149292151,0.06516859716859719,0.05352956566854916,-0.011639031500048025,0.02503664417562765
538,0.02873101673101675,0.06813899613899616,0.05437708441517134,-0.013761911723824814,0.025646067684154592
539,0.030769626769626787,0.0673513513513514,0.057623085865931345,-0.009728265485420051,0.026853459096304558
540,0.027104247104247126,0.06424195624195625,0.05372937878201731,-0.010512577459938936,0.026625131677770187
541,0.026451737451737466,0.05585456885456886,0.046154271794024045,-0.009700297060544816,0.01970253434228658
542,0.03212226512226513,0.05160746460746465,0.04009168887129833,-0.011515775736166314,0.0079694237490332
543,0.029983268983269,0.06984041184041187,0.05734381255471771,-0.01249659928569416,0.02736054357144871
544,0.029601029601029616,0.07703088803088805,0.06537483565444861,-0.011656052376439435,0.035773806053419
545,0.03544401544401546,0.055202059202059214,0.04780091160127315,-0.0074011476007860635,0.012356896157257692
546,0.030019305019305036,0.0665791505791506,0.05564049502253893,-0.010938655556611679,0.02562119000323389
547,0.027963963963963983,0.07066795366795363,0.056877555322421995,-0.013790398345531633,0.028913591358458012
548,0.02542857142857145,0.05055598455598456,0.04133045039288228,-0.009225534163102282,0.01590187896431083
549,0.034234234234234245,0.07116344916344919,0.05976494841236674,-0.011398500751082445,0.025530714178132498
550,0.028700128700128717,0.056607464607464665,0.04628192934733854,-0.010325535260126126,0.017581800647209822
551,0.025908622908622926,0.05458429858429856,0.04370088910211197,-0.010883409482186586,0.017792266193489045
552,0.026909909909909928,0.07891505791505793,0.06948052873632711,-0.009434529178730819,0.04257061882641718
553,0.03285328185328187,0.06450836550836549,0.052162411071001384,-0.012345954437364103,0.019309129217719517
554,0.03657786357786359,0.04917117117117121,0.038198875211515895,-0.010972295959655314,0.0016210116336523028
555,0.032876447876447897,0.07271428571428569,0.06299993606224129,-0.009714349652044402,0.03012348818579339
556,0.028610038610038628,0.06956499356499359,0.05840657997771377,-0.011158413587279814,0.029796541367675143
557,0.030863577863577882,0.07387902187902184,0.06484356876705404,-0.009035453111967809,0.03397999090347616
558,0.03229214929214931,0.06700900900900902,0.05474916177239336,-0.012259847236615662,0.02245701248024405
559,0.03155083655083656,0.05774259974259977,0.04808062010732718,-0.009661979635272593,0.016529783556490617
560,0.02506177606177608,0.043803088803088815,0.03196178783506767,-0.011841300968021141,0.0069000117732915915
561,0.0274839124839125,0.042840411840411846,0.03492277398273158,-0.007917637857680265,0.007438861498819081
562,0.02864221364221366,0.068014157014157,0.056251959854425215,-0.011762197159731785,0.027609746212211555
563,0.021588159588159603,0.06780051480051483,0.05766893867420409,-0.010131576126310736,0.036080779086044484
564,0.028879021879021895,0.059736164736164755,0.04716996054787563,-0.012566204188289125,0.018290938668853736
565,0.03953024453024455,0.07525611325611324,0.0628437633611194,-0.012412349894993846,0.023313518830874846
566,0.03502316602316605,0.07627155727155728,0.06447529536457844,-0.011796261906978842,0.029452129341412392
567,0.02855598455598457,0.06646074646074651,0.05362291806095417,-0.01283782839979234,0.0250669335049696
568,0.025093951093951114,0.0709202059202059,0.05805790607196458,-0.012862299848241318,0.032963954978013466
569,0.02566280566280568,0.06564607464607461,0.05537203513731841,-0.010274039508756203,0.029709229474512728
570,0.030432432432432453,0.061086229086229064,0.051334018348254136,-0.009752210737974928,0.020901585915821683
571,0.031227799227799245,0.05974646074646075,0.050410750007836444,-0.009335710738624305,0.0191829507800372
572,0.029861003861003873,0.057433719433719464,0.04415735417758926,-0.013276365256130206,0.014296350316585386
573,0.027870012870012888,0.03688545688545691,0.03192710518857051,-0.0049583516968864025,0.004057092318557623
574,0.03061776061776063,0.046693693693693694,0.03874304092673651,-0.00795065276695718,0.008125280308975882
575,0.030983268983269002,0.040552123552123565,0.03539505510405387,-0.005157068448069693,0.004411786120784869
576,0.031006435006435025,0.057261261261261284,0.0468178042239734,-0.010443457037287884,0.015811369217538375
577,0.03138996138996141,0.0416048906048906,0.03368183154189621,-0.00792305906299439,0.0022918701519347995
578,0.02492149292149294,0.0836795366795367,0.07595132680911142,-0.007728209870425287,0.051029833887618475
579,0.026160875160875174,0.048866151866151855,0.03836037630330527,-0.010505775562846584,0.012199501142430097
580,0.03217503217503219,0.0673140283140283,0.05441658661607293,-0.01289744169795537,0.022241554441040742
581,0.027007722007722022,0.047037323037323046,0.040427449649989775,-0.006609873387333272,0.013419727642267752
582,0.03123294723294725,0.050740025740025736,0.03934867012274675,-0.011391355617278984,0.008115722889799504
583,0.029931788931788942,0.060191763191763205,0.05037021462704529,-0.009821548564717918,0.020438425695256345
584,0.028091377091377108,0.05231788931788933,0.042446724947085956,-0.009871164370803376,0.014355347855708848
585,0.03068854568854571,0.05253024453024452,0.040527733321090706,-0.012002511209153813,0.009839187632544995
586,0.025392535392535408,0.055694980694980696,0.044069732889701424,-0.011625247805279272,0.018677197497166016
587,0.029362934362934374,0.04179021879021881,0.03076748346611012,-0.01102273532410869,0.0014045491031757472
588,0.029796653796653815,0.04803732303732305,0.04462399706465978,-0.003413325972663264,0.014827343268005968
589,0.024359073359073374,0.0433796653796654,0.03426324661527416,-0.009116418764391239,0.009904173256200789
590,0.02736164736164738,0.05797683397683393,0.047255305817685174,-0.010721528159148758,0.019893658456037792
591,0.03107722007722009,0.06323037323037327,0.050548778370975794,-0.012681594859397474,0.019471558293755704
592,0.029038610038610056,0.03915057915057918,0.031961441922453905,-0.007189137228125274,0.0029228318838438495
593,0.029552123552123572,0.05870785070785071,0.04514606453931453,-0.013561786168536177,0.015593940987190958
594,0.028189189189189206,0.0453861003861004,0.03691200755908913,-0.008474092827011268,0.008722818369899927
595,0.03347361647361649,0.0663114543114543,0.055183175471273015,-0.011128278840181284,0.021709558997656524
596,0.02354054054054056,0.05859330759330757,0.0486416649390602,-0.009951642654247368,0.02510112439851964
597,0.026347490347490368,0.05752767052767057,0.047699015167616494,-0.009828655360054075,0.021351524820126127
598,0.034555984555984576,0.07897683397683394,0.0682952544863307,-0.010681579490503246,0.03373926993034612
599,0.026078507078507094,0.04232561132561132,0.03636087405262258,-0.0059647372729887405,0.010282366974115487
600,0.02440154440154442,0.09385070785070787,0.0864917533041489,-0.007358954546558966,0.062090208902604485
601,0.034773487773487786,0.06265508365508364,0.05319356504448999,-0.009461518610593647,0.018420077271002207
602,0.027908622908622928,0.0671776061776062,0.056656201080088904,-0.01052140509751729,0.028747578171465976
603,0.039598455598455616,0.049339768339768324,0.04324246369306635,-0.0060973046467019745,0.003644008094610733
604,0.030797940797940813,0.0702844272844273,0.0561923570872861,-0.014092070197141197,0.025394416289345287
605,0.027682110682110704,0.051266409266409275,0.04239771924028371,-0.008868690026125566,0.014715608558173006
606,0.02641570141570143,0.05909781209781209,0.04926979283406588,-0.009828019263746213,0.022854091418364447
607,0.032393822393822415,0.051916344916344934,0.04116111017155623,-0.010755234744788705,0.008767287777733813
608,0.030616473616473634,0.04928828828828831,0.04050611440116432,-0.00878217388712399,0.009889640784690686
609,0.030808236808236827,0.06920849420849416,0.059152992011999646,-0.010055502196494516,0.02834475520376282
610,0.02900257400257402,0.03957915057915059,0.033115858652267745,-0.006463291926882844,0.004113284649693724
611,0.02959974259974262,0.050969111969111996,0.04132044829501478,-0.009648663674097217,0.01172070569527216
612,0.0368906048906049,0.06893693693693695,0.05871079285785388,-0.010226144079083066,0.02182018796724898
613,0.027830115830115847,0.04074903474903476,0.03671237336777651,-0.004036661381258251,0.008882257537660664
614,0.03439382239382241,0.04202316602316604,0.03503680198759148,-0.006986364035574559,0.0006429795937690705
615,0.030438867438867454,0.04311969111969114,0.0335192184832919,-0.009600472636399238,0.0030803510444244488
616,0.033070785070785085,0.05436164736164734,0.04402755122673922,-0.01033409613490812,0.010956766155954138
617,0.02300000000000002,0.051634491634491665,0.04192657679424138,-0.009707914840250284,0.01892657679424136
618,0.028755469755469772,0.06197940797940798,0.05340011891726596,-0.008579289062142018,0.02464464916179619
619,0.02670012870012872,0.04733333333333338,0.03601994655204526,-0.01131338678128812,0.009319817851916542
620,0.034518661518661536,0.08796782496782495,0.07767587358505434,-0.0102919513827706,0.04315721206639281
621,0.027791505791505806,0.066028314028314,0.054464970674753935,-0.01156334335356006,0.02667346488324813
622,0.03226383526383528,0.07358172458172461,0.06330253148068693,-0.010279193101037684,0.031038696216851652
623,0.02649549549549551,0.052737451737451736,0.03995719261663211,-0.012780259120819627,0.013461697121136599
624,0.03564350064350066,0.06162805662805667,0.050928336671135735,-0.010699719956920935,0.015284836027635078
625,0.032377091377091397,0.06755212355212357,0.056731993923606144,-0.01082012962851743,0.024354902546514748
626,0.029846846846846863,0.0615353925353926,0.04877013642042263,-0.012765256114969967,0.01892328957357577
627,0.026024453024453043,0.05339897039897042,0.0413952366070846,-0.012003733791885823,0.015370783582631557
628,0.028801801801801825,0.043292149292149314,0.03187910937732418,-0.011413039914825132,0.003077307575522357
629,0.02932046332046333,0.044351351351351355,0.03843100285161728,-0.0059203484997340725,0.009110539531153952
630,0.029333333333333347,0.05624066924066929,0.04482232151809162,-0.011418347722577667,0.015488988184758277
631,0.029472329472329493,0.05003346203346202,0.036710268051996946,-0.013323193981465073,0.007237938579667452
632,0.0256846846846847,0.07161389961389959,0.06218264265692554,-0.009431256956974055,0.03649795797224084
633,0.02996138996138997,0.08511711711711713,0.07544443653981939,-0.00967268057729774,0.045483046578429415
634,0.03553153153153154,0.07781081081081083,0.06710100002632174,-0.010709810784489085,0.031569468494790205
635,0.024435006435006453,0.052205920205920193,0.044382023200381655,-0.007823897005538538,0.019947016765375202
636,0.027588159588159605,0.05161776061776058,0.04305373998996351,-0.00856402062779707,0.015465580401803902
637,0.023963963963963983,0.08257400257400256,0.06977803402879575,-0.012795968545206815,0.04581407006483176
638,0.035842985842985856,0.05270398970398972,0.0396838536528787,-0.01302013605111102,0.003840867809892845
639,0.03335907335907338,0.06345431145431152,0.05238322212988913,-0.011071089324422391,0.01902414877081575
640,0.032092664092664105,0.03820077220077219,0.03021854801809877,-0.007982224182673421,-0.0018741160745653351
641,0.029110682110682132,0.053334620334620324,0.04188477208045654,-0.011449848254163786,0.012774089969774406
642,0.02551608751608753,0.0771196911196911,0.0623738914904074,-0.014745799629283692,0.03685780397431987
643,0.028849420849420868,0.07065637065637065,0.06062102813407853,-0.010035342522292115,0.031771607284657666
644,0.021797940797940812,0.04603603603603606,0.03484004271659902,-0.01119599331943704,0.013042101918658205
645,0.03770141570141572,0.06880952380952385,0.06132160686138879,-0.007487916948135061,0.023620191159973068
646,0.029957528957528973,0.056172458172458146,0.044763941251488366,-0.01140851692096978,0.014806412293959393
647,0.02865508365508367,0.05412226512226512,0.04003676021328639,-0.014085504908978724,0.011381676558202724
648,0.027571428571428587,0.05239382239382241,0.042612951885112944,-0.009780870508709467,0.015041523313684357
649,0.028696267696267715,0.06751608751608752,0.05587917269903837,-0.011636914817049156,0.027182905002770652
650,0.029164736164736183,0.07920849420849424,0.06864417427704803,-0.010564319931446214,0.039479438112311846
651,0.025164736164736183,0.05998198198198198,0.049795892823642864,-0.010186089158339115,0.02463115665890668
652,0.02899227799227801,0.04525997425997431,0.033410867663236705,-0.011849106596737602,0.004418589670958695
653,0.02826383526383528,0.06279407979407978,0.052110460521208,-0.010683619272871779,0.023846625257372717
654,0.02596010296010297,0.051512226512226506,0.04249392123580001,-0.009018305276426497,0.016533818275697037
655,0.03305019305019307,0.0647850707850708,0.051988729192199205,-0.012796341592871595,0.018938536142006135
656,0.023244530244530263,0.053848133848133875,0.04244838399007183,-0.011399749858062046,0.019203853745541566
657,0.026956241956241977,0.05239124839124838,0.043968536753912164,-0.008422711637336218,0.017012294797670188
658,0.026940797940797956,0.05897425997425997,0.048672093436436456,-0.010302166537823516,0.0217312954956385
659,0.024535392535392553,0.058449163449163455,0.047437900811219964,-0.01101126263794349,0.02290250827582741
660,0.03243500643500646,0.07056370656370653,0.06277456326721098,-0.007789143296495549,0.030339556832204524
661,0.03221879021879024,0.0704272844272844,0.05977230269054319,-0.010654981736741204,0.02755351247175295
662,0.02814929214929217,0.06254054054054053,0.0524042795506272,-0.010136260989913333,0.024254987401335033
663,0.03525096525096527,0.048997425997425986,0.039829658619599646,-0.00916776737782634,0.004578693368634375
664,0.02725611325611327,0.05035135135135137,0.038927555474294294,-0.011423795877057073,0.011671442218181022
665,0.030653796653796667,0.063009009009009,0.052956575127777086,-0.01005243388123192,0.02230277847398042
666,0.03411840411840414,0.03786486486486488,0.040619428597987464,0.002754563733122585,0.0065010244795833255
667,0.03138223938223939,0.06776447876447869,0.0586013156420058,-0.009163163122472895,0.027219076259766405
668,0.030657657657657673,0.06717503217503223,0.05368826311433903,-0.013486769060693203,0.02303060545668136
669,0.02915186615186617,0.05845045045045042,0.04712729113630963,-0.011323159314140789,0.01797542498444346
670,0.028688545688545706,0.054845559845559805,0.04540305900704826,-0.009442500838511544,0.016714513318502554
671,0.028314028314028333,0.06474646074646077,0.05482872336976777,-0.009917737376693006,0.026514695055739435
672,0.02943629343629345,0.07201544401544403,0.062264483685272584,-0.009750960330171449,0.032828190248979136
673,0.030536679536679556,0.06180180180180184,0.05083472696980551,-0.010967074831996326,0.020298047433125955
674,0.02647747747747749,0.051048906048906044,0.04186662083638311,-0.009182285212522935,0.015389143358905618
675,0.030836550836550854,0.0414967824967825,0.03314837240508551,-0.00834841009169699,0.0023118215685346555
676,0.027126126126126145,0.035048906048906064,0.027997687485616853,-0.007051218563289212,0.0008715613594907079
677,0.03140025740025742,0.04996396396396395,0.04422190719725506,-0.005742056766708893,0.012821649796997639
678,0.03271042471042473,0.04374259974259976,0.035174296072737345,-0.008568303669862415,0.002463871362312617
679,0.027676962676962694,0.034545688545688576,0.039087995444983155,0.004542306899294579,0.011411032768020461
680,0.027066924066924083,0.08384427284427287,0.07404816389222574,-0.009796108952047133,0.046981239825301654
681,0.03480694980694982,0.05790218790218789,0.04571371046268842,-0.012188477439499468,0.010906760655738597
682,0.02877220077220079,0.05825997425997427,0.04559954562845129,-0.012660428631522981,0.0168273448562505
683,0.032966537966537986,0.04792149292149291,0.04272124500251229,-0.005200247918980626,0.009754707035974301
684,0.03230501930501933,0.03783526383526384,0.029464980476732048,-0.00837028335853179,-0.0028400388282872786
685,0.02903088803088805,0.06146718146718147,0.050563849970048404,-0.010903331497133066,0.021532961939160353
686,0.02793951093951096,0.05951994851994856,0.04755012413031146,-0.011969824389637097,0.019610613190800503
687,0.03179279279279281,0.05972586872586875,0.04787020306767495,-0.0118556656581938,0.016077410274882138
688,0.02864864864864867,0.04993693693693695,0.04043115715471325,-0.009505779782223701,0.011782508506064583
689,0.028495495495495515,0.060705276705276735,0.04955059094062235,-0.011154685764654386,0.021055095445126834
690,0.034803088803088814,0.07085199485199488,0.06076287169486324,-0.01008912315713164,0.025959782891774426
691,0.024992277992278003,0.056660231660231666,0.046137723266922226,-0.01052250839330944,0.021145445274644223
692,0.02624839124839127,0.06405276705276707,0.05290030689918477,-0.011152460153582296,0.0266519156507935
693,0.025749034749034765,0.07295238095238099,0.06282239409562657,-0.010129986856754425,0.0370733593465918
694,0.032661518661518674,0.04202445302445305,0.03916645303971325,-0.0028579999847397966,0.006504934378194577
695,0.03250579150579152,0.04437580437580441,0.03575361957447522,-0.008622184801329195,0.003247828068683699
696,0.03269626769626771,0.05609909909909912,0.045120080295557405,-0.010979018803541712,0.012423812599289694
697,0.02795752895752898,0.06421235521235526,0.0547533078415075,-0.00945904737084776,0.026795778883978518
698,0.032882882882882894,0.052737451737451736,0.0408909349856088,-0.011846516751842937,0.008008052102725906
699,0.0291788931788932,0.07331016731016735,0.0626715273165192,-0.010638639993648141,0.033492634137626
700,0.02981724581724583,0.0527052767052767,0.042936300881357845,-0.009768975823918856,0.013119055064112015
701,0.032652509652509674,0.0624774774774775,0.052149719724928184,-0.010327757752549314,0.01949721007241851
702,0.02416216216216218,0.04978120978120978,0.03852847275310789,-0.011252737028101888,0.01436631059094571
703,0.03354440154440156,0.05540540540540541,0.048339363068097115,-0.007066042337308294,0.014794961523695555
704,0.030464607464607486,0.05607979407979409,0.04645656722592527,-0.009623226853868821,0.015991959761317783
705,0.021980694980695,0.0638133848133848,0.0529571077426142,-0.010856277070770602,0.030976412761919203
706,0.026876447876447895,0.04195881595881597,0.0353696015525504,-0.006589214406265566,0.008493153676102507
707,0.03129601029601031,0.05799742599742599,0.047269964646025384,-0.010727461351400604,0.01597395435001507
708,0.027297297297297313,0.05106177606177605,0.03873175485418215,-0.012330021207593904,0.011434457556884835
709,0.03224453024453026,0.07457915057915061,0.061789060730776356,-0.012790089848374257,0.0295445304862461
710,0.03490990990990992,0.08485199485199486,0.0742126491620276,-0.010639345689967258,0.039302739252117684
711,0.02333848133848136,0.0463899613899614,0.03558188426284704,-0.01080807712711436,0.012243402924365678
712,0.029359073359073378,0.05442985842985844,0.043703209011412406,-0.010726649418446033,0.014344135652339027
713,0.026647361647361666,0.07663963963963968,0.06760136813047996,-0.009038271509159729,0.04095400648311829
714,0.03374517374517376,0.046527670527670574,0.03439583927676489,-0.01213183125090568,0.0006506655315911339
715,0.033460746460746475,0.05388030888030886,0.04326053763913499,-0.010619771241173873,0.009799791178388514
716,0.027437580437580458,0.07080694980694983,0.06290557483074982,-0.007901374976200012,0.03546799439316936
717,0.025819819819819834,0.0594337194337194,0.049424163738343366,-0.010009555695376031,0.02360434391852353
718,0.03280308880308882,0.06062419562419565,0.04825475997267948,-0.012369435651516172,0.015451671169590661
719,0.028792792792792808,0.07646074646074644,0.06721290147940219,-0.009247844981344247,0.03842010868660938
720,0.031907335907335924,0.06312612612612616,0.051135182687893355,-0.011990943438232801,0.01922784678055743
721,0.024768339768339784,0.056648648648648665,0.04623464892699621,-0.010413999721652453,0.021466309158656428
722,0.027338481338481352,0.09088674388674386,0.0806122349137784,-0.01027450897296546,0.05327375357529705
723,0.026909909909909928,0.05347619047619048,0.04158992385366992,-0.011886266622520562,0.014680013943759992
724,0.030913770913770927,0.059848133848133846,0.04835255848708371,-0.011495575361050135,0.017438787573312783
725,0.030768339768339783,0.06745817245817247,0.05622802960675305,-0.01123014285141942,0.025459689838413267
726,0.02883526383526385,0.037149292149292135,0.03290853164081856,-0.004240760508473572,0.004073267805554712
727,0.036599742599742614,0.04859330759330757,0.042697268468507917,-0.0058960391247996555,0.006097525868765302
728,0.0265740025740026,0.060213642213642206,0.05206244840488765,-0.008151193808754557,0.02548844583088505
729,0.024366795366795386,0.06413770913770916,0.053341747794734294,-0.01079596134297487,0.02897495242793891
730,0.030698841698841715,0.08643500643500641,0.07453277254218317,-0.011902233892823244,0.04383393084334146
731,0.028275418275418296,0.06198326898326899,0.050788726292085896,-0.011194542691183092,0.0225133080166676
732,0.030615186615186633,0.06470785070785072,0.054962586623120334,-0.009745264084730386,0.0243474000079337
733,0.026207207207207227,0.055419562419562404,0.0431616310745966,-0.012257931344965806,0.016954423867389372
734,0.03442599742599744,0.049296010296010315,0.03840620547303594,-0.010889804822974372,0.003980208047038504
735,0.027110682110682127,0.06753281853281855,0.05648164971844537,-0.01105116881437318,0.02937096760776324
736,0.0284800514800515,0.04123037323037323,0.030534064073160703,-0.010696309157212525,0.0020540125931092015
737,0.02356241956241958,0.046749034749034794,0.03713309445439877,-0.009615940294636027,0.013570674891979186
738,0.029348777348777364,0.047727155727155746,0.039388939811489554,-0.008338215915666192,0.01004016246271219
739,0.028332046332046352,0.05874259974259976,0.046742384886555396,-0.012000214856044362,0.018410338554509045
740,0.029786357786357798,0.0547657657657658,0.03972588165769893,-0.015039884108066871,0.00993952387134113
741,0.03366280566280568,0.05172072072072076,0.040589952580710076,-0.011130768140010683,0.0069271469179043935
742,0.030809523809523832,0.07905405405405402,0.06934953943101725,-0.009704514623036772,0.03854001562149342
743,0.025988416988417008,0.08252638352638353,0.07144971508777241,-0.011076668438611117,0.0454612980993554
744,0.026478764478764495,0.07980566280566281,0.0707908084221814,-0.009014854383481416,0.0443120439434169
745,0.03071042471042473,0.057949806949806955,0.047854051921724414,-0.010095755028082541,0.017143627211299684
746,0.034796653796653816,0.04771814671814673,0.04111099523268062,-0.00660715148546611,0.006314341436026806
747,0.029011583011583037,0.05693564993564993,0.04586165826078518,-0.011073991674864753,0.01685007524920214
748,0.02843371943371945,0.07453024453024458,0.06485417168219214,-0.009676072848052442,0.03642045224847269
749,0.030042471042471056,0.0530707850707851,0.041673326827974776,-0.011397458242810327,0.01163085578550372
750,0.02716988416988419,0.06824066924066922,0.05918722137464598,-0.009053447866023245,0.03201733720476179
751,0.02840154440154442,0.06069626769626771,0.05200480511283697,-0.008691462583430738,0.02360326071129255
752,0.029414414414414426,0.07266023166023168,0.0615003867999504,-0.011159844860281279,0.032085972385535975
753,0.027151866151866173,0.04811711711711712,0.03832857668215758,-0.009788540434959546,0.011176710530291404
754,0.030451737451737466,0.06433848133848138,0.05160183198916782,-0.012736649349313567,0.02115009453743035
755,0.030033462033462053,0.06733976833976835,0.05183168449988064,-0.015508083839887707,0.021798222466418587
756,0.029519948519948533,0.08284427284427287,0.0745966555898251,-0.008247617254447767,0.04507670706987657
757,0.03301029601029603,0.05514800514800517,0.041986679307615314,-0.013161325840389856,0.008976383297319285
758,0.03004375804375806,0.06514285714285718,0.05293556506472269,-0.012207292078134493,0.02289180702096463
759,0.029459459459459474,0.05098712998713,0.04013807648710665,-0.010849053500023353,0.010678617027647174
760,0.026527670527670542,0.04391763191763194,0.03263266327818274,-0.011284968639449201,0.006104992750512198
761,0.02913384813384815,0.04741441441441441,0.03603616489110258,-0.011378249523311824,0.006902316757254431
762,0.029175032175032197,0.04644272844272844,0.03711982739932749,-0.009322901043400951,0.007944795224295292
763,0.03385714285714287,0.09549806949806951,0.08761334668902185,-0.007884722809047659,0.05375620383187898
764,0.028555984555984574,0.0618970398970399,0.050323992559675464,-0.011573047337364438,0.02176800800369089
765,0.025688545688545707,0.04353281853281855,0.03520320387783451,-0.008329614654984038,0.009514658189288802
766,0.03470785070785073,0.03637709137709141,0.03234349145360735,-0.004033599923484059,-0.0023643592542433797
767,0.027137709137709156,0.07481338481338483,0.06337204672918041,-0.011441338084204417,0.03623433759147125
768,0.030321750321750336,0.07735907335907338,0.06437692470700358,-0.0129821486520698,0.034055174385253247
769,0.02710553410553412,0.03956113256113258,0.030603895015494768,-0.008957237545637809,0.0034983609099606475
770,0.027153153153153173,0.04719819819819821,0.03757050161140039,-0.009627696586797824,0.010417348458247214
771,0.02483526383526385,0.054141570141570165,0.0426731039105982,-0.011468466230971967,0.017837840075334347
772,0.032198198198198205,0.04240926640926643,0.03248598147815895,-0.00992328493110748,0.0002877832799607419
773,0.030248391248391265,0.07215830115830113,0.059969854955670525,-0.012188446202630605,0.02972146370727926
774,0.024398970398970418,0.0514144144144144,0.042259368436527014,-0.009155045977887383,0.017860398037556596
775,0.02818918918918921,0.06388931788931794,0.050570192820547186,-0.013319125068770754,0.022381003631357976
776,0.028136422136422156,0.03901544401544403,0.03318789138270679,-0.005827552632737244,0.005051469246284631
777,0.026005148005148023,0.04419819819819824,0.0330706169319114,-0.011127581266286837,0.007065468926763376
778,0.029180180180180194,0.05780694980694984,0.046192656195831044,-0.011614293611118792,0.01701247601565085
779,0.02181081081081083,0.06583912483912484,0.05444450212149601,-0.011394622717628825,0.03263369131068518
780,0.028832689832689846,0.07492406692406693,0.06335175270528125,-0.011572314218785684,0.034519062872591405
781,0.030990990990991008,0.04747619047619048,0.03538305238614171,-0.01209313809004877,0.0043920613951506995
782,0.02725353925353927,0.07925096525096526,0.06880306032635701,-0.010447904924608245,0.041549521072817744
783,0.034984555984556,0.0356782496782497,0.027076568906296537,-0.008601680771953165,-0.007907987078259463
784,0.03310167310167312,0.038845559845559846,0.030787241854354063,-0.008058317991205783,-0.0023144312473190563
785,0.02731788931788934,0.050015444015444034,0.04111958977952391,-0.008895854235920125,0.013801700461634567
786,0.027425997425997443,0.05391505791505794,0.041465954903726475,-0.012449103011331467,0.014039957477729032
787,0.027257400257400276,0.05104375804375801,0.039152453952751014,-0.011891304091006999,0.011895053695350738
788,0.033536679536679555,0.051136422136422145,0.03975323278572736,-0.011383189350694788,0.006216553249047803
789,0.02873359073359075,0.04988416988416992,0.04217117502147793,-0.007712994862691988,0.013437584287887178
790,0.030962676962676974,0.04272200772200774,0.03478543526598742,-0.007936572456020315,0.0038227583033104487
791,0.024988416988417004,0.050903474903474896,0.03965557091091897,-0.011247903992555923,0.01466715392250197
792,0.028817245817245835,0.0572779922779923,0.04808137271065923,-0.009196619567333073,0.019264126893413395
793,0.023564993564993586,0.05676447876447877,0.04445366950854799,-0.012310809255930782,0.020888675943554404
794,0.02855984555984558,0.046272844272844296,0.03424805349098949,-0.012024790781854804,0.005688207931143913
795,0.02930630630630632,0.0936872586872587,0.0838765922391101,-0.009810666448148597,0.05457028593280379
796,0.03440540540540542,0.06736164736164739,0.05778458265647166,-0.009577064705175727,0.023379177251066245
797,0.03267567567567569,0.05049806949806949,0.03848032152500963,-0.012017747973059857,0.005804645849333941
798,0.03236679536679538,0.08013770913770918,0.06940404006697196,-0.010733669070737223,0.03703724470017657
799,0.03382625482625484,0.06331917631917634,0.054774743572142584,-0.008544432747033759,0.02094848874588774
800,0.02805276705276707,0.04314671814671817,0.04212047626879815,-0.0010262418779200255,0.014067709216031076
801,0.02176061776061778,0.05860746460746459,0.04539282888243351,-0.01321463572503108,0.02363221112181573
802,0.03356241956241957,0.05510682110682114,0.04283750084677377,-0.012269320260047373,0.009275081284354197
803,0.03580437580437582,0.06184169884169884,0.05196449686423975,-0.009877201977459095,0.016160121059863926
804,0.029087516087516103,0.054095238095238106,0.043194681654235755,-0.010900556441002351,0.014107165566719652
805,0.029499356499356515,0.04053539253539251,0.03479559833596351,-0.0057397941994290005,0.005296241836606996
806,0.03646975546975549,0.06529086229086223,0.05278374854494709,-0.012507113745915135,0.016313993075191602
807,0.026700128700128722,0.04301158301158299,0.033281307244219495,-0.009730275767363496,0.0065811785440907725
808,0.027639639639639658,0.07339639639639639,0.06134144833600866,-0.012054948060387732,0.033701808696369004
809,0.02847232947232949,0.04642471042471042,0.04313043303319149,-0.0032942773915189336,0.014658103560861998
810,0.030225225225225236,0.038123552123552146,0.03194943078150102,-0.006174121342051128,0.0017242055562757819
811,0.03167310167310169,0.04103861003861002,0.03288403506671524,-0.008154574971894778,0.0012109333936135558
812,0.026536679536679555,0.04646718146718148,0.039249484938161563,-0.007217696529019914,0.012712805401482008
813,0.029352638352638367,0.07982625482625483,0.0716770264815163,-0.008149228344738524,0.04232438812887794
814,0.023965250965250977,0.06630373230373225,0.05541147943648063,-0.010892252867251623,0.03144622847122965
815,0.02820077220077222,0.06272072072072074,0.05644483913963625,-0.00627588158108449,0.02824406693886403
816,0.027072072072072087,0.0834839124839125,0.07308332974642832,-0.010400582737484176,0.04601125767435624
817,0.027652509652509673,0.05328571428571432,0.04017744034962418,-0.01310827393609014,0.012524930697114505
818,0.03305019305019307,0.06488030888030888,0.05220631069865374,-0.012673998181655141,0.019156117648460667
819,0.026720720720720733,0.06287644787644789,0.05382259147591802,-0.009053856400529865,0.02710187075519729
820,0.02623938223938226,0.03988030888030895,0.032118818791459135,-0.007761490088849812,0.005879436552076876
821,0.030967824967824985,0.08885842985842986,0.08138261737185039,-0.0074758124865794695,0.0504147924040254
822,0.03264092664092665,0.053208494208494224,0.04139115439983585,-0.011817339808658373,0.008750227758909199
823,0.029218790218790234,0.09401158301158301,0.08481079922628829,-0.009200783785294722,0.055592009007498056
824,0.03226512226512228,0.04833719433719434,0.039100721559832,-0.009236472777362344,0.00683559929470972
825,0.026427284427284446,0.05015572715572718,0.04317983071498022,-0.006975896440746955,0.016752546287695777
826,0.024689832689832707,0.06747490347490347,0.05714154474361127,-0.010333358731292194,0.032451712053778566
827,0.026845559845559863,0.03567953667953668,0.029358788136917034,-0.006320748542619648,0.0025132282913571703
828,0.03257400257400259,0.0528159588159588,0.042919944253139365,-0.009896014562819432,0.010345941679136772
829,0.03023938223938226,0.03636679536679539,0.03034443262924849,-0.006022362737546902,0.00010505038986623194
830,0.029494208494208512,0.03672200772200774,0.028115325237369367,-0.008606682484638372,-0.0013788832568391446
831,0.03282496782496784,0.07661647361647361,0.06994607200883728,-0.0066704016076363365,0.037121104183869436
832,0.03063706563706566,0.049794079794079835,0.038028293996567215,-0.01176578579751262,0.007391228359501557
833,0.030517374517374535,0.05151866151866155,0.04132459515194774,-0.010194066366713814,0.010807220634573202
834,0.03052638352638355,0.054212355212355214,0.043384839292138586,-0.010827515920216628,0.012858455765755037
835,0.03004375804375806,0.03933075933075932,0.03329602097643949,-0.006034738354319835,0.0032522629326814274
836,0.02950836550836552,0.07406821106821107,0.06337879278972942,-0.010689418278481647,0.0338704272813639
837,0.025469755469755488,0.04178249678249677,0.03328091380072885,-0.008501582981767924,0.007811158330973358
838,0.036271557271557286,0.06931274131274133,0.05785876022542631,-0.011453981087315018,0.021587202953869025
839,0.03679922779922781,0.053839124839124834,0.04317812028420163,-0.010661004554923206,0.006378892484973815
840,0.02742599742599744,0.05843758043758044,0.04781881624837745,-0.01061876418920299,0.02039281882238001
841,0.03403603603603605,0.05850193050193049,0.048623462818269986,-0.009878467683660505,0.014587426782233938
842,0.03462676962676964,0.056364221364221374,0.04446548813179927,-0.011898733232422104,0.009838718505029632
843,0.031429858429858445,0.06361647361647364,0.05159766895600412,-0.01201880466046952,0.020167810526145677
844,0.026000000000000016,0.07096396396396397,0.060164484026730816,-0.010799479937233153,0.0341644840267308
845,0.028858429858429874,0.060664092664092686,0.04985287766741585,-0.010811214996676838,0.020994447808985975
846,0.03328957528957531,0.06276447876447877,0.05330684590000911,-0.009457632864469663,0.020017270610433797
847,0.026169884169884184,0.05400643500643504,0.04193301650731495,-0.012073418499120088,0.015763132337430766
848,0.028769626769626785,0.04965122265122268,0.03808936191726086,-0.011561860733961822,0.009319735147634074
849,0.03051351351351353,0.0664517374517375,0.056302714372376224,-0.010149023079361282,0.025789200858862694
850,0.029317889317889333,0.04849292149292154,0.03602656586744162,-0.012466355625479916,0.006708676549552289
851,0.037598455598455614,0.04281338481338484,0.03185855740969971,-0.010954827403685134,-0.005739898188755907
852,0.03123680823680826,0.06232689832689831,0.052211517086101784,-0.010115381240796528,0.020974708849293526
853,0.031086229086229104,0.0664581724581725,0.05190144821354523,-0.014556724244627263,0.02081521912731613
854,0.03335263835263837,0.060001287001286985,0.050144780872827525,-0.00985650612845946,0.01679214252018916
855,0.02517117117117119,0.03912097812097811,0.036074699444255495,-0.003046278676722615,0.010903528273084304
856,0.025494208494208512,0.043106821106821125,0.033355226153263313,-0.009751594953557811,0.007861017659054802
857,0.031499356499356514,0.06423423423423427,0.05312157823207909,-0.011112656002155184,0.021622221732722574
858,0.026692406692406717,0.06475546975546977,0.05419065032783364,-0.010564819427636124,0.027498243635426925
859,0.0327799227799228,0.06326640926640931,0.04973279215390172,-0.013533617112507584,0.01695286937397892
860,0.03166924066924069,0.0377915057915058,0.02985446528301256,-0.00793704050849324,-0.0018147753862281304
861,0.02704375804375806,0.0673770913770914,0.055848737889870416,-0.011528353487220984,0.028804979846112355
862,0.030297297297297313,0.03996267696267698,0.03497591809368204,-0.004986758868994939,0.00467862079638473
863,0.029844272844272858,0.05750579150579149,0.048081209140355574,-0.009424582365435918,0.018236936296082716
864,0.028588159588159603,0.04920978120978125,0.03860725062127946,-0.010602530588501788,0.010019091033119858
865,0.027316602316602333,0.048817245817245794,0.03719436828665129,-0.011622877530594503,0.009877765970048958
866,0.027858429858429876,0.046305019305019304,0.0376228510969218,-0.008682168208097502,0.009764421238491926
867,0.03184169884169886,0.0440720720720721,0.035982281949087626,-0.008089790122984476,0.004140583107388768
868,0.02494594594594596,0.05427541827541827,0.039449851683344396,-0.014825566592073874,0.014503905737398435
869,0.02573230373230375,0.05522136422136421,0.04255032976996558,-0.012671034451398624,0.016818026037661832
870,0.029601029601029616,0.07177477477477479,0.06034218062711415,-0.011432594147660638,0.03074115102608453
871,0.026660231660231678,0.05499099099099099,0.04145420275811761,-0.013536788232873374,0.014793971097885935
872,0.030571428571428583,0.0482123552123552,0.03805720063494554,-0.010155154577409661,0.007485772063516957
873,0.0303835263835264,0.032155727155727176,0.026629889574775842,-0.005525837580951334,-0.0037536368087505573
874,0.03662419562419564,0.045781209781209774,0.0380022945486731,-0.007778915232536675,0.001378098924477461
875,0.028001287001287015,0.04489060489060491,0.034622520542381074,-0.010268084348223835,0.006621233541094059
876,0.0270836550836551,0.08524453024453023,0.0782346865505085,-0.007009843694021731,0.0511510314668534
877,0.0336821106821107,0.07154826254826256,0.06159757537491111,-0.009950687173351451,0.027915464692800408
878,0.0277837837837838,0.04873616473616476,0.038538910121995174,-0.010197254614169586,0.010755126338211372
879,0.029440154440154454,0.05655984555984555,0.04117633956460342,-0.01538350599524213,0.011736185124448965
880,0.026535392535392555,0.05266924066924068,0.042439332995652196,-0.010229907673588487,0.01590394046025964
881,0.03572844272844275,0.07158043758043758,0.06285612179181402,-0.008724315788623566,0.02712767906337127
882,0.031558558558558575,0.04855598455598457,0.03852086059146531,-0.010035123964519256,0.0069623020329067364
883,0.028719433719433737,0.07447104247104247,0.061789887818092956,-0.012681154652949514,0.03307045409865922
884,0.02766924066924069,0.047534105534105524,0.039558291141015924,-0.0079758143930896,0.011889050471775235
885,0.02849034749034751,0.05145045045045045,0.04018275570833599,-0.011267694742114462,0.01169240821798848
886,0.027073359073359088,0.07704890604890602,0.06609219945146307,-0.010956706597442953,0.03901884037810398
887,0.029059202059202077,0.0605482625482626,0.04742977907443827,-0.013118483473824327,0.018370577015236197
888,0.028199485199485213,0.06625353925353929,0.056297315547980925,-0.009956223705558362,0.028097830348495712
889,0.02600257400257402,0.0674697554697555,0.056865125675030374,-0.01060462979472513,0.030862551672456353
890,0.023534105534105555,0.05955984555984554,0.0485387766194311,-0.011021068940414436,0.025004671085325548
891,0.027325611325611347,0.05307335907335906,0.0387137473139725,-0.014359611759386562,0.011388135988361154
892,0.030539253539253554,0.04594851994851994,0.03328737550102878,-0.012661144447491161,0.002748121961775228
893,0.035066924066924084,0.06295238095238095,0.052424193354267457,-0.010528187598113498,0.017357269287343373
894,0.027931788931788944,0.04681209781209782,0.03968095803619401,-0.007131139775903815,0.011749169104405065
895,0.029655083655083667,0.034657657657657645,0.025881971408041535,-0.00877568624961611,-0.003773112247042132
896,0.033631917631917654,0.05000772200772206,0.03904415922266414,-0.010963562785057918,0.005412241590746485
897,0.028562419562419582,0.04561776061776063,0.035768530123401004,-0.009849230494359623,0.007206110560981423
898,0.028625482625482642,0.04495881595881597,0.035535197137686714,-0.009423618821129257,0.006909714512204072
899,0.026459459459459475,0.048657657657657685,0.042264944171656334,-0.0063927134860013515,0.01580548471219686
900,0.029688545688545703,0.06433848133848136,0.05158691672920976,-0.012751564609271598,0.021898371040664055
901,0.040942084942084955,0.057665379665379664,0.0486437971048576,-0.009021582560522066,0.007701712162772642
902,0.028368082368082383,0.05455212355212358,0.04362326892394955,-0.010928854628174028,0.015255186555867165
903,0.028978120978120993,0.048409266409266405,0.041755437786243084,-0.006653828623023321,0.01277731680812209
904,0.02741055341055343,0.03260231660231662,0.027592218105689157,-0.005010098496627462,0.00018166469513572828
905,0.026177606177606196,0.05867953667953666,0.04785938384821351,-0.010820152831323149,0.021681777670607316
906,0.03168082368082369,0.04989060489060492,0.04049822966820914,-0.009392375222395784,0.008817405987385445
907,0.031539253539253555,0.05833590733590732,0.04707028696183245,-0.011265620374074872,0.015531033422578895
908,0.025118404118404134,0.07771428571428574,0.06564613019889183,-0.012068155515393905,0.0405277260804877
909,0.027232947232947256,0.04320592020592025,0.03459630080713988,-0.008609619398780369,0.007363353574192624
910,0.027118404118404136,0.04870785070785071,0.03661083030503075,-0.012097020402819965,0.009492426186626612
911,0.031074646074646092,0.03754440154440154,0.030197741808347278,-0.007346659736054265,-0.0008769042662988141
912,0.03571943371943373,0.08168082368082369,0.07377788557196799,-0.0079029381088557,0.03805845185253426
913,0.029583011583011597,0.0417953667953668,0.032763901238542475,-0.009031465556824325,0.003180889655530879
914,0.030214929214929236,0.05177606177606178,0.039511939904911905,-0.012264121871149877,0.00929701068998267
915,0.02923680823680825,0.047485199485199525,0.03749068803298768,-0.009994511452211842,0.008253879796179434
916,0.03685070785070787,0.04466795366795368,0.03595871459288866,-0.008709239075065024,-0.0008919932578192111
917,0.028684684684684703,0.04106306306306307,0.034669901460962896,-0.006393161602100177,0.005985216776278193
918,0.04072844272844274,0.05030759330759334,0.037954587380588246,-0.012353005927005091,-0.002773855347854494
919,0.028817245817245832,0.03559330759330761,0.047168244132794204,0.011574936539486595,0.018350998315548372
920,0.02874131274131276,0.07118404118404116,0.0599862289875331,-0.011197812196508061,0.03124491624622034
921,0.02695366795366797,0.053714285714285756,0.045393079581114354,-0.008321206133171402,0.018439411627446382
922,0.03136808236808238,0.04182368082368084,0.03212419282649482,-0.009699487997186021,0.0007561104584124373
923,0.02770398970398972,0.05997554697554698,0.046906970373279074,-0.013068576602267908,0.019202980669289355
924,0.02911068211068213,0.06787644787644787,0.05445044101509296,-0.013426006861354908,0.025339758904410828
925,0.034535392535392555,0.05270913770913774,0.04116859363638625,-0.011540544072751485,0.006633201100993698
926,0.028828828828828843,0.0614015444015444,0.051827843851251096,-0.009573700550293301,0.022999015022422253
927,0.032700128700128714,0.055212355212355214,0.043796914090543704,-0.01141544112181151,0.01109678539041499
928,0.02712097812097814,0.05415958815958821,0.040929704723263384,-0.013229883436324828,0.013808726602285243
929,0.031097812097812115,0.05023938223938228,0.03834664808337091,-0.011892734156011366,0.007248835985558796
930,0.02676447876447878,0.05827155727155723,0.04810864384757776,-0.010162913423979472,0.021344165083098977
931,0.02580952380952383,0.07536936936936939,0.06388617173828236,-0.01148319763108703,0.03807664792875853
932,0.02884169884169886,0.04984041184041185,0.03853831175630052,-0.011302100084111331,0.009696612914601662
933,0.02774517374517376,0.06932561132561134,0.05570121925158879,-0.013624392074022551,0.027956045506415027
934,0.029223938223938244,0.06299356499356501,0.052147832260933766,-0.010845732732631244,0.02292389403699552
935,0.03104375804375806,0.040661518661518695,0.03520586856140843,-0.005455650100110267,0.004162110517650367
936,0.029984555984556002,0.05519176319176322,0.045521826321894554,-0.009669936869868667,0.015537270337338552
937,0.025630630630630646,0.06148906048906051,0.050412528529126824,-0.011076531959933689,0.024781897898496177
938,0.0267824967824968,0.060671814671814664,0.04794454229721809,-0.012727272374596574,0.02116204551472129
939,0.029288288288288306,0.057069498069498056,0.04826600627436708,-0.008803491795130979,0.018977717986078772
940,0.03009395109395111,0.05472200772200774,0.04356318861657868,-0.011158819105429062,0.013469237522627568
941,0.031574002574002585,0.05102574002574006,0.037107478403540096,-0.013918261622199966,0.005533475829537511
942,0.025175032175032194,0.0455778635778636,0.03356113384491716,-0.012016729732946443,0.008386101669884963
943,0.025419562419562437,0.07266023166023171,0.06070298316955668,-0.011957248490675025,0.03528342074999424
944,0.03207464607464609,0.06557528957528957,0.05445601197445359,-0.011119277600835982,0.0223813658998075
945,0.02600514800514802,0.048365508365508396,0.03518972476138875,-0.013175783604119647,0.00918457675624073
946,0.02706949806949809,0.06203346203346201,0.05162847451259149,-0.010404987520870518,0.024558976443093402
947,0.03709395109395111,0.0640836550836551,0.053854509229839025,-0.010229145853816075,0.016760558135887914
948,0.030140283140283154,0.05214800514800517,0.03852418302890997,-0.0136238221190952,0.008383899888626815
949,0.034920205920205935,0.08399613899613893,0.07651259253864055,-0.00748354645749838,0.04159238661843462
950,0.028186615186615204,0.060193050193050206,0.049026455534754314,-0.011166594658295892,0.02083984034813911
951,0.029585585585585602,0.0386782496782497,0.03042305593518483,-0.008255193743064868,0.0008374703495992279
952,0.021975546975546992,0.05843114543114543,0.048083383394325434,-0.010347762036819995,0.02610783641877844
953,0.02679150579150581,0.07642985842985844,0.06668488839244643,-0.00974497003741201,0.03989338260094062
954,0.030023166023166035,0.06877863577863579,0.05703735421568195,-0.011741281562953836,0.027014188192515914
955,0.0317786357786358,0.07010038610038612,0.058630358694485095,-0.011470027405901022,0.026851722915849294
956,0.032593307593307606,0.051692406692406684,0.04244599613873766,-0.009246410553669024,0.009852688545430054
957,0.03025225225225227,0.08433333333333334,0.07550891762267822,-0.00882441571065512,0.045256665370425955
958,0.026996138996139014,0.05487258687258688,0.04464812556754464,-0.010224461305042239,0.017651986571405626
959,0.024859716859716875,0.07194208494208496,0.06141608709402333,-0.010525997848061623,0.036556370234306454
960,0.03190604890604892,0.05616988416988418,0.045647929854061804,-0.010521954315822375,0.013741880948012881
961,0.029826254826254842,0.06836808236808234,0.05637372178052232,-0.011994360587560017,0.02654746695426748
962,0.034518661518661536,0.03948777348777351,0.030989543933317865,-0.008498229554455648,-0.003529117585343671
963,0.03555212355212357,0.05439639639639641,0.044939926248455615,-0.009456470147940793,0.009387802696332048
964,0.025855855855855873,0.05925997425997426,0.049792584247325494,-0.009467390012648763,0.02393672839146962
965,0.03358815958815961,0.06197940797940798,0.051455654094009186,-0.010523753885398793,0.017867494505849575
966,0.027397683397683417,0.06614543114543116,0.054987112936663286,-0.011158318208767871,0.02758942953897987
967,0.02880308880308882,0.049750321750321735,0.038149887842716695,-0.01160043390760504,0.009346799039627877
968,0.026911196911196925,0.052719433719433745,0.04495885721369433,-0.007760576505739414,0.018047660302497406
969,0.030418275418275437,0.06163063063063065,0.05158822075407535,-0.010042409876555303,0.02116994533579991
970,0.026903474903474923,0.06725868725868725,0.05528519939874078,-0.011973487859946473,0.028381724495265853
971,0.030485199485199503,0.04374646074646077,0.03517334175460918,-0.008573118991851592,0.0046881422694096744
972,0.026833976833976852,0.05945431145431146,0.04986891654992065,-0.00958539490439081,0.023034939715943798
973,0.02704504504504506,0.03334491634491637,0.03267672808340994,-0.0006681882615064277,0.005631683038364879
974,0.028066924066924084,0.06562290862290862,0.05240191551706418,-0.013220993105844438,0.0243349914501401
975,0.035259974259974285,0.07012355212355215,0.057490741617728706,-0.01263281050582344,0.022230767357754422
976,0.025431145431145448,0.046253539253539276,0.04148673057731296,-0.004766808676226315,0.016055585146167513
977,0.02703217503217505,0.08197297297297299,0.07146074731673224,-0.010512225656240742,0.0444285722845572
978,0.029360360360360375,0.06293951093951093,0.05398093500625796,-0.008958575933252971,0.024620574645897585
979,0.0277812097812098,0.051546975546975585,0.04245450695036441,-0.009092468596611177,0.014673297169154609
980,0.027535392535392552,0.05771042471042472,0.04899321391568407,-0.008717210794740651,0.02145782138029152
981,0.027554697554697572,0.06928056628056625,0.05687014049175448,-0.012410425788811776,0.029315442937056905
982,0.03220205920205922,0.07262290862290863,0.06134690387256966,-0.01127600475033897,0.029144844670510435
983,0.0286846846846847,0.06346975546975547,0.05547145465942389,-0.007998300810331586,0.026786769974739187
984,0.025155727155727173,0.07513513513513517,0.06524065670860729,-0.00989447842652788,0.04008492955288012
985,0.02794594594594596,0.051229086229086215,0.03981693584688327,-0.011412150382202946,0.01187098990093731
986,0.033570141570141585,0.04265508365508367,0.0401733127943207,-0.002481770860762969,0.006603171224179118
987,0.03173616473616475,0.05712097812097817,0.047328603477521075,-0.009792374643457093,0.015592438741356324
988,0.027867438867438882,0.07272972972972971,0.062283397429759614,-0.0104463322999701,0.03441595856232073
989,0.027225225225225243,0.053684684684684715,0.04156771027167215,-0.012116974413012564,0.014342485046446907
990,0.0321853281853282,0.05722651222651224,0.051174881269622344,-0.006051630956889896,0.01898955308429414
991,0.02880823680823683,0.06320205920205915,0.05394940737070359,-0.009252651831355561,0.02514117056246676
992,0.03221235521235523,0.03769626769626772,0.03235461705517868,-0.005341650641089039,0.00014226184282345455
993,0.026850707850707863,0.04884555984555984,0.041467048829978634,-0.007378511015581207,0.01461634097927077
994,0.02742985842985845,0.053956241956241956,0.04381415886573881,-0.010142083090503143,0.016384300435880364
995,0.031616473616473635,0.07445302445302444,0.06416602942363436,-0.01028699502939008,0.03254955580716073
996,0.031238095238095252,0.05672586872586876,0.04502669678845595,-0.011699171937412808,0.013788601550360699
997,0.028537966537966555,0.07777091377091379,0.06884623549971286,-0.008924678271200928,0.0403082689617463
998,0.02993822393822396,0.06484555984555987,0.049325009935975724,-0.015520549909584146,0.019386785997751763
999,0.03315830115830118,0.06571299871299877,0.05393073964861157,-0.011782259064387193,0.020772438490310394
1000,0.025567567567567586,0.07668983268983272,0.06443067940813405,-0.012259153281698673,0.038863111840566456
1001,0.030180180180180195,0.056920205920205906,0.04521862311978823,-0.011701582800417679,0.015038442939608033
1002,0.03230888030888033,0.054729729729729754,0.04240132749098014,-0.012328402238749613,0.010092447182099812
1003,0.035899613899613915,0.04514157014157016,0.0376063232284933,-0.0075352469130768596,0.0017067093288793828
1004,0.027849420849420867,0.0666138996138996,0.05564751419213287,-0.010966385421766735,0.027798093342712
1005,0.029978120978120998,0.039563706563706565,0.03147866554706967,-0.008085041016636894,0.0015005445689486724
1006,0.02660102960102962,0.06128700128700131,0.049569577619216654,-0.011717423667784659,0.022968548018187034
1007,0.029471042471042493,0.043851994851994855,0.04774906101394722,0.003897066161952366,0.018278018542904728
1008,0.028038610038610058,0.05994594594594596,0.05166380924292805,-0.00828213670301791,0.023625199204317993
1009,0.02970398970398972,0.07138996138996141,0.060778169169497236,-0.010611792220464177,0.031074179465507515
1010,0.027767052767052786,0.06270141570141569,0.05001596622547882,-0.012685449475936868,0.022248913458426032
1011,0.031048906048906068,0.04713642213642218,0.03550799867229595,-0.011628423464126236,0.004459092623389879
1012,0.0348854568854569,0.04105148005148007,0.03449863575481857,-0.006552844296661503,-0.000386821130638329
1013,0.030199485199485215,0.05799871299871297,0.04610983244744039,-0.01188888055127258,0.015910347247955172
1014,0.02411325611325613,0.0675096525096525,0.056573202155667905,-0.010936450353984599,0.03245994604241177
1015,0.03297683397683399,0.052922779922779904,0.04244114742853345,-0.010481632494246454,0.009464313451699458
1016,0.022606177606177624,0.05981209781209784,0.04871203160834749,-0.011100066203750349,0.02610585400216987
1017,0.026570141570141592,0.07997683397683401,0.06979273933473486,-0.010184094642099156,0.043222597764593265
1018,0.029494208494208512,0.051236808236808276,0.041270589845953665,-0.009966218390854611,0.011776381351745153
1019,0.028316602316602338,0.06266795366795366,0.05098006659761168,-0.011687887070341983,0.022663464281009342
1020,0.029319176319176337,0.07133333333333335,0.06191846309195677,-0.009414870241376577,0.03259928677278043
1021,0.027480051480051493,0.045893178893178926,0.03533837819129107,-0.010554800701887856,0.007858326711239576
1022,0.03215315315315317,0.08030501930501932,0.07039989571897365,-0.009905123586045672,0.03824674256582048
1023,0.025348777348777368,0.045715572715572694,0.03818216239500013,-0.007533410320572566,0.012833385046222761
1024,0.03470527670527672,0.05216216216216217,0.039356133192803476,-0.012806028969358695,0.004650856487526757
1025,0.02781338481338483,0.06976061776061779,0.05955479665723196,-0.010205821103385825,0.03174141184384713
1026,0.02894465894465896,0.06798455598455594,0.05545278984849215,-0.012531766136063792,0.026508130903833187
1027,0.035347490347490365,0.053195624195624236,0.042410462823157184,-0.010785161372467052,0.007062972475666819
1028,0.029994851994852006,0.07569755469755468,0.0629028179196753,-0.012794736777879387,0.032907965924823285
1029,0.02930501930501932,0.06333719433719434,0.04954062353032961,-0.013796570806864729,0.020235604225310292
1030,0.03158687258687261,0.05101287001287003,0.04145870039289006,-0.009554169619979971,0.009871827806017454
1031,0.029287001287001308,0.06272072072072077,0.049990448619725646,-0.012730272100995123,0.020703447332724337
1032,0.028285714285714303,0.061427284427284436,0.05049298213793863,-0.010934302289345804,0.02220726785222433
1033,0.03345173745173746,0.046534105534105544,0.03668325915195264,-0.009850846382152903,0.0032315217002151786
1034,0.023532818532818547,0.058344916344916356,0.04950000899290679,-0.008844907352009566,0.025967190460088243
1035,0.02838867438867441,0.05137323037323037,0.041824894297274436,-0.009548336075955934,0.013436219908600024
1036,0.029275418275418286,0.06714285714285717,0.05390029329685317,-0.013242563846004002,0.024624875021434883
1037,0.030167310167310182,0.058471042471042525,0.046640924040127006,-0.011830118430915519,0.016473613872816824
1038,0.03215701415701417,0.06264350064350066,0.05137950120879824,-0.011263999434702424,0.019222487051784067
1039,0.03102316602316604,0.04465894465894464,0.034502836979505506,-0.010156107679439134,0.0034796709563394666
1040,0.027728442728442746,0.07146332046332048,0.05866751739319947,-0.012795803070121008,0.030939074664756722
1041,0.02574903474903477,0.03856756756756757,0.035954917559252786,-0.0026126500083147874,0.010205882810218017
1042,0.031823680823680846,0.05581981981981981,0.04586796842813973,-0.009951851391680082,0.014044287604458881
1043,0.026759330759330777,0.04891634491634488,0.0390744801102608,-0.00984186480608408,0.012315149350930026
1044,0.025491634491634513,0.0705868725868726,0.05897135249761078,-0.011615520089261824,0.03347971800597627
1045,0.02731016731016733,0.06658043758043761,0.05511909437990963,-0.011461343200527975,0.027808927069742303
1046,0.03220463320463322,0.06951480051480052,0.05539323677257533,-0.014121563742225195,0.023188603567942105
1047,0.02782496782496784,0.07073487773487773,0.05973769751758096,-0.010997180217296773,0.03191272969261312
1048,0.02589703989703991,0.06772972972972971,0.05839205036658953,-0.00933767936314018,0.03249501046954962
1049,0.02937709137709139,0.06780823680823678,0.05585415654573708,-0.011954080262499694,0.026477065168645692
1050,0.03757400257400259,0.0772084942084942,0.06884324331021739,-0.008365250898276805,0.0312692407362148
1051,0.0293861003861004,0.06254826254826254,0.05219037860240949,-0.010357883945853047,0.022804278216309093
1052,0.027648648648648667,0.06357528957528957,0.05255547920563449,-0.011019810369655082,0.024906830556985823
1053,0.030824967824967835,0.07489703989703989,0.06465262126452502,-0.010244418632514865,0.03382765343955718
1054,0.020617760617760637,0.07571042471042473,0.06620778301547103,-0.009502641694953698,0.0455900223977104
1055,0.025320463320463338,0.041953667953667964,0.03262032016292393,-0.009333347790744032,0.007299856842460595
1056,0.02676319176319178,0.042796653796653816,0.03294552705980069,-0.009851126736853129,0.006182335296608908
1057,0.032661518661518674,0.07396267696267692,0.06363538510852222,-0.010327291854154694,0.030973866447003548
1058,0.030803088803088817,0.08747747747747746,0.07943998744413235,-0.008037490033345113,0.04863689864104353
1059,0.027392535392535413,0.06505019305019305,0.05335469244631591,-0.01169550060387714,0.025962157053780497
1060,0.02529472329472331,0.05042985842985845,0.05961018276985339,0.009180324339994939,0.03431545947513008
1061,0.02405405405405407,0.0510836550836551,0.041711247943740794,-0.009372407139914309,0.017657193889686725
1062,0.028752895752895774,0.034893178893178896,0.034278776391109454,-0.0006144025020694416,0.00552588063821368
1063,0.028217503217503236,0.07281081081081081,0.06337020840610723,-0.009440602404703582,0.03515270518860399
1064,0.02302574002574004,0.04231274131274131,0.03493011269345049,-0.007382628619290822,0.01190437266771045
1065,0.030885456885456894,0.06271943371943373,0.052094789656523637,-0.01062464406291009,0.021209332771066743
1066,0.029018018018018038,0.04826898326898327,0.03892939446249174,-0.00933958880649153,0.0099113764444737
1067,0.03156628056628058,0.043060489060489114,0.03095100470685129,-0.012109484353637824,-0.0006152758594292901
1068,0.02557400257400259,0.060585585585585584,0.04733103744209343,-0.013254548143492154,0.02175703486809084
1069,0.03687258687258689,0.03517503217503222,0.027505884435098008,-0.007669147739934212,-0.009366702437488883
1070,0.03626383526383528,0.05846203346203347,0.0462495251663976,-0.012212508295635874,0.009985689902562316
1071,0.02891377091377093,0.0670926640926641,0.05945578322171283,-0.007636880870951268,0.030542012307941898
1072,0.03164350064350066,0.06271428571428571,0.05275036195627812,-0.009963923758007587,0.02110686131277746
1073,0.03674517374517376,0.0435817245817246,0.03228494232353145,-0.011296782258193153,-0.004460231421642313
1074,0.027891891891891906,0.053384813384813386,0.04035742342274464,-0.013027389962068744,0.012465531530852735
1075,0.025048906048906066,0.038169884169884184,0.03127182657961551,-0.006898057590268673,0.006222920530709445
1076,0.029227799227799247,0.05911711711711711,0.04569398032594983,-0.01342313679116728,0.016466181098150585
1077,0.03125353925353927,0.05886229086229088,0.04865746983227004,-0.010204821030020843,0.01740393057873077
1078,0.02742213642213644,0.07615701415701416,0.06686624444524007,-0.009290769711774088,0.039444108023103636
1079,0.035577863577863605,0.05978893178893179,0.05096980983000679,-0.008819121958925001,0.015391946252143185
1080,0.028746460746460763,0.0756113256113256,0.0649337931250857,-0.010677532486239899,0.03618733237862493
1081,0.029365508365508386,0.07216216216216219,0.06139369297928908,-0.010768469182873108,0.032028184613780694
1082,0.03872715572715574,0.0573732303732304,0.04405602974183552,-0.013317200631394882,0.0053288740146797825
1083,0.02626383526383528,0.0751093951093951,0.06389190054772056,-0.011217494561674535,0.037628065283885286
1084,0.03268983268983271,0.0564092664092664,0.04283100151968749,-0.01357826488957891,0.010141168829854781
1085,0.028337194337194352,0.045069498069498067,0.03485693638816091,-0.010212561681337155,0.006519742050966559
1086,0.03145302445302447,0.058229086229086235,0.04645264041774828,-0.011776445811337959,0.014999615964723809
1087,0.02701287001287003,0.042238095238095255,0.03621781177290833,-0.006020283465186925,0.0092049417600383
1088,0.028626769626769643,0.03719691119691121,0.040075189630912014,0.0028782784340008055,0.011448420004142371
1089,0.029126126126126143,0.05398712998712999,0.04629896227717777,-0.007688167709952218,0.01717283615105163
1090,0.021765765765765784,0.062306306306306326,0.05092752570314589,-0.011378780603160436,0.029161759937380106
1091,0.03716087516087518,0.057530244530244495,0.04623658594436018,-0.011293658585884318,0.009075710783485
1092,0.025894465894465913,0.07088674388674392,0.06163872942779268,-0.009248014458951237,0.03574426353332677
1093,0.031018018018018036,0.057491634491634434,0.04606501036360687,-0.011426624128027564,0.015046992345588834
1094,0.027456885456885474,0.03979922779922782,0.03879271913474258,-0.0010065086644852408,0.011335833677857107
1095,0.024803088803088822,0.03413770913770914,0.035358113543317894,0.0012204044056087562,0.010555024740229072
1096,0.03260489060489063,0.03180823680823681,0.026875519838486076,-0.004932716969750731,-0.005729370766404552
1097,0.03261647361647363,0.053602316602316624,0.04183469572150906,-0.011767620880807565,0.00921822210503543
1098,0.03436036036036037,0.05725096525096527,0.046706714215847274,-0.010544251035117996,0.012346353855486901
1099,0.030961389961389977,0.06416988416988414,0.0550783675674678,-0.009091516602416347,0.02411697760607782
1100,0.02770012870012872,0.04480308880308882,0.03498310050810465,-0.00981998829498417,0.007282971807975932
1101,0.02865765765765767,0.04794980694980694,0.03877930864197417,-0.009170498307832772,0.010121650984316496
1102,0.024638352638352654,0.06325225225225224,0.05182550585409152,-0.011426746398160721,0.027187153215738866
1103,0.035068211068211085,0.08054054054054059,0.06930749413008744,-0.011233046410453154,0.034239283061876354
1104,0.03268983268983271,0.03984298584298586,0.03738486009816936,-0.0024581257448164986,0.004695027408336654
1105,0.026630630630630644,0.059431145431145437,0.05056554514179025,-0.008865600289355187,0.023934914511159606
1106,0.03644658944658946,0.06691505791505792,0.05566180781835448,-0.011253250096703436,0.01921521837176502
1107,0.02690862290862293,0.07494337194337199,0.06802315588937655,-0.00692021605399544,0.04111453298075361
1108,0.029069498069498084,0.04965379665379667,0.0370995483627958,-0.012554248291000866,0.00803005029329772
1109,0.026124839124839143,0.07599485199485202,0.06673351702892633,-0.009261334965925697,0.04060867790408718
1110,0.03192149292149293,0.06233590733590734,0.0505443585096553,-0.011791548826252038,0.01862286558816237
1111,0.03425096525096527,0.03951480051480056,0.030463034892253545,-0.009051765622547014,-0.0037879303587117254
1112,0.03283397683397685,0.06512612612612614,0.05472931966945964,-0.010396806456666505,0.021895342835482792
1113,0.0337863577863578,0.0648828828828829,0.05453272528476107,-0.010350157598121822,0.02074636749840327
1114,0.02782239382239384,0.07801287001287002,0.06774380104782264,-0.010269068965047382,0.0399214072254288
1115,0.028863577863577877,0.05512355212355213,0.04443585796131084,-0.010687694162241294,0.015572280097732961
1116,0.030998712998713016,0.058737451737451735,0.04958634921477833,-0.009151102522673406,0.018587636216065313
1117,0.026601029601029624,0.05122265122265124,0.04040941091989132,-0.010813240302759916,0.013808381318861699
1118,0.029272844272844288,0.04491377091377093,0.0349441012286202,-0.009969669685150735,0.005671256955775909
1119,0.026420849420849435,0.06437451737451738,0.05176169932228686,-0.012612818052230523,0.025340849901437423
1120,0.02915186615186617,0.04794980694980699,0.039249474721359895,-0.008700332228447093,0.010097608569493724
1121,0.023159588159588178,0.06217631917631921,0.049084747583699045,-0.013091571592620165,0.025925159424110868
1122,0.029779922779922793,0.0630579150579151,0.05095690752249502,-0.012101007535420073,0.02117698474257223
1123,0.03227027027027029,0.05907207207207207,0.04762497469918439,-0.011447097372887675,0.015354704428914102
1124,0.027833976833976853,0.06656628056628056,0.0548764908323106,-0.011689789733969953,0.02704251399833375
1125,0.032652509652509674,0.04699613899613901,0.03733421396418118,-0.009661925031957834,0.004681704311671503
1126,0.030209781209781232,0.05488545688545692,0.044869319241735504,-0.010016137643721418,0.014659538031954272
1127,0.02815572715572717,0.060997425997426045,0.051215165943534424,-0.009782260053891621,0.023059438787807255
1128,0.028754182754182768,0.0517593307593308,0.041598496870325706,-0.010160833889005093,0.012844314116142938
1129,0.02772458172458174,0.05731788931788934,0.04682767352874814,-0.010490215789141194,0.019103091804166403
1130,0.025656370656370674,0.0418185328185328,0.031657204288507504,-0.010161328530025299,0.0060008336321368295
1131,0.031078507078507095,0.057993564993565005,0.04644439459843108,-0.011549170395133923,0.015365887519923987
1132,0.02370785070785073,0.05900900900900906,0.047925836640929975,-0.011083172368079083,0.024217985933079247
1133,0.028992277992278017,0.07705405405405401,0.06627788396026896,-0.01077617009378505,0.03728560596799094
1134,0.02743758043758045,0.043006435006435056,0.032930176355857925,-0.010076258650577131,0.005492595918277474
1135,0.030894465894465907,0.06350064350064354,0.050963377549638485,-0.012537265951005051,0.020068911655172578
1136,0.03322908622908624,0.0856731016731017,0.0748035130756881,-0.010869588597413604,0.041574426846601856
1137,0.027159588159588174,0.06646332046332044,0.05646283517392501,-0.010000485289395435,0.029303247014336835
1138,0.028333333333333353,0.06474903474903472,0.04984660057897163,-0.014902434170063088,0.02151326724563828
1139,0.029873873873873896,0.04130244530244532,0.03090772038179065,-0.010394724920654668,0.0010338465079167553
1140,0.03306435006435009,0.06176962676962677,0.05342824700929147,-0.008341379760335305,0.02036389694494138
1141,0.030205920205920223,0.047462033462033475,0.0433304958449333,-0.004131537617100174,0.013124575639013078
1142,0.028732303732303753,0.06646975546975545,0.054600351912676454,-0.011869403557078995,0.0258680481803727
1143,0.02513770913770915,0.055090090090090096,0.041974446173340695,-0.013115643916749402,0.016836737035631544
1144,0.029794079794079806,0.06116602316602318,0.051470198232663814,-0.009695824933359368,0.021676118438584007
1145,0.026736164736164757,0.06353667953667955,0.05007256536159313,-0.013464114175086417,0.023336400625428372
1146,0.027880308880308898,0.04544658944658946,0.03515533665333687,-0.01029125279325259,0.007275027773027975
1147,0.03066280566280568,0.048642213642213654,0.039661945849317176,-0.008980267792896478,0.008999140186511496
1148,0.02183526383526385,0.06892792792792792,0.05829861903959698,-0.010629308888330934,0.03646335520433313
1149,0.03021235521235523,0.05472972972972973,0.045395812257892305,-0.009333917471837427,0.015183457045537075
1150,0.029234234234234255,0.059902187902187876,0.04890771517410978,-0.010994472728078096,0.019673480939875525
1151,0.028477477477477496,0.06903346203346201,0.05737736275972,-0.011656099273742011,0.028899885282242507
1152,0.027978120978120996,0.06476962676962679,0.053535891201040395,-0.011233735568586395,0.0255577702229194
1153,0.02685842985842988,0.06351994851994854,0.052637296981604215,-0.01088265153834432,0.025778867123174336
1154,0.026568854568854588,0.06833976833976836,0.05813388799766745,-0.01020588034210091,0.031565033428812866
1155,0.03172972972972974,0.05059716859716861,0.03623539500415015,-0.014361773593018462,0.004505665274420409
1156,0.03091119691119692,0.052669240669240676,0.04299008458037611,-0.009679156088864563,0.012078887669179195
1157,0.0336821106821107,0.059308880308880305,0.04606942502230292,-0.013239455286577384,0.012387314340192218
1158,0.02752895752895755,0.0578751608751609,0.04920996858547573,-0.008665192289685167,0.02168101105651818
1159,0.03384169884169886,0.05795752895752899,0.04589372413924724,-0.012063804818281745,0.012052025297548383
1160,0.027422136422136437,0.0587670527670528,0.048297354457127274,-0.01046969830992553,0.020875218034990838
1161,0.02599099099099101,0.06856885456885455,0.058447163302626066,-0.010121691266228479,0.032456172311635056
1162,0.035341055341055354,0.051897039897039914,0.0412730217752983,-0.010624018121741616,0.005931966434242944
1163,0.021758043758043768,0.08753796653796657,0.0791479697572381,-0.008389996780728465,0.05738992599919433
1164,0.027812097812097827,0.06456241956241958,0.05406962900428953,-0.010492790558130051,0.0262575311921917
1165,0.034239382239382256,0.05454440154440154,0.042480974371222245,-0.012063427173179292,0.00824159213183999
1166,0.03274646074646076,0.04597812097812097,0.040120227457507415,-0.005857893520613555,0.007373766711046656
1167,0.03389317889317891,0.0527220077220077,0.04095463816182041,-0.011767369560187285,0.007061459268641504
1168,0.028647361647361667,0.06398712998712996,0.052159842086273084,-0.011827287900856881,0.023512480438911416
1169,0.03330759330759332,0.06211711711711714,0.0491630316990349,-0.01295408541808224,0.01585543839144158
1170,0.02556370656370658,0.04389189189189189,0.036737572243688475,-0.007154319648203414,0.011173865679981895
1171,0.029420849420849434,0.06585971685971691,0.051686624243766265,-0.014173092615950643,0.02226577482291683
1172,0.026698841698841715,0.04292020592020595,0.0338942874258076,-0.00902591849439835,0.007195445726965885
1173,0.025974259974259988,0.06275546975546971,0.05352217655994893,-0.009233293195520777,0.027547916585688944
1174,0.02915186615186617,0.059262548262548266,0.049359914678151505,-0.009902633584396761,0.020208048526285334
1175,0.025231660231660246,0.06164864864864863,0.05004636396692877,-0.011602284681719859,0.024814703735268524
1176,0.029406692406692424,0.04938481338481341,0.03996153210167052,-0.00942328128314289,0.010554839694978096
1177,0.03010939510939513,0.0847786357786358,0.07526546147065612,-0.009513174307979683,0.04515606636126099
1178,0.030676962676962696,0.06374131274131277,0.052040652922600954,-0.011700659818711816,0.021363690245638257
1179,0.02623938223938226,0.04068597168597167,0.029193700725454137,-0.011492270960517532,0.002954318486071878
1180,0.02869498069498071,0.03663835263835264,0.02697190020478237,-0.009666452433570269,-0.0017230804901983386
1181,0.030024453024453047,0.043173745173745164,0.036928028392868975,-0.0062457167808761885,0.006903575368415928
1182,0.031241956241956255,0.04879021879021883,0.03734479013293536,-0.011445428657283471,0.006102833890979105
1183,0.032810810810810824,0.05350965250965251,0.042035085388471574,-0.011474567121180938,0.00922427457766075
1184,0.035456885456885474,0.04916473616473618,0.03866649473137484,-0.010498241433361338,0.003209609274489364
1185,0.0337876447876448,0.05836036036036036,0.048499983551756144,-0.009860376808604215,0.014712338764111342
1186,0.029746460746460764,0.057694980694980705,0.04667454873219376,-0.011020431962786945,0.016928087985732997
1187,0.028256113256113276,0.048029601029601056,0.0396816470852356,-0.008347953944365459,0.011425533829122321
1188,0.02714414414414416,0.05172586872586877,0.041548414137677105,-0.010177454588191664,0.014404269993532944
1189,0.03021750321750324,0.043555984555984584,0.03249722492768795,-0.011058759628296631,0.0022797217101847116
1190,0.03220463320463322,0.05146074646074646,0.040846911624920164,-0.010613834835826293,0.00864227842028694
1191,0.0305855855855856,0.06005662805662805,0.05102152436800266,-0.009035103688625389,0.020435938782417062
1192,0.027648648648648667,0.06557014157014157,0.05506460519913681,-0.010505536371004764,0.02741595655048814
1193,0.029930501930501945,0.06312355212355214,0.05213079849047027,-0.010992753633081873,0.022200296559968323
1194,0.038482625482625495,0.05916216216216218,0.048105163411701596,-0.011056998750460581,0.009622537929076101
1195,0.027787644787644804,0.05730244530244528,0.0459424607379651,-0.011359984564480174,0.0181548159503203
1196,0.03293693693693695,0.05725868725868729,0.04371514340469333,-0.013543543853993957,0.01077820646775638
1197,0.027555984555984576,0.06437837837837841,0.05063167035397912,-0.013746708024399291,0.023075685797994544
1198,0.028290862290862303,0.04868082368082372,0.0392101546861333,-0.009470668994690422,0.010919292395270997
1199,0.03154826254826256,0.09001930501930505,0.077779086539935,-0.012240218479370055,0.046230823991672436
1200,0.022333333333333354,0.05364993564993568,0.04358817614920866,-0.010061759500727019,0.021254842815875304
1201,0.02129601029601031,0.052939510939510985,0.042715915760895534,-0.01022359517861545,0.021419905464885224
1202,0.029456885456885476,0.08463706563706565,0.07532469444580452,-0.009312371191261132,0.04586780898891904
1203,0.03236936936936939,0.08016859716859714,0.06730028705925852,-0.01286831010933863,0.034930917689889124
1204,0.02670012870012872,0.06381595881595885,0.05194164882064079,-0.011874309995318057,0.025241520120512072
1205,0.03384169884169886,0.05876061776061776,0.05079035383925946,-0.0079702639213583,0.016948654997560597
1206,0.02994079794079795,0.05684555984555989,0.04339211076442348,-0.01345344908113641,0.013451312823625529
1207,0.025872586872586888,0.05532303732303731,0.04686579144813967,-0.008457245874897643,0.02099320457555278
1208,0.029081081081081102,0.0727940797940798,0.06128250700159593,-0.011511572792483868,0.03220142592051483
1209,0.028146718146718163,0.039951093951093974,0.028817310299522343,-0.011133783651571631,0.0006705921528041801
1210,0.024925353925353944,0.06882882882882883,0.06159680006374471,-0.0072320287650841225,0.03667144613839077
1211,0.03810038610038611,0.08627284427284428,0.0779421312519801,-0.008330713020864175,0.03984174515159399
1212,0.03223037323037325,0.05615057915057914,0.0460985716960573,-0.010052007454521839,0.013868198465684052
1213,0.035419562419562435,0.07328442728442729,0.06138392207709477,-0.011900505207332518,0.025964359657532333
1214,0.03330888030888033,0.04538223938223937,0.040957395619352216,-0.004424843762887154,0.007648515310471886
1215,0.025366795366795387,0.06680566280566282,0.056888926029181476,-0.00991673677648134,0.031522130662386086
1216,0.026357786357786375,0.04486743886743887,0.034029387556240825,-0.010838051311198048,0.007671601198454451
1217,0.02758815958815961,0.05203088803088805,0.041810949658417376,-0.010219938372470677,0.014222790070257767
1218,0.032482625482625496,0.07609523809523813,0.06460707266442103,-0.011488165430817099,0.03212444718179554
1219,0.02830630630630632,0.050248391248391255,0.04287287015552465,-0.007375521092866606,0.014566563849218329
1220,0.026622908622908642,0.06342857142857143,0.052840634026199026,-0.010587937402372405,0.026217725403290384
1221,0.03224195624195626,0.064988416988417,0.050006291967941,-0.014982125020475995,0.017764335725984737
1222,0.02834105534105536,0.06146203346203352,0.047558231131001945,-0.013903802331031577,0.019217175789946583
1223,0.025845559845559866,0.04163191763191764,0.029789851564166206,-0.011842066067751435,0.00394429171860634
1224,0.022021879021879034,0.05942342342342343,0.04795277890908303,-0.011470644514340399,0.025930899887203998
1225,0.028675675675675694,0.04157528957528955,0.03177875529345105,-0.0097965342818385,0.0031030796177753533
1226,0.027096525096525118,0.06334105534105536,0.05135037160353861,-0.011990683737516751,0.02425384650701349
1227,0.02968983268983271,0.04241698841698843,0.03119228335414444,-0.011224705062843992,0.0015024506643117296
1228,0.028703989703989713,0.06478635778635777,0.057176664303090284,-0.007609693483267489,0.02847267459910057
1229,0.030926640926640946,0.0395894465894466,0.032379742556840084,-0.007209704032606519,0.0014531016301991377
1230,0.031149292149292167,0.06609137709137708,0.055572637402650414,-0.010518739688726665,0.024423345253358247
1231,0.03271042471042473,0.061930501930501945,0.054357408811584136,-0.007573093118917809,0.02164698410115941
1232,0.035432432432432444,0.061136422136422126,0.04648251898394844,-0.01465390315247369,0.011050086551515993
1233,0.031091377091377107,0.0558918918918919,0.042393999639975914,-0.013497892251915986,0.011302622548598807
1234,0.03607207207207209,0.059416988416988455,0.048605216640400004,-0.010811771776588451,0.012533144568327916
1235,0.025406692406692428,0.05963963963963963,0.04733232041322088,-0.012307319226418749,0.02192562800652845
1236,0.028525096525096542,0.06466023166023163,0.05280399164572991,-0.011856240014501723,0.024278895120633366
1237,0.02401287001287003,0.05147490347490349,0.04316726089868608,-0.008307642576217404,0.019154390885816053
1238,0.026768339768339786,0.06559588159588159,0.05272444586237131,-0.01287143573351028,0.025956106094031522
1239,0.027755469755469768,0.06746589446589452,0.05704610034735768,-0.010419794118536836,0.029290630591887912
1240,0.03101158301158303,0.04572458172458175,0.03949411919329885,-0.006230462531282899,0.008482536181715822
1241,0.02416216216216218,0.0797155727155727,0.0713203374059425,-0.008395235309630197,0.04715817524378032
1242,0.027151866151866166,0.04975418275418276,0.0410162501979303,-0.008737932556252458,0.013864384046064136
1243,0.030079794079794102,0.05563191763191766,0.04467997321979448,-0.010951944412123181,0.014600179140000377
1244,0.02324324324324326,0.0892123552123552,0.07936078234834178,-0.00985157286401342,0.05611753910509852
1245,0.028060489060489077,0.059184041184041185,0.04755391227096699,-0.011630128913074196,0.019493423210477912
1246,0.028504504504504518,0.049010296010295995,0.04046239534788116,-0.008547900662414835,0.011957890843376642
1247,0.026689832689832705,0.06961389961389963,0.05898767703866612,-0.010626222575233511,0.03229784434883341
1248,0.030472329472329484,0.07273101673101671,0.058216590206829684,-0.014514426524187031,0.0277442607345002
1249,0.03464478764478766,0.06252509652509654,0.05316022094384501,-0.009364875581251528,0.018515433299057353
1250,0.03314543114543116,0.05819819819819822,0.04440169879235437,-0.013796499405843848,0.01125626764692321
1251,0.028205920205920224,0.06044272844272841,0.05094718344180933,-0.009495545000919078,0.022741263235889108
1252,0.028710424710424728,0.05227155727155729,0.041994874641491375,-0.010276682630065911,0.013284449931066648
1253,0.027714285714285726,0.0371866151866152,0.030171832588432708,-0.007014782598182494,0.002457546874146982
1254,0.029398970398970416,0.09120978120978122,0.08186496137147903,-0.009344819838302196,0.05246599097250861
1255,0.032665379665379676,0.04100514800514802,0.03605027593455323,-0.004954872070594786,0.003384896269173557
1256,0.030772200772200786,0.051922779922779945,0.03697116621169525,-0.014951613711084694,0.006198965439494466
1257,0.027397683397683413,0.06138867438867437,0.05184932773128355,-0.00953934665739082,0.024451644333600135
1258,0.03773616473616476,0.048675675675675684,0.041410721310251856,-0.007264954365423827,0.0036745565740870997
1259,0.026947232947232964,0.04236550836550838,0.03525669360860276,-0.0071088147569056195,0.008309460661369793
1260,0.029432432432432445,0.04144658944658948,0.03391460185788577,-0.007531987588703708,0.0044821694254533265
1261,0.030262548262548282,0.060537966537966545,0.04658259042173127,-0.013955376116235277,0.016320042159182986
1262,0.027469755469755486,0.04493822393822395,0.03548149533603742,-0.009456728602186527,0.008011739866281935
1263,0.026827541827541844,0.0596151866151866,0.04797788819627898,-0.011637298418907614,0.02115034636873714
1264,0.02602702702702705,0.04673745173745175,0.0353408126181126,-0.01139663911933915,0.009313785591085554
1265,0.028921492921492938,0.044346203346203386,0.033871116367424015,-0.010475086978779372,0.004949623445931077
1266,0.030391248391248408,0.059333333333333356,0.04739425404883334,-0.011939079284500019,0.01700300565758493
1267,0.03869369369369371,0.05235649935649936,0.045087314039924505,-0.007269185316574854,0.006393620346230797
1268,0.02431660231660233,0.060481338481338506,0.05016123965747198,-0.010320098823866523,0.025844637340869652
1269,0.021545688545688564,0.042428571428571475,0.03571399285454458,-0.006714578574026894,0.014168304308856017
1270,0.026014157014157033,0.04532689832689832,0.03431107542023905,-0.01101582290665927,0.008296918406082016
1271,0.029559845559845577,0.05092277992277993,0.037437555455359615,-0.013485224467420315,0.007877709895514038
1272,0.030697554697554717,0.058477477477477474,0.04601331650731373,-0.012464160970163743,0.015315761809759014
1273,0.03441441441441443,0.062074646074646064,0.04790005590008945,-0.014174590174556613,0.01348564148567502
1274,0.032407979407979425,0.07989446589446589,0.07041760639759571,-0.009476859496870174,0.03800962698961629
1275,0.030083655083655098,0.06082239382239385,0.049772909650325894,-0.011049484172067955,0.019689254566670797
1276,0.027124839124839144,0.04882754182754185,0.03997831984791073,-0.008849221979631117,0.01285348072307159
1277,0.026323037323037337,0.06785714285714287,0.06055819212648451,-0.007298950730658359,0.034235154803447174
1278,0.02945431145431147,0.04174388674388676,0.03175438296645395,-0.00998950377743281,0.0023000715121424785
1279,0.029306306306306328,0.07561776061776061,0.06449134825563384,-0.011126412362126775,0.035185041949327506
1280,0.032554697554697566,0.047774774774774785,0.03881258083498922,-0.008962193939785562,0.006257883280291657
1281,0.0313848133848134,0.06008365508365512,0.05186687067262709,-0.008216784411028029,0.020482057287813688
1282,0.02759588159588161,0.05004761904761908,0.0391400609996199,-0.010907558047999179,0.011544179403738287
1283,0.028060489060489083,0.06522522522522524,0.05476313944874134,-0.010462085776483901,0.026702650388252255
1284,0.03923423423423425,0.07419305019305017,0.06352593224814847,-0.010667117944901702,0.024291698013914217
1285,0.02492020592020594,0.06873359073359073,0.05663391540380429,-0.012099675329786438,0.03171370948359835
1286,0.0258880308880309,0.052339768339768354,0.040992124738804536,-0.011347643600963818,0.015104093850773635
1287,0.027129987129987144,0.059414414414414404,0.0489243054417355,-0.010490108972678908,0.021794318311748353
1288,0.032202059202059215,0.06417889317889319,0.0559974113998709,-0.008181481779022295,0.023795352197811682
1289,0.02933204633204635,0.07698198198198195,0.06717910355364382,-0.00980287842833813,0.037847057221597466
1290,0.0262792792792793,0.07700772200772203,0.064846940658835,-0.012160781348887026,0.03856766137955571
1291,0.030186615186615202,0.05227799227799231,0.039555857142761816,-0.012722135135230496,0.009369241956146614
1292,0.029096525096525112,0.04665765765765771,0.04124686622259627,-0.005410791435061443,0.012150341126071156
1293,0.030903474903474924,0.07256370656370657,0.06121206552611716,-0.011351641037589413,0.030308590622642236
1294,0.02893050193050195,0.04806692406692408,0.0399392216266457,-0.008127702440278384,0.011008719696143747
1295,0.032186615186615204,0.058649935649935626,0.04807551460995231,-0.010574421039983316,0.015888899423337106
1296,0.03559845559845562,0.050473616473616464,0.03970563347491724,-0.010767982998699223,0.004107177876461622
1297,0.024893178893178908,0.06299099099099097,0.05415709246816065,-0.008833898522830314,0.029263913574981745
1298,0.02810424710424712,0.06814285714285713,0.05617524682572481,-0.011967610317132317,0.028070999721477693
1299,0.031149292149292174,0.04205534105534111,0.03796722274088834,-0.004088118314452771,0.006817930591596164
1300,0.03471814671814674,0.06941441441441447,0.05859870269120268,-0.010815711723211788,0.02388055597305594
1301,0.02725868725868727,0.057610038610038654,0.047340669211252864,-0.01026936939878579,0.020081981952565595
1302,0.0337837837837838,0.04588416988416989,0.03433695460004956,-0.011547215284120331,0.000553170816265762
1303,0.026272844272844292,0.037236808236808236,0.031094826945044392,-0.0061419812917638435,0.0048219826722001
1304,0.030990990990991008,0.050317889317889344,0.0429821779861302,-0.007335711331759143,0.011991186995139194
1305,0.030052767052767066,0.05128185328185332,0.0393496103436127,-0.01193224293824062,0.009296843290845635
1306,0.030926640926640946,0.05266151866151866,0.0409676170336912,-0.011693901627827456,0.010040976107050254
1307,0.032136422136422156,0.05949935649935647,0.046960470863734866,-0.012538885635621604,0.01482404872731271
1308,0.02821621621621623,0.07072329472329472,0.061186294662238815,-0.009537000061055907,0.03297007844602258
1309,0.027557271557271574,0.057478764478764495,0.047809870406914964,-0.00966889407184953,0.02025259884964339
1310,0.02816859716859718,0.06093951093951095,0.05100284116956711,-0.00993666976994384,0.02283424400096993
1311,0.02482754182754185,0.060398970398970374,0.050523755544166285,-0.009875214854804089,0.025696213716624436
1312,0.02705019305019307,0.04264864864864865,0.03268203470141534,-0.009966613947233312,0.0056318416512222726
1313,0.030909909909909924,0.048247104247104274,0.03676980268213303,-0.011477301564971246,0.005859892772223103
1314,0.03400643500643502,0.07601287001287002,0.0642126043885313,-0.011800265624338724,0.030206169382096276
1315,0.026715572715572736,0.05359073359073362,0.04406206388192928,-0.009528669708804345,0.01734649116635654
1316,0.033889317889317906,0.05757142857142856,0.04677461853212813,-0.010796810039300428,0.012885300642810224
1317,0.024881595881595896,0.06688030888030891,0.05629814609058669,-0.010582162789722217,0.0314165502089908
1318,0.03290604890604892,0.054097812097812094,0.045294519413191243,-0.00880329268462085,0.012388470507142327
1319,0.0241827541827542,0.05901673101673108,0.04599600022264285,-0.013020730794088227,0.02181324603988865
1320,0.02897039897039899,0.05286872586872586,0.044365533128376516,-0.008503192740349344,0.015395134157977525
1321,0.022768339768339786,0.048858429858429905,0.033816263679021547,-0.015042166179408359,0.01104792391068176
1322,0.02878893178893181,0.058800514800514764,0.049102500093244836,-0.009698014707269928,0.020313568304313027
1323,0.028499356499356514,0.03715701415701417,0.031247216144839367,-0.0059097980121748,0.002747859645482853
1324,0.03079794079794081,0.0702818532818533,0.059460563617091955,-0.010821289664761341,0.028662622819151145
1325,0.028939510939510953,0.054294723294723346,0.04409581603362319,-0.010198907261100155,0.015156305094112237
1326,0.02963191763191765,0.05146846846846846,0.037667782816531145,-0.013800685651937317,0.008035865184613494
1327,0.029667953667953693,0.049599742599742626,0.039780057431174465,-0.009819685168568161,0.010112103763220772
1328,0.025532818532818552,0.04411583011583013,0.04029662300950272,-0.0038192071063274102,0.01476380447668417
1329,0.025915057915057937,0.07968339768339767,0.07151465491344088,-0.0081687427699568,0.04559959699838294
1330,0.029375804375804393,0.04476319176319177,0.03694883961736335,-0.007814352145828415,0.007573035241558959
1331,0.038864864864864894,0.04314157014157017,0.034909637920907705,-0.008231932220662465,-0.003955226943957189
1332,0.0240862290862291,0.0593861003861004,0.048315148626226934,-0.011070951759873465,0.024228919539997833
1333,0.026971685971685987,0.05803088803088803,0.045068755498841484,-0.012962132532046547,0.018097069527155497
1334,0.03127284427284429,0.08414671814671812,0.07480915975154699,-0.009337558395171128,0.0435363154787027
1335,0.037155727155727174,0.05405276705276706,0.041725108224473846,-0.012327658828293217,0.004569381068746672
1336,0.030492921492921505,0.08003603603603601,0.07176839394806082,-0.008267642087975188,0.04127547245513932
1337,0.032410553410553426,0.04013899613899615,0.033186404773250334,-0.006952591365745817,0.0007758513626969082
1338,0.02820077220077222,0.04087129987129989,0.035445069292984646,-0.005426230578315247,0.007244297092212425
1339,0.02810167310167312,0.05916731016731017,0.04582265514459343,-0.013344655022716742,0.017720982042920313
1340,0.031985842985843,0.03890347490347494,0.03289928280020844,-0.006004192103266498,0.0009134398143654451
1341,0.034791505791505806,0.06429858429858429,0.0532440955900376,-0.011054488708546688,0.018452589798531795
1342,0.02575804375804378,0.0631776061776062,0.05256060801323415,-0.010616998164372053,0.026802564255190373
1343,0.031048906048906064,0.06733204633204636,0.057931848989226625,-0.00940019734281973,0.02688294294032056
1344,0.032628056628056644,0.06406435006435009,0.0518746386070968,-0.01218971145725329,0.019246581979040153
1345,0.02625225225225227,0.0616100386100386,0.05078830961837379,-0.010821728991664809,0.024536057366121522
1346,0.02416731016731018,0.07150707850707852,0.06098306131457807,-0.01052401719250045,0.036815751147267886
1347,0.027153153153153173,0.048120978120978125,0.037154372463356705,-0.01096660565762142,0.010001219310203532
1348,0.02929729729729731,0.05905534105534104,0.050066719715345535,-0.008988621339995506,0.020769422418048224
1349,0.02887001287001288,0.0533809523809524,0.04161501198287024,-0.01176594039808216,0.012744999112857355
1350,0.031222651222651242,0.06223938223938224,0.05101942874531813,-0.011219953494064107,0.01979677752266689
1351,0.02659845559845562,0.07017374517374514,0.05917124749401351,-0.011002497679731632,0.03257279189555789
1352,0.028849420849420868,0.03960875160875163,0.032978017757948314,-0.0066307338508033165,0.004128596908527446
1353,0.024906048906048923,0.0619047619047619,0.05150073779960787,-0.01040402410515403,0.026594688893558947
1354,0.024492921492921507,0.05074259974259971,0.04051065886420721,-0.0102319408783925,0.016017737371285704
1355,0.027350064350064367,0.05118404118404119,0.03983462176122959,-0.011349419422811605,0.01248455741116522
1356,0.03419691119691121,0.08365379665379667,0.07536569061101657,-0.008288106042780102,0.04116877941410536
1357,0.03175804375804377,0.05022265122265124,0.04177130065462811,-0.008451350568023125,0.01001325689658434
1358,0.02717374517374519,0.06610038610038607,0.054141776577822556,-0.011958609522563515,0.026968031404077365
1359,0.027469755469755486,0.04031788931788933,0.033591617623140245,-0.006726271694749084,0.0061218621533847585
1360,0.03010424710424712,0.06281467181467183,0.05105681401977994,-0.011757857794891892,0.020952566915532822
1361,0.02759974259974262,0.05118018018018021,0.041779500829252685,-0.009400679350927525,0.014179758229510064
1362,0.02921492921492923,0.04007207207207208,0.031239506445529273,-0.008832565626542804,0.002024577230600042
1363,0.029391248391248407,0.06115701415701418,0.05130393716879161,-0.009853076988222575,0.0219126887775432
1364,0.030368082368082385,0.05207850707850709,0.042068524072056475,-0.010009983006450618,0.01170044170397409
1365,0.03300386100386102,0.06779021879021878,0.0575034136399471,-0.01028680515027168,0.02449955263608608
1366,0.029769626769626783,0.07153153153153151,0.05990649734705133,-0.01162503418448018,0.030136870577424545
1367,0.027858429858429873,0.05641698841698844,0.04446537910529,-0.01195160931169844,0.016606949246860125
1368,0.036244530244530254,0.049911196911196935,0.03854398828872099,-0.011367208622475942,0.0022994580441907386
1369,0.038576576576576586,0.05976576576576577,0.049627133062783726,-0.010138632702982042,0.01105055648620714
1370,0.028871299871299886,0.045755469755469805,0.0360290831039116,-0.009726386651558207,0.007157783232611712
1371,0.03091119691119693,0.0598314028314028,0.05156437764014757,-0.008267025191255231,0.02065318072895064
1372,0.032669240669240686,0.059712998712998705,0.04967263123634699,-0.010040367476651713,0.017003390567106307
1373,0.029579150579150598,0.03972072072072073,0.03440759494200321,-0.005313125778717516,0.004828444362852614
1374,0.029371943371943387,0.06950579150579149,0.058909727861050275,-0.010596063644741215,0.029537784489106888
1375,0.031651222651222666,0.048135135135135156,0.03927142050511107,-0.008863714630024083,0.007620197853888407
1376,0.03496782496782498,0.048849420849420844,0.03800304107075244,-0.010846379778668404,0.0030352161029274585
1377,0.027175032175032195,0.07497297297297298,0.0646385527617388,-0.01033442021123418,0.0374635205867066
1378,0.030072072072072086,0.060685971685971674,0.04902349293401837,-0.011662478751953302,0.018951420861946285
1379,0.028427284427284445,0.07573745173745174,0.0644007702770104,-0.011336681460441339,0.035973485849725956
1380,0.02881853281853284,0.05643243243243244,0.046575185504241404,-0.009857246928191038,0.017756652685708564
1381,0.029090090090090108,0.07018532818532819,0.05989680357185638,-0.010288524613471808,0.030806713481766272
1382,0.029235521235521256,0.05999099099099099,0.050257883446261774,-0.009733107544729218,0.021022362210740518
1383,0.02522265122265124,0.07381081081081084,0.06119366012994361,-0.012617150680867231,0.035971008907292365
1384,0.02737966537966539,0.058687258687258645,0.04794064559201403,-0.010746613095244613,0.02056098021234864
1385,0.031648648648648664,0.05624710424710425,0.04670993476912474,-0.009537169477979515,0.015061286120476074
1386,0.030512226512226525,0.06753667953667954,0.056453372244207024,-0.011083307292472512,0.0259411457319805
1387,0.03103088803088804,0.07333848133848128,0.0627476413031236,-0.01059084003535768,0.03171675327223556
1388,0.02671171171171173,0.04914671814671816,0.03906772041782589,-0.010078997728892265,0.012356008706114162
1389,0.02650064350064352,0.05445559845559848,0.041904177857691426,-0.012551420597907058,0.015403534357047905
1390,0.02699871299871301,0.06635521235521241,0.05404728634770946,-0.012307926007502953,0.02704857334899645
1391,0.029846846846846867,0.03948519948519948,0.035606734240577705,-0.0038784652446217788,0.005759887393730838
1392,0.02638867438867441,0.06166924066924069,0.048926109655382674,-0.012743131013858017,0.022537435266708265
1393,0.02893178893178895,0.044738738738738786,0.03444930350595185,-0.010289435232786935,0.005517514574162899
1394,0.03261904761904764,0.050633204633204656,0.03984476375232331,-0.010788440880881343,0.007225716133275675
1395,0.025927927927927946,0.05180437580437582,0.04304128894515577,-0.008763086859220053,0.017113361017227824
1396,0.040070785070785084,0.05260231660231661,0.040331593320934486,-0.012270723281382123,0.00026080825014940245
1397,0.032927927927927945,0.04162290862290864,0.03339877197749713,-0.008224136645411509,0.0004708440495691871
1398,0.020356499356499372,0.04541956241956243,0.03536844176859126,-0.01005112065097117,0.015011942412091889
1399,0.02833333333333335,0.06123166023166025,0.05023742349293097,-0.010994236738729277,0.02190409015959762
1400,0.027397683397683413,0.035858429858429866,0.03054467788369281,-0.005313751974737057,0.003146994486009396
1401,0.02361132561132563,0.06733848133848132,0.05713222088964187,-0.010206260448839446,0.03352089527831624
1402,0.03640283140283142,0.04463063063063066,0.03605115272204813,-0.00857947790858253,-0.000351678680783285
1403,0.026674388674388688,0.06025482625482626,0.046913631203924326,-0.013341195050901936,0.02023924252953564
1404,0.028388674388674408,0.050643500643500636,0.041391241103735335,-0.0092522595397653,0.013002566715060927
1405,0.023633204633204653,0.054330759330759336,0.04223888788620478,-0.012091871444554557,0.018605683253000126
1406,0.032633204633204654,0.07414929214929218,0.06578288102845058,-0.008366411120841605,0.03314967639524592
1407,0.02541827541827544,0.03654954954954955,0.030987229326574006,-0.005562320222975547,0.005568953908298566
1408,0.03345688545688547,0.046178893178893204,0.03577948541541155,-0.010399407763481652,0.0023225999585260795
1409,0.032315315315315334,0.06386872586872588,0.05143855219116242,-0.012430173677563466,0.019123236875847084
1410,0.03346718146718149,0.048783783783783785,0.03822477887558707,-0.010559004908196716,0.0047575974084055825
1411,0.025160875160875177,0.06463835263835262,0.05437254913697572,-0.010265803501376895,0.029211673976100545
1412,0.029333333333333347,0.0842921492921493,0.07556650473857446,-0.008725644553574843,0.04623317140524111
1413,0.035543114543114554,0.04790604890604892,0.03720907231974464,-0.01069697658630428,0.0016659577766300893
1414,0.03334105534105535,0.051308880308880325,0.04446618779344857,-0.006842692515431757,0.011125132452393216
1415,0.028490347490347505,0.08943629343629346,0.07772046820584255,-0.011715825230450908,0.04923012071549505
1416,0.027867438867438882,0.06371943371943374,0.0515673763590255,-0.012152057360408239,0.02369993749158662
1417,0.02507078507078509,0.060332046332046314,0.049729179476718274,-0.01060286685532804,0.024658394405933183
1418,0.03404890604890607,0.06765122265122263,0.05743380987194773,-0.010217412779274897,0.02338490382304166
1419,0.03184427284427285,0.05001287001287001,0.04064426645960681,-0.009368603553263202,0.008799993615333956
1420,0.028863577863577877,0.04946074646074645,0.03950407141037295,-0.009956675050373495,0.010640493546795075
1421,0.026447876447876464,0.06494594594594592,0.05328875380368959,-0.011657192142256335,0.026840877355813125
1422,0.03151737451737453,0.04685456885456885,0.036968389688662,-0.009886179165906853,0.005451015171287467
1423,0.0270785070785071,0.07109909909909914,0.05900138997192911,-0.012097709127170037,0.03192288289342201
1424,0.032387387387387404,0.08470913770913772,0.07481447892349694,-0.00989465878564079,0.04242709153610953
1425,0.03297940797940799,0.07304247104247108,0.0609879263212949,-0.012054544721176182,0.02800851834188691
1426,0.03383397683397685,0.06883526383526384,0.05673943154141828,-0.01209583229384556,0.02290545470744143
1427,0.0310823680823681,0.049284427284427265,0.04205258409088822,-0.007231843193539048,0.010970216008520117
1428,0.029235521235521256,0.04612998712998712,0.042023263577271354,-0.004106723552715769,0.012787742341750098
1429,0.024150579150579166,0.05503732303732303,0.0413316342165624,-0.013705688820760634,0.017181055065983233
1430,0.033888030888030905,0.05599871299871301,0.04763794899691185,-0.008360764001801156,0.013749918108880946
1431,0.025814671814671834,0.06245302445302448,0.05323076947964908,-0.0092222549733754,0.027416097664977247
1432,0.029261261261261277,0.06961003861003862,0.058495834311684,-0.011114204298354614,0.029234573050422725
1433,0.02606177606177608,0.039935649935649936,0.033866375236058475,-0.006069274699591461,0.007804599174282396
1434,0.027876447876447892,0.06472972972972975,0.05039227269066333,-0.014337457039066422,0.022515824814215435
1435,0.02981338481338483,0.07003603603603603,0.060407641865837775,-0.009628394170198257,0.030594257052452944
1436,0.03144015444015445,0.053634491634491646,0.046446864274294467,-0.00718762736019718,0.015006709834140014
1437,0.03557271557271559,0.0672792792792793,0.05488792423884296,-0.012391355040436348,0.01931520866612737
1438,0.03276319176319178,0.05604761904761904,0.043986865195344824,-0.012060753852274217,0.011223673432153046
1439,0.02586229086229088,0.0530411840411841,0.04232868745712453,-0.010712496584059573,0.01646639659483365
1440,0.031070785070785086,0.04952123552123555,0.03984193024028587,-0.00967930528094968,0.008771145169500786
1441,0.03060617760617762,0.04918918918918917,0.03932122653783561,-0.009867962651353562,0.00871504893165799
1442,0.033503217503217525,0.05922522522522526,0.04695817605844793,-0.01226704916677733,0.013454958555230406
1443,0.02363191763191765,0.07348133848133849,0.06109649029028936,-0.012384848191049132,0.037464572658371706
1444,0.026047619047619066,0.07928571428571426,0.07118840184656278,-0.008097312439151488,0.04514078279894371
1445,0.03365122265122267,0.046837837837837855,0.03658565855002985,-0.010252179287808007,0.0029344358988071806
1446,0.028545688545688563,0.054440154440154445,0.04224006248804997,-0.012200091952104475,0.013694373942361407
1447,0.03005534105534107,0.08223166023166026,0.07130432535618711,-0.01092733487547315,0.04124898430084604
1448,0.025240669240669256,0.06496138996138996,0.05227888131637755,-0.012682508645012414,0.027038212075708293
1449,0.026678249678249694,0.06930373230373228,0.056454449585165,-0.012849282718567286,0.029776199906915303
1450,0.025095238095238115,0.05040283140283143,0.03776307350714499,-0.012639757895686443,0.012667835411906872
1451,0.03543629343629345,0.05373873873873876,0.04558109803221938,-0.008157640706519378,0.010144804595925927
1452,0.03208751608751611,0.07927670527670529,0.0674334354299351,-0.011843269846770185,0.03534591934241899
1453,0.02919047619047621,0.06544916344916343,0.055086770027437296,-0.010362393421726138,0.025896293836961085
1454,0.024566280566280584,0.049308880308880296,0.03823643104988379,-0.011072449258996503,0.013670150483603209
1455,0.028625482625482642,0.07283655083655087,0.06282580428440264,-0.01001074655214823,0.034200321658919994
1456,0.023337194337194354,0.05225997425997431,0.03982500805573817,-0.012434966204236134,0.01648781371854382
1457,0.03258944658944661,0.06399227799227798,0.0544079474430065,-0.009584330549271484,0.021818500853559887
1458,0.02833462033462035,0.03494465894465896,0.031012278198100325,-0.003932380746558634,0.002677657863479975
1459,0.036306306306306324,0.08402574002574002,0.07705700348958996,-0.006968736536150058,0.04075069718328364
1460,0.02654054054054056,0.030453024453024464,0.02694007963051517,-0.003512944822509294,0.00039953908997460846
1461,0.033392535392535415,0.09576705276705277,0.08798083066812491,-0.007786222098927861,0.0545882952755895
1462,0.02406048906048908,0.06453796653796655,0.05435580311139685,-0.010182163426569697,0.03029531405090777
1463,0.025038610038610055,0.06522265122265122,0.05233097205198787,-0.012891679170663355,0.027292362013377813
1464,0.029366795366795383,0.052540540540540595,0.04140706921464196,-0.011133471325898633,0.012040273847846578
1465,0.03025868725868728,0.08276061776061777,0.06846190705854732,-0.01429871070207045,0.03820321979986004
1466,0.030240669240669264,0.07347490347490347,0.0625046854065425,-0.010970218068360973,0.03226401616587324
1467,0.026970398970398986,0.10954182754182751,0.1021692389240028,-0.007372588617824707,0.07519883995360381
1468,0.031075933075933097,0.0460772200772201,0.037054850697192124,-0.009022369380027977,0.005978917621259027
1469,0.03764478764478766,0.052212355212355246,0.04173191657767288,-0.010480438634682364,0.004087128932885223
1470,0.02990604890604892,0.0642561132561132,0.05189298402485276,-0.012363129231260442,0.02198693511880384
1471,0.0315830115830116,0.04577348777348778,0.034844425705388975,-0.010929062068098808,0.0032614141223773763
1472,0.0286859716859717,0.060490347490347526,0.04761157572186838,-0.012878771768479146,0.01892560403589668
1473,0.034916344916344925,0.033965250965250986,0.030525480750677847,-0.0034397702145731388,-0.0043908641656670785
1474,0.030241956241956258,0.07761647361647361,0.07037500266055474,-0.007241470955918872,0.04013304641859848
1475,0.02583011583011584,0.04737065637065635,0.03744108328382305,-0.009929573086833302,0.011610967453707207
1476,0.03154697554697557,0.044114543114543145,0.03406625580449917,-0.010048287310043973,0.0025192802575236053
1477,0.024234234234234254,0.0553963963963964,0.0479459411207971,-0.007450455275599302,0.023711706886562847
1478,0.02904118404118406,0.04310296010296012,0.030676690267319354,-0.012426269835640769,0.001635506226135293
1479,0.032184041184041196,0.07345173745173746,0.06486718767133676,-0.0085845497804007,0.03268314648729556
1480,0.02802574002574004,0.03306048906048909,0.03305171833122038,-8.770729268713084e-06,0.005025978305480339
1481,0.02483526383526385,0.08049935649935654,0.06824593035246705,-0.012253426146889485,0.0434106665172032
1482,0.03201415701415703,0.081981981981982,0.07139765211379567,-0.010584329868186332,0.03938349509963864
1483,0.032685971685971704,0.05543886743886744,0.045121327916494994,-0.010317539522372444,0.01243535623052329
1484,0.03132947232947234,0.05101287001287003,0.04028424621869048,-0.010728623794179555,0.008954773889218136
1485,0.03474517374517376,0.06652767052767052,0.05534156598981617,-0.011186104537854347,0.02059639224464241
1486,0.03766666666666668,0.05206563706563711,0.0440250746834538,-0.008040562382183314,0.006358408016787116
1487,0.03224967824967826,0.06631274131274134,0.05710664722263572,-0.009206094090105622,0.024856968972957458
1488,0.029570141570141584,0.050550836550836566,0.039434624248672834,-0.011116212302163732,0.00986448267853125
1489,0.03135521235521238,0.062373230373230365,0.04813437085746105,-0.014238859515769316,0.01677915850224867
1490,0.02480823680823683,0.04864478764478769,0.036502869667147546,-0.012141917977640145,0.011694632858910717
1491,0.030478764478764495,0.05515057915057917,0.04484309465867348,-0.010307484491905695,0.014364330179908982
1492,0.027375804375804395,0.04763320463320464,0.03738877969222205,-0.010244424940982592,0.010012975316417653
1493,0.030416988416988436,0.06190476190476193,0.049831031008064616,-0.012073730896697311,0.01941404259107618
1494,0.033369369369369385,0.05487387387387386,0.04718320536170746,-0.007690668512166397,0.013813835992338076
1495,0.0235855855855856,0.07139124839124839,0.06468748695900003,-0.006703761432248351,0.041101901373414435
1496,0.03365637065637068,0.06077992277992281,0.045651846897535445,-0.015128075882387362,0.011995476241164767
1497,0.032854568854568875,0.057077220077220055,0.04604050873365011,-0.011036711343569948,0.013185939879081232
1498,0.0324839124839125,0.05395752895752893,0.04023633201645954,-0.013721196941069387,0.007752419532547045
1499,0.028678249678249695,0.05330501930501933,0.04358359896740513,-0.009721420337614202,0.014905349289155434
1500,0.02986100386100388,0.07889189189189189,0.0684803825600086,-0.010411509331883284,0.038619378699004725
1501,0.027570141570141583,0.0647593307593308,0.05615476418175342,-0.008604566577577376,0.028584622611611838
1502,0.030034749034749047,0.06112355212355214,0.050288612058988574,-0.010834940064563564,0.020253863024239527
1503,0.032498069498069514,0.07240283140283137,0.06151472502644206,-0.010888106376389303,0.02901665552837255
1504,0.024980694980695,0.04703088803088808,0.03705639242642928,-0.009974495604458795,0.012075697445734283
1505,0.02671171171171173,0.05081724581724582,0.03821617556220132,-0.012601070255044498,0.011504463850489588
1506,0.026992277992278012,0.05610553410553412,0.046945404266316215,-0.009160129839217906,0.019953126274038203
1507,0.029781209781209794,0.07017374517374521,0.05990513216679999,-0.010268613006945218,0.030123922385590196
1508,0.02883526383526385,0.06190604890604891,0.053132144298185996,-0.008773904607862912,0.024296880462922145
1509,0.02724581724581726,0.06402574002574006,0.05519378294472109,-0.00883195708101897,0.02794796569890383
1510,0.03474002574002576,0.05635263835263837,0.04608258404781473,-0.010270054304823646,0.01134255830778897
1511,0.028433719433719452,0.04443886743886744,0.03461196210560706,-0.009826905333260381,0.0061782426718876085
1512,0.031451737451737474,0.03707722007722009,0.02909229146453694,-0.007984928612683153,-0.002359445987200535
1513,0.02796911196911199,0.04916859716859717,0.03927955461436949,-0.009889042554227685,0.011310442645257497
1514,0.023697554697554715,0.07880952380952382,0.06826567892401225,-0.010543844885511564,0.044568124226457534
1515,0.025528957528957546,0.03994594594594597,0.03409025792734097,-0.005855688018605004,0.00856130039838342
1516,0.026018018018018032,0.052962676962676994,0.0407477946629112,-0.012214882299765792,0.01472977664489317
1517,0.030086229086229103,0.09078893178893177,0.08184454176176852,-0.008944390027163254,0.05175831267553942
1518,0.030144144144144163,0.04795752895752897,0.03769987308982897,-0.0102576558677,0.007555728945684809
1519,0.032720720720720735,0.04794851994851996,0.03801694003902539,-0.009931579909494566,0.005296219318304658
1520,0.031102960102960125,0.03335006435006437,0.031545122201160763,-0.0018049421489036085,0.000442162098200638
1521,0.028178893178893195,0.0725868725868726,0.06153764079429165,-0.011049231792580952,0.033358747615398456
1522,0.03670785070785072,0.05084942084942086,0.040938674780117666,-0.009910746069303193,0.0042308240722669435
1523,0.031876447876447896,0.04763449163449164,0.034781240544541535,-0.012853251089950106,0.0029047926680936392
1524,0.027102960102960122,0.06439382239382245,0.05141981421344321,-0.012974008180379241,0.024316854110483087
1525,0.031909909909909925,0.07126898326898329,0.06127182764116896,-0.009997155627814329,0.029361917731259034
1526,0.029927927927927946,0.07785842985842986,0.06691481572242396,-0.010943614136005905,0.03698688779449601
1527,0.03391505791505793,0.06663191763191761,0.05782086772305982,-0.008811049908857796,0.023905809808001888
1528,0.029195624195624215,0.053558558558558574,0.041388572390151306,-0.012169986168407268,0.012192948194527091
1529,0.035523809523809534,0.052449163449163484,0.040519171443929074,-0.01192999200523441,0.00499536192011954
1530,0.024926640926640944,0.06572715572715569,0.055322811607089614,-0.010404344120066078,0.03039617068044867
1531,0.021447876447876463,0.07218790218790222,0.06022067974249908,-0.011967222445403138,0.03877280329462262
1532,0.02822651222651224,0.04732818532818533,0.03578196265759129,-0.01154622267059404,0.007555450431079046
1533,0.02977606177606179,0.036607464607464626,0.03755979357018982,0.0009523289627251935,0.007783731794128029
1534,0.02401029601029603,0.04250321750321749,0.03505282080534595,-0.007450396697871543,0.01104252479504992
1535,0.031149292149292167,0.050595881595881624,0.03881697208872324,-0.011778909507158382,0.007667679939431075
1536,0.03080180180180182,0.055168597168597164,0.04332638658908698,-0.011842210579510182,0.012524584787285162
1537,0.036983268983269,0.06438610038610039,0.05490893855844518,-0.009477161827655206,0.017925669575176183
1538,0.02859588159588161,0.04953024453024459,0.04019410062206806,-0.009336143908176532,0.011598219026186449
1539,0.03235907335907337,0.08354182754182758,0.07602185380090533,-0.007519973740922253,0.04366278044183196
1540,0.025814671814671834,0.06621235521235526,0.05477390441898626,-0.011438450793368998,0.028959232604314426
1541,0.028088803088803106,0.047317889317889335,0.03802358544856373,-0.009294303869325601,0.009934782359760627
1542,0.026054054054054074,0.04583783783783785,0.03732527948140515,-0.0085125583564327,0.011271225427351074
1543,0.034311454311454326,0.06829086229086229,0.05822452783298238,-0.010066334457879904,0.023913073521528057
1544,0.030338481338481358,0.04442471042471037,0.033583964434655694,-0.010840745990054676,0.0032454830961743363
1545,0.02450321750321752,0.07042599742599745,0.06071612892807608,-0.009709868497921367,0.036212911424858565
1546,0.025839124839124854,0.064969111969112,0.053286435366760254,-0.011682676602351741,0.0274473105276354
1547,0.028866151866151882,0.04050836550836554,0.029963618274243084,-0.010544747234122458,0.0010974664080912015
1548,0.02723809523809526,0.06798069498069495,0.056448194268961596,-0.011532500711733354,0.029210099030866337
1549,0.028091377091377105,0.06581467181467181,0.05635578623218481,-0.009458885582486996,0.028264409140807707
1550,0.02813513513513515,0.07060875160875166,0.059966092321638235,-0.010642659287113422,0.031830957186503084
1551,0.02399099099099101,0.06354311454311455,0.052063651685653786,-0.011479462857460765,0.028072660694662774
1552,0.028662805662805674,0.066001287001287,0.05627623139755352,-0.009725055603733483,0.027613425734747846
1553,0.030646074646074665,0.06898198198198195,0.05818190156032711,-0.01080008042165484,0.027535826914252447
1554,0.031171171171171193,0.06799356499356497,0.05788432649568027,-0.010109238497884705,0.026713155324509075
1555,0.02806048906048908,0.052306306306306324,0.03995707944180525,-0.012349226864501073,0.011896590381316172
1556,0.039853281853281866,0.05443243243243244,0.04427046616601375,-0.010161966266418687,0.004417184312731887
1557,0.02183140283140285,0.05259202059202063,0.04217764834912997,-0.010414372242890657,0.020346245517727124
1558,0.026386100386100408,0.06054954954954958,0.050503363855272626,-0.010046185694276955,0.02411726346917222
1559,0.03177220077220078,0.06892149292149292,0.05602752215284351,-0.012893970768649413,0.02425532138064273
1560,0.02882239382239384,0.052997425997426,0.04267090767600183,-0.010326518321424165,0.013848513853607993
1561,0.031296010296010306,0.05918275418275415,0.05021809108271377,-0.008964663100040376,0.018922080786703467
1562,0.029370656370656383,0.06423938223938226,0.051301212232773154,-0.012938170006609108,0.02193055586211677
1563,0.026283140283140296,0.047459459459459466,0.037674603191998106,-0.00978485626746136,0.01139146290885781
1564,0.02236808236808239,0.03297554697554698,0.045121167069791045,0.012145620094244067,0.022753084701708656
1565,0.025482625482625497,0.04311068211068215,0.03323239767423465,-0.009878284436447497,0.007749772191609154
1566,0.027395109395109415,0.06735392535392531,0.05582839029738749,-0.011525535056537826,0.028433280902278073
1567,0.03280437580437582,0.06853539253539251,0.0581496925852806,-0.010385699950111911,0.025345316780904778
1568,0.041047619047619055,0.07497683397683395,0.06460457580575135,-0.010372258171082602,0.023556956758132297
1569,0.02255083655083657,0.07080308880308878,0.060603971825032056,-0.01019911697805672,0.03805313527419549
1570,0.028684684684684703,0.04889961389961392,0.040173121141443176,-0.008726492758170744,0.011488436456758472
1571,0.02875675675675677,0.05038223938223933,0.04213884674640337,-0.008243392635835962,0.0133820899896466
1572,0.03657400257400258,0.07415572715572719,0.06504584978603688,-0.009109877369690308,0.028471847212034294
1573,0.02954697554697556,0.051918918918918894,0.041880275635232486,-0.010038643283686408,0.012333300088256925
1574,0.032642213642213654,0.06883783783783785,0.05796352853309408,-0.01087430930474377,0.02532131489088043
1575,0.028634491634491655,0.0707683397683398,0.06005597370129486,-0.010712366067044933,0.0314214820668032
1576,0.030339768339768355,0.07000128700128704,0.05947553705561477,-0.010525749945672264,0.029135768715846416
1577,0.030119691119691136,0.06266151866151864,0.05082650816279868,-0.011835010498719968,0.02070681704310754
1578,0.028047619047619064,0.04065122265122265,0.034380117412622306,-0.006271105238600347,0.006332498365003242
1579,0.035553410553410575,0.06013384813384812,0.05098904327780572,-0.009144804856042396,0.015435632724395146
1580,0.027818532818532835,0.08023680823680825,0.06903848461007746,-0.011198323626730788,0.041219951791544626
1581,0.03436293436293438,0.07302445302445301,0.06310268172170726,-0.009921771302745755,0.028739747358772876
1582,0.02554826254826257,0.05208494208494209,0.039315218413005885,-0.012769723671936205,0.013766955864743316
1583,0.02335392535392537,0.07168725868725867,0.058922309162779546,-0.012764949524479124,0.03556838380885417
1584,0.02719562419562421,0.04331274131274135,0.03345720295780855,-0.009855538354932795,0.006261578762184344
1585,0.028296010296010313,0.03932818532818535,0.03264025452522666,-0.006687930802958687,0.004344244229216348
1586,0.02865765765765767,0.04466151866151864,0.03694338727435786,-0.007718131387160786,0.008285729616700186
1587,0.03105276705276706,0.040660231660231694,0.03505394889474351,-0.005606282765488184,0.00400118184197645
1588,0.02916859716859719,0.06173101673101673,0.05067433508609052,-0.011056681644926215,0.02150573791749333
1589,0.025334620334620354,0.047850707850707865,0.0396172806176298,-0.008233427233078065,0.014282660283009445
1590,0.030418275418275437,0.061849420849420834,0.04953002906352445,-0.012319391785896382,0.019111753645249016
1591,0.029312741312741336,0.051223938223938247,0.041928587691153464,-0.009295350532784782,0.012615846378412128
1592,0.02593050193050195,0.05974002574002571,0.048331149725027,-0.011408876014998709,0.02240064779452505
1593,0.02955341055341057,0.06642728442728447,0.054948576470849345,-0.01147870795643513,0.025395165917438775
1594,0.029507078507078528,0.06897554697554699,0.05618659078167079,-0.012788956193876197,0.026679512274592265
1595,0.03025096525096527,0.05498198198198204,0.0441119262697264,-0.01087005571225564,0.013860961018761126
1596,0.03633204633204635,0.05036679536679538,0.036559610905546144,-0.013807184461249233,0.0002275645734997958
1597,0.028427284427284445,0.08809009009009013,0.0777903637858913,-0.010299726304198828,0.04936307935860686
1598,0.02614414414414416,0.06016216216216219,0.04861363530920734,-0.011548526852954849,0.022469491165063183
1599,0.03694851994851996,0.03272072072072074,0.02596496293060726,-0.006755757790113483,-0.010983557017912704
1600,0.026205920205920226,0.048299871299871296,0.04056218447869667,-0.007737686821174629,0.01435626427277644
1601,0.025442728442728463,0.056558558558558555,0.044503861829090004,-0.012054696729468552,0.01906113338636154
1602,0.02622779922779924,0.04563191763191764,0.033209841225389114,-0.012422076406528523,0.006982041997589873
1603,0.032293436293436305,0.06145431145431143,0.052454811113517914,-0.008999500340793519,0.02016137482008161
1604,0.026960102960102976,0.06521750321750323,0.05321053658026889,-0.012006966637234343,0.026250433620165915
1605,0.02707335907335909,0.0766962676962677,0.06567692127114537,-0.011019346425122326,0.03860356219778628
1606,0.032745173745173765,0.05348777348777352,0.04408906044014833,-0.009398713047625191,0.011343886694974561
1607,0.03091248391248393,0.053876447876447894,0.04319609738801589,-0.010680350488432001,0.012283613475531963
1608,0.035678249678249695,0.051386100386100385,0.03926315662383705,-0.012122943762263333,0.0035849069455873572
1609,0.0253796653796654,0.059114543114543096,0.049124876112303054,-0.009989667002240042,0.023745210732637655
1610,0.02431402831402833,0.053468468468468505,0.04329239478290508,-0.010176073685563426,0.01897836646887675
1611,0.02886486486486488,0.0658648648648649,0.053227000943301184,-0.012637863921563713,0.024362136078436302
1612,0.028603603603603624,0.04236293436293437,0.032631723870826426,-0.009731210492107942,0.0040281202672228025
1613,0.02954697554697556,0.05818275418275419,0.047097400416850295,-0.011085353765903895,0.017550424869874733
1614,0.029994851994852013,0.07370785070785073,0.06399418416887312,-0.009713666538977608,0.03399933217402111
1615,0.029541827541827565,0.04919047619047619,0.03952835901241126,-0.009662117178064929,0.009986531470583693
1616,0.03640025740025741,0.05807593307593311,0.048109532107116416,-0.009966400968816694,0.011709274706859008
1617,0.026508365508365526,0.04726126126126127,0.03799882796596019,-0.009262433295301076,0.011490462457594667
1618,0.034769626769626784,0.030703989703989715,0.028520111133238865,-0.0021838785707508496,-0.006249515636387919
1619,0.028257400257400273,0.045915057915057955,0.035297634803746925,-0.01061742311131103,0.007040234546346651
1620,0.03205276705276707,0.040922779922779935,0.035830575784800034,-0.005092204137979901,0.0037778087320329626
1621,0.023785070785070805,0.05267696267696264,0.043384395095597494,-0.009292567581365145,0.01959932431052669
1622,0.030523809523809543,0.035563706563706596,0.02536913727491922,-0.010194569288787377,-0.005154672248890324
1623,0.036422136422136445,0.06521364221364222,0.053383847149822215,-0.011829795063820002,0.01696171072768577
1624,0.023306306306306323,0.07972715572715568,0.07205816945489693,-0.007668986272258746,0.048751863148590605
1625,0.029274131274131296,0.06851222651222653,0.05485960069348654,-0.013652625818739994,0.025585469419355245
1626,0.02795881595881598,0.05306563706563708,0.04153587363093536,-0.011529763434701717,0.013577057672119381
1627,0.03146203346203348,0.06670656370656375,0.05685452034572995,-0.009852043360833798,0.02539248688369647
1628,0.028611325611325632,0.043643500643500664,0.03527071637939257,-0.008372784264108098,0.006659390768066934
1629,0.028831402831402845,0.09237065637065642,0.08440259950254964,-0.007968056868106782,0.055571196671146794
1630,0.02983783783783786,0.06097683397683398,0.04982238089483196,-0.011154453082002025,0.019984543056994097
1631,0.02751093951093953,0.05959716859716864,0.047593736493489816,-0.012003432103678824,0.020082796982550288
1632,0.02901029601029603,0.050957528957528954,0.039629127672789075,-0.01132840128473988,0.010618831662493045
1633,0.027643500643500664,0.0593693693693694,0.04819305644197539,-0.01117631292739401,0.020549555798474728
1634,0.030715572715572733,0.04272072072072076,0.03300232471513168,-0.009718396005589075,0.0022867519995589496
1635,0.02605534105534107,0.07070012870012866,0.05863884633711344,-0.012061282363015222,0.03258350528177237
1636,0.03225611325611327,0.07275546975546979,0.059922800458196285,-0.012832669297273502,0.027666687202083012
1637,0.02972329472329474,0.06012612612612613,0.048225742500405816,-0.011900383625720316,0.018502447777111075
1638,0.033356499356499376,0.043151866151866156,0.03429271119051928,-0.008859154961346878,0.000936211834019901
1639,0.03355212355212357,0.06231788931788934,0.05167202958562061,-0.010645859732268732,0.018119906033497037
1640,0.034733590733590745,0.05464607464607467,0.045699695585885436,-0.008946379060189233,0.01096610485229469
1641,0.025449163449163467,0.048362934362934366,0.03930308920888286,-0.009059845154051505,0.013853925759719395
1642,0.029817245817245836,0.07374388674388675,0.06493755903492726,-0.008806327708959491,0.03512031321768143
1643,0.0241853281853282,0.09106692406692408,0.08312758009383515,-0.00793934397308893,0.05894225190850695
1644,0.029177606177606195,0.062142857142857166,0.05017589912580678,-0.011966958017050389,0.020998292948200582
1645,0.028218790218790236,0.05094465894465891,0.0392637958653955,-0.011680863079263408,0.011045005646605266
1646,0.028267696267696287,0.03453796653796654,0.02845436101637557,-0.006083605521590974,0.00018666474867928134
1647,0.026055341055341075,0.06779922779922783,0.05548620391093658,-0.012313023888291245,0.029430862855595506
1648,0.026697554697554717,0.048061776061776015,0.0371135193791682,-0.010948256682607814,0.010415964681613484
1649,0.03184942084942086,0.07471428571428576,0.062461494732936315,-0.012252790981349446,0.030612073883515452
1650,0.025317889317889333,0.04355469755469759,0.03519632149340255,-0.00835837606129504,0.009878432175513218
1651,0.028167310167310187,0.05368725868725871,0.04237553156195156,-0.011311727125307147,0.014208221394641375
1652,0.030840411840411853,0.03662419562419563,0.029504279650004663,-0.0071199159741909684,-0.0013361321904071903
1653,0.025530244530244547,0.049602316602316586,0.038716742733697296,-0.01088557386861929,0.013186498203452749
1654,0.029361647361647383,0.0660939510939511,0.056627464733346636,-0.00946648636060446,0.027265817371699252
1655,0.030038610038610056,0.05181981981981983,0.04181496640807999,-0.010004853411739845,0.011776356369469932
1656,0.027783783783783805,0.06997425997426,0.05981046828314825,-0.01016379169111175,0.03202668449936445
1657,0.02841055341055343,0.05342728442728447,0.042360745004713325,-0.011066539422571145,0.013950191594159896
1658,0.02896396396396398,0.053070785070785075,0.04396285616785016,-0.009107928902934916,0.014998892203886179
1659,0.02770656370656372,0.05590347490347493,0.04550909717840847,-0.010394377725066462,0.017802533471844746
1660,0.027741312741312762,0.0475997425997426,0.04193144831776116,-0.0056682942819814425,0.014190135576448399
1661,0.03735521235521237,0.05471042471042476,0.04326541699637228,-0.011445007714052484,0.005910204641159905
1662,0.02572329472329474,0.05442599742599743,0.043720027193615146,-0.010705970232382282,0.017996732470320406
1663,0.024948519948519966,0.05649935649935653,0.04556950750667769,-0.01092984899267884,0.020620987558157722
1664,0.02714028314028316,0.03893951093951093,0.029253326096777187,-0.009686184842733744,0.0021130429564940253
1665,0.029746460746460764,0.06208108108108106,0.05167519787824311,-0.010405883202837952,0.021928737131782346
1666,0.024181467181467194,0.054123552123552174,0.04343690392685621,-0.010686648196695965,0.019255436745389015
1667,0.031105534105534124,0.0615714285714286,0.051498599161300555,-0.010072829410128048,0.02039306505576643
1668,0.021895752895752917,0.06479150579150582,0.05250981993072961,-0.012281685860776208,0.030614067034976693
1669,0.03467824967824969,0.0425958815958816,0.033646401578534164,-0.008949480017347439,-0.0010318480997155224
1670,0.02472329472329474,0.0643217503217503,0.05526526324316389,-0.009056487078586417,0.030541968519869147
1671,0.02634362934362936,0.07095881595881598,0.05969623315659837,-0.011262582802217612,0.033352603812969006
1672,0.030764478764478777,0.04564478764478766,0.03486121878137313,-0.010783568863414528,0.0040967400168943555
1673,0.0328867438867439,0.08185971685971687,0.0727978903285949,-0.009061826531121961,0.03991114644185101
1674,0.02929343629343631,0.05643758043758047,0.04398053071087569,-0.012457049726704784,0.01468709441743938
1675,0.03036936936936939,0.05433976833976836,0.044033316650031094,-0.010306451689737268,0.013663947280661705
1676,0.03330501930501933,0.060929214929214943,0.05055798359551373,-0.010371231333701214,0.017252964290494402
1677,0.030697554697554717,0.04617245817245816,0.03829150240179829,-0.007880955770659871,0.00759394770424357
1678,0.03087258687258689,0.0428648648648649,0.04158657723598192,-0.0012782876288829764,0.010713990363395032
1679,0.032006435006435026,0.06345945945945948,0.04951372713825396,-0.013945732321205523,0.01750729213181893
1680,0.02923680823680826,0.054387387387387374,0.04186118747430162,-0.012526199913085755,0.01262437923749336
1681,0.027728442728442746,0.03813770913770917,0.03538176700576669,-0.002755942131942482,0.007653324277323941
1682,0.02610038610038612,0.058159588159588126,0.04660432127922547,-0.011555266880362652,0.020503935178839354
1683,0.03109523809523811,0.06752767052767053,0.05740169731528982,-0.010125973212380714,0.026306459220051707
1684,0.03379794079794082,0.06393178893178894,0.04979615997663258,-0.014135628955156361,0.015998219178691757
1685,0.035840411840411854,0.05900000000000002,0.04503259930670256,-0.013967400693297459,0.009192187466290705
1686,0.026096525096525117,0.05167052767052764,0.041570422882848075,-0.010100104787679566,0.015473897786322958
1687,0.02956113256113257,0.055365508365508395,0.0433925005645224,-0.011973007800985994,0.01383136800338983
1688,0.02872329472329474,0.08284942084942085,0.07124031520622214,-0.011609105643198711,0.042517020482927395
1689,0.03072329472329474,0.06185842985842989,0.05103148408038313,-0.010826945778046757,0.020308189357088394
1690,0.029494208494208505,0.05745045045045046,0.049111552318802786,-0.008338898131647676,0.01961734382459428
1691,0.026083655083655104,0.07278120978120978,0.06295886576822458,-0.009822344012985193,0.036875210684569476
1692,0.030100386100386116,0.05600257400257401,0.04649979612624643,-0.009502777876327577,0.016399410025860317
1693,0.03320205920205922,0.054558558558558574,0.0444123752166892,-0.010146183341869376,0.011210316014629976
1694,0.03493050193050195,0.0463268983268983,0.03560792518433097,-0.010718973142567326,0.0006774232538290237
1695,0.038301158301158315,0.053776061776061757,0.04123539511360636,-0.012540666662455395,0.002934236812448046
1696,0.029005148005148026,0.07490347490347495,0.0664571692139829,-0.008446305689492048,0.03745202120883487
1697,0.030678249678249697,0.05774903474903472,0.047741356215106924,-0.010007678533927797,0.017063106536857227
1698,0.031392535392535406,0.07294337194337196,0.06412870644340897,-0.008814665499962987,0.032736171050873564
1699,0.027594594594594617,0.04383912483912483,0.03753565410764302,-0.006303470731481811,0.009941059513048404
1700,0.030696267696267713,0.04751351351351355,0.0415631040039397,-0.005950409509573852,0.010866836307671986
1701,0.0254826254826255,0.06350836550836547,0.051488074763697544,-0.012020290744667927,0.026005449281072044
1702,0.02512226512226514,0.046893178893178906,0.03303349962848601,-0.0138596792646929,0.007911234506220867
1703,0.021229086229086244,0.05494337194337193,0.043533263365876415,-0.011410108577495512,0.02230417713679017
1704,0.03532818532818534,0.053703989703989694,0.04362527425097018,-0.010078715453019513,0.008297088922784843
1705,0.027314028314028335,0.05194208494208499,0.03909342364154907,-0.01284866130053592,0.011779395327520738
1706,0.025872586872586888,0.0724234234234234,0.062230984576874315,-0.010192438846549079,0.03635839770428743
1707,0.03519948519948521,0.06049420849420846,0.051111148705148116,-0.009383059789060344,0.015911663505662907
1708,0.026886743886743905,0.05115701415701419,0.041717867996099646,-0.009439146160914541,0.01483112410935574
1709,0.032756756756756766,0.06395624195624197,0.051447839223146156,-0.012508402733095815,0.01869108246638939
1710,0.029296010296010314,0.05216087516087514,0.03898865777443764,-0.0131722173864375,0.009692647478427328
1711,0.028517374517374534,0.042634491634491636,0.0373775387831551,-0.005256952851336538,0.008860164265780564
1712,0.027665379665379686,0.05915315315315319,0.04910199903305645,-0.010051154120096745,0.02143661936767676
1713,0.026377091377091395,0.048758043758043754,0.03757590136737382,-0.011182142390669933,0.011198809990282426
1714,0.026602316602316625,0.0420604890604891,0.03123373545351092,-0.010826753606978181,0.004631418851194294
1715,0.03304118404118406,0.04298841698841698,0.03472199756332901,-0.008266419425087969,0.0016808135221449555
1716,0.026906048906048925,0.06656628056628058,0.05513004316577534,-0.011436237400505242,0.028223994259726416
1717,0.031945945945945964,0.05127413127413131,0.03886536354796533,-0.012408767726165976,0.006919417602019369
1718,0.03145688545688548,0.04800772200772202,0.036763790792038786,-0.011243931215683234,0.0053069053351533085
1719,0.026929214929214948,0.03802445302445302,0.03355646550290087,-0.004467987521552155,0.006627250573685919
1720,0.026217503217503234,0.06751737451737456,0.055944168769912296,-0.011573205747462269,0.029726665552409062
1721,0.027261261261261282,0.06347104247104247,0.05179505729220718,-0.011675985178835294,0.0245337960309459
1722,0.030221364221364237,0.07324839124839128,0.0640445728383233,-0.009203818410067982,0.03382320861695906
1723,0.033348777348777364,0.0735238095238095,0.06140312234478497,-0.012120687179024536,0.028054344996007605
1724,0.03336036036036037,0.04071814671814674,0.030709928894835994,-0.010008217823310746,-0.0026504314655243777
1725,0.03091119691119693,0.050642213642213676,0.04135807569040096,-0.009284137951812717,0.010446878779204031
1726,0.026768339768339786,0.039432432432432434,0.03308199613258168,-0.006350436299850756,0.006313656364241891
1727,0.02721492921492923,0.03928700128700129,0.03295205653916643,-0.0063349447478348656,0.005737127324237198
1728,0.03151093951093953,0.052000000000000005,0.042590699335327435,-0.00940930066467257,0.011079759824387907
1729,0.029898326898326912,0.08494851994851997,0.07397032598420866,-0.010978193964311309,0.04407199908588175
1730,0.028223938223938243,0.07254954954954955,0.06048009078432786,-0.01206945876522169,0.03225615256038962
1731,0.03460231660231662,0.03866924066924069,0.03216285589124167,-0.006506384777999023,-0.0024394607110749533
1732,0.02674131274131276,0.0487915057915058,0.03853535662419101,-0.010256149167314786,0.01179404388287825
1733,0.030994851994852007,0.09196653796653799,0.08134159111772125,-0.010624946848816735,0.050346739122869244
1734,0.02680180180180182,0.051722007722007725,0.042498276341894715,-0.00922373138011301,0.015696474540092896
1735,0.03220334620334622,0.04914285714285715,0.03646659325089876,-0.01267626389195839,0.004263247047552536
1736,0.03056885456885459,0.0637001287001287,0.05292054373794408,-0.010779584962184618,0.02235168916908949
1737,0.02900514800514802,0.055136422136422156,0.0424287060084473,-0.012707716127974854,0.013423558003299283
1738,0.029198198198198213,0.05553925353925357,0.043770010523504405,-0.011769243015749165,0.014571812325306192
1739,0.028541827541827557,0.05014414414414414,0.04059890298898108,-0.009545241155163066,0.01205707544715352
1740,0.03140926640926643,0.07705276705276703,0.0638621252569194,-0.01319064179584764,0.03245285884765296
1741,0.03701801801801803,0.05413770913770912,0.045267142658558926,-0.008870566479150195,0.008249124640540895
1742,0.03475546975546977,0.04951994851994854,0.03679969410192156,-0.012720254418026974,0.002044224346451795
1743,0.027212355212355228,0.05699227799227798,0.046692719751338936,-0.010299558240939047,0.01948036453898371
1744,0.023259974259974277,0.062420849420849404,0.05328337523166803,-0.009137474189181372,0.030023400971693755
1745,0.029662805662805675,0.08051093951093952,0.07042762336383547,-0.010083316147104046,0.0407648177010298
1746,0.024480051480051498,0.05619819819819822,0.04461455453075812,-0.0115836436674401,0.02013450305070662
1747,0.031202059202059224,0.07539639639639636,0.06343651647933991,-0.011959879917056451,0.03223445727728069
1748,0.031129987129987147,0.054772200772200755,0.04309929453840064,-0.011672906233800115,0.011969307408413492
1749,0.02809266409266411,0.053334620334620365,0.04338090618472217,-0.009953714149898193,0.015288242092058063
1750,0.03151480051480054,0.0651068211068211,0.052891038413885164,-0.01221578269293594,0.021376237899084626
1751,0.027790218790218806,0.08330244530244532,0.07290792166151953,-0.010394523640925787,0.04511770287130073
1752,0.029844272844272858,0.05477477477477477,0.045769834531085615,-0.009004940243689155,0.015925561686812757
1753,0.026954954954954976,0.047985842985843005,0.04090912537048188,-0.007076717615361126,0.013954170415526903
1754,0.03517117117117119,0.06477220077220082,0.054690105699184914,-0.010082095073015905,0.019518934528013725
1755,0.026519948519948537,0.0483191763191763,0.04092013063329929,-0.007399045685877015,0.01440018211335075
1756,0.031429858429858445,0.05025611325611329,0.04070774440832632,-0.009548368847786967,0.009277885978467876
1757,0.031858429858429876,0.06164607464607463,0.04971475218405401,-0.011931322462020624,0.017856322325624133
1758,0.03029343629343631,0.048916344916344945,0.03679321948343528,-0.012123125432909665,0.00649978318999897
1759,0.029779922779922793,0.0657722007722008,0.05488627783816396,-0.010885922934036847,0.025106355058241166
1760,0.03417631917631919,0.057931788931788915,0.046222991199102864,-0.01170879773268605,0.012046672022783672
1761,0.030902187902187916,0.04958815958815956,0.038207208283075486,-0.011380951305084076,0.00730502038088757
1762,0.032136422136422156,0.03614543114543114,0.035540992121991695,-0.0006044390234394431,0.003404569985569539
1763,0.028679536679536693,0.06287644787644789,0.05342745102242891,-0.009448996854018982,0.024747914342892214
1764,0.024100386100386118,0.06358687258687255,0.0523561522064043,-0.011230720380468254,0.028255766106018182
1765,0.025428571428571446,0.048135135135135176,0.03908875795216812,-0.00904637718296706,0.01366018652359667
1766,0.03209266409266411,0.06680823680823678,0.0566303878716967,-0.010177848936540078,0.024537723779032586
1767,0.02342084942084944,0.0427709137709138,0.03221645082590436,-0.01055446294500944,0.00879560140505492
1768,0.028760617760617783,0.04580952380952384,0.03925241229306852,-0.00655711151645532,0.010491794532450738
1769,0.03012870012870015,0.04545045045045049,0.036549519035098774,-0.008900931415351719,0.006420818906398625
1770,0.027296010296010316,0.054113256113256146,0.043842646446906955,-0.010270609666349191,0.01654663615089664
1771,0.031482625482625495,0.062078507078507095,0.04982391564394536,-0.012254591434561736,0.018341290161319863
1772,0.028644787644787666,0.08656885456885458,0.0762094765437854,-0.010359378025069171,0.04756468889899774
1773,0.025559845559845574,0.058828828828828825,0.047679614190715376,-0.011149214638113449,0.022119768630869802
1774,0.03272844272844275,0.05894465894465893,0.0467001300163754,-0.012244528928283531,0.013971687287932653
1775,0.02270141570141572,0.06702574002574004,0.055992719324354644,-0.011033020701385392,0.033291303622938924
1776,0.03180823680823682,0.05165250965250967,0.03900426577504628,-0.01264824387746339,0.007196028966809459
1777,0.030942084942084964,0.03854568854568855,0.02964821600162838,-0.008897472544060172,-0.0012938689404565842
1778,0.034624195624195636,0.04174259974259973,0.03510152776847391,-0.00664107197412582,0.0004773321442782738
1779,0.028302445302445318,0.08407850707850709,0.07430813711911882,-0.009770369959388264,0.04600569181667351
1780,0.025217503217503236,0.059096525096525084,0.04992317496093963,-0.009173350135585456,0.02470567174343639
1781,0.028537966537966555,0.04594208494208498,0.03657648973925121,-0.009365595202833768,0.008038523201284658
1782,0.028796653796653818,0.064016731016731,0.052524338091252495,-0.011492392925478503,0.023727684294598678
1783,0.02809009009009011,0.06786357786357783,0.054163816848952,-0.013699761014625826,0.026073726758861892
1784,0.025508365508365525,0.05979021879021881,0.04972012223022718,-0.01007009655999163,0.024211756721861658
1785,0.02991891891891894,0.03765122265122266,0.0437331745740701,0.0060819519228474395,0.013814255655151157
1786,0.030411840411840432,0.04450965250965252,0.03262909714293157,-0.011880555366720946,0.00221725673109114
1787,0.02915958815958818,0.06587258687258689,0.05383476452292202,-0.01203782234966487,0.02467517636333384
1788,0.0235830115830116,0.08660231660231665,0.07412683938121416,-0.012475477221102496,0.05054382779820256
1789,0.03388931788931791,0.03293436293436296,0.02951035527362476,-0.0034240076607381965,-0.004378962615693153
1790,0.030620334620334637,0.045232947232947254,0.03520960648619951,-0.010023340746747746,0.004589271865864872
1791,0.03340154440154442,0.054424710424710414,0.04388864848431532,-0.010536061940395094,0.010487104082770898
1792,0.02592149292149294,0.030222651222651224,0.03299735095470464,0.00277469973205342,0.007075858033211705
1793,0.02283783783783785,0.05438610038610041,0.04498757633723168,-0.009398524048868727,0.02214973849939383
1794,0.030353925353925372,0.051859716859716874,0.04219022453400145,-0.009669492325715422,0.01183629918007608
1795,0.03417245817245818,0.06041827541827541,0.05071430411203067,-0.009703971306244737,0.01654184593957249
1796,0.03299099099099101,0.03801158301158302,0.0364594514156946,-0.0015521315958884202,0.0034684604247035913
1797,0.02605276705276707,0.04862162162162166,0.03715412697660841,-0.011467494645013253,0.011101359923841338
1798,0.03003732303732306,0.053978120978120984,0.03992016865218336,-0.014057952325937623,0.009882845614860303
1799,0.02697168597168599,0.06567310167310168,0.054078197712793354,-0.01159490396030833,0.027106511741107363
1800,0.025849420849420865,0.04243886743886744,0.03247492853619373,-0.009963938902673712,0.0066255076867728635
1801,0.03041570141570143,0.06665894465894465,0.05383700792122484,-0.012821936737719808,0.023421306505523407
1802,0.02783526383526385,0.06474388674388674,0.05425177197110195,-0.010492114772784791,0.026416508135838103
1803,0.02461132561132563,0.075994851994852,0.06874074953678685,-0.00725410245806514,0.04412942392546122
1804,0.030163449163449183,0.041093951093951114,0.03436447009890611,-0.006729480995045008,0.0042010209354569235
1805,0.02481209781209783,0.07862548262548262,0.06735750562373907,-0.011267977001743548,0.04254540781164124
1806,0.02467181467181469,0.04007722007722008,0.04239476894476853,0.0023175488675484454,0.017722954272953836
1807,0.024334620334620357,0.07298326898326896,0.06405121033176145,-0.008932058651507507,0.03971658999714109
1808,0.03351994851994853,0.07228442728442729,0.06058975806217406,-0.011694669222253228,0.02706980954222553
1809,0.03190476190476192,0.06872586872586872,0.057260504894198955,-0.011465363831669767,0.025355742989437033
1810,0.03155212355212357,0.08371557271557273,0.0750963760824839,-0.008619196633088827,0.04354425253036033
1811,0.03115572715572717,0.07023294723294725,0.05984583195573719,-0.010387115277210056,0.028690104800010024
1812,0.027406692406692426,0.05094594594594589,0.03955752993261262,-0.01138841601333327,0.012150837525920194
1813,0.028920205920205933,0.05287644787644787,0.04464857265358476,-0.008227875222863112,0.015728366733378827
1814,0.027831402831402847,0.044306306306306296,0.03873510736839146,-0.0055711989379148355,0.010903704536988613
1815,0.028374517374517395,0.05944658944658948,0.04656472666162697,-0.012881862784962513,0.018190209287109575
1816,0.026501930501930514,0.053265122265122256,0.04542280362952871,-0.007842318635593544,0.018920873127598197
1817,0.029410553410553427,0.04046589446589447,0.02940938874378593,-0.01105650572210854,-1.164666767496797e-06
1818,0.029477477477477497,0.03852509652509651,0.029125210813398632,-0.009399885711697878,-0.0003522666640788652
1819,0.029996138996139014,0.043795366795366775,0.034815389071543246,-0.008979977723823529,0.004819250075404232
1820,0.02810296010296012,0.08400257400257402,0.07216298613923208,-0.011839587863341938,0.04406002603627196
1821,0.02813642213642215,0.10986229086229087,0.10088880031870885,-0.008973490543582013,0.0727523781822867
1822,0.038111969111969124,0.04817631917631922,0.035212715264978094,-0.012963603911341125,-0.0028992538469910303
1823,0.02657271557271559,0.042592020592020594,0.038577240444964085,-0.004014780147056508,0.012004524872248495
1824,0.030209781209781225,0.05417889317889321,0.042712482314281444,-0.011466410864611767,0.012502701104500219
1825,0.034868725868725886,0.045701415701415705,0.03566078389540119,-0.010040631806014513,0.0007920580266753061
1826,0.02836293436293438,0.06319176319176321,0.05348710530908516,-0.009704657882678054,0.02512417094615078
1827,0.030823680823680838,0.0642149292149292,0.05447237346153844,-0.009742555753390766,0.0236486926378576
1828,0.02792664092664094,0.059413127413127424,0.048852370433602216,-0.010560756979525208,0.020925729506961276
1829,0.02393178893178895,0.07175804375804377,0.05902536415817305,-0.012732679599870726,0.035093575226384094
1830,0.02696653796653798,0.03989832689832689,0.031057323149688565,-0.008841003748638325,0.0040907851831505845
1831,0.029505791505791523,0.05783268983268983,0.0452262966569576,-0.012606393175732235,0.015720505151166075
1832,0.0274851994851995,0.0658828828828829,0.05592796927354145,-0.009954913609341448,0.028442769788341947
1833,0.024029601029601045,0.04866151866151861,0.037819827423040304,-0.010841691238478307,0.01379022639343926
1834,0.02459588159588161,0.03423294723294723,0.026687734711615854,-0.007545212521331376,0.002091853115734243
1835,0.026393822393822413,0.0604208494208494,0.04915413381570938,-0.011266715605140025,0.022760311421886965
1836,0.029732303732303754,0.05880437580437582,0.04769450995611303,-0.01110986584826279,0.017962206223809278
1837,0.037418275418275436,0.052002574002574055,0.039257609210124986,-0.01274496479244907,0.0018393337918495498
1838,0.032151866151866174,0.05957014157014158,0.04936092971446688,-0.0102092118556747,0.017209063562600706
1839,0.025715572715572736,0.05917374517374521,0.04662192790996194,-0.012551817263783273,0.020906355194389204
1840,0.02809266409266411,0.05429858429858427,0.045190433905408084,-0.009108150393176188,0.017097769812743975
1841,0.026375804375804394,0.033276705276705267,0.03374560764803208,0.0004689023713268167,0.0073698032722276895
1842,0.03759588159588161,0.04921235521235522,0.03795052795248833,-0.011261827259866894,0.0003546463566067165
1843,0.030386100386100404,0.038719433719433725,0.03749845215450625,-0.0012209815649274758,0.007112351768405845
1844,0.030706563706563723,0.05622651222651225,0.04379883509375166,-0.012427677132760592,0.013092271387187937
1845,0.02501158301158303,0.041916344916344946,0.03091131893965811,-0.011005025976686837,0.005899735928075078
1846,0.028767052767052784,0.04080180180180182,0.03970784635288884,-0.0010939554489129769,0.010940793585836057
1847,0.03251351351351353,0.051230373230373244,0.04109465363592659,-0.010135719594446653,0.00858114012241306
1848,0.031435006435006456,0.08936293436293437,0.08156201798036389,-0.00780091638257048,0.05012701154535743
1849,0.030548262548262567,0.03522908622908623,0.029099595453245638,-0.006129490775840591,-0.001448667095016929
1850,0.03671943371943373,0.043144144144144185,0.034239435536088554,-0.008904708608055631,-0.0024799981833451765
1851,0.028097812097812116,0.07463706563706564,0.0638699482650566,-0.010767117372009041,0.03577213616724448
1852,0.03005148005148007,0.05329472329472333,0.040999550409455195,-0.012295172885268137,0.010948070357975126
1853,0.031148005148005167,0.0561158301158301,0.04628628388906768,-0.009829546226762423,0.015138278741062512
1854,0.02839639639639642,0.059725868725868714,0.05011191023597446,-0.009613958489894256,0.021715513839578038
1855,0.027126126126126145,0.054561132561132576,0.04456477608020374,-0.009996356480928836,0.017438649954077595
1856,0.026477477477477494,0.06869755469755473,0.056044502525941675,-0.012653052171613055,0.02956702504846418
1857,0.027962676962676975,0.05310810810810809,0.040654790671431504,-0.01245331743667659,0.012692113708754529
1858,0.024527670527670544,0.06609137709137707,0.0564233908546695,-0.009667986236707567,0.03189572032699896
1859,0.02952767052767054,0.043386100386100405,0.03575715681817643,-0.007628943567923978,0.006229486290505886
1860,0.030373230373230392,0.06311969111969112,0.05339329409084388,-0.009726397028847242,0.02302006371761349
1861,0.03115315315315317,0.054347490347490354,0.044947362050461556,-0.009400128297028798,0.013794208897308386
1862,0.03384169884169886,0.044604890604890625,0.03500787558134143,-0.009597015023549198,0.0011661767396425674
1863,0.03134877734877736,0.058406692406692384,0.048912632356915155,-0.00949406004977723,0.017563855008137792
1864,0.025427284427284442,0.05640025740025742,0.04346935540851719,-0.012930901991740233,0.018042070981232745
1865,0.028669240669240686,0.04933075933075935,0.039875839858156265,-0.009454919472603088,0.011206599188915579
1866,0.023114543114543133,0.06397812097812099,0.05062077027001262,-0.013357350708108368,0.027506227155469486
1867,0.026907335907335923,0.09197425997425997,0.08516834661363316,-0.006805913360626803,0.058261010706297245
1868,0.03413127413127415,0.04527284427284431,0.03462169984435557,-0.010651144428488739,0.000490425713081423
1869,0.03292020592020593,0.0430489060489061,0.03189868644424041,-0.011150219604665688,-0.0010215194759655224
1870,0.027435006435006452,0.05345817245817247,0.04406310039422337,-0.0093950720639491,0.016628093959216918
1871,0.025129987129987146,0.07862548262548265,0.06862536245892316,-0.01000012016655949,0.04349537532893601
1872,0.030994851994852014,0.042764478764478794,0.0334546205291987,-0.009309858235280091,0.0024597685343466895
1873,0.027077220077220094,0.0732985842985843,0.06229113573314994,-0.011007448565434355,0.03521391565592985
1874,0.03490862290862292,0.07197297297297295,0.06273727801943965,-0.009235694953533297,0.02782865511081673
1875,0.03103474903474905,0.0372715572715573,0.028628868337861536,-0.008642688933695766,-0.0024058806968875156
1876,0.03056628056628058,0.05026898326898324,0.04125993072740525,-0.009009052541577994,0.010693650161124668
1877,0.029374517374517392,0.08298841698841701,0.07196921520753147,-0.011019201780885543,0.042594697833014075
1878,0.03379536679536681,0.054953667953667955,0.04426961066371409,-0.010684057289953863,0.010474243868347284
1879,0.026517374517374535,0.0662895752895753,0.05304469658052975,-0.013244878709045546,0.026527322063155216
1880,0.0322805662805663,0.038544401544401544,0.037886440663399336,-0.0006579608810022078,0.005605874382833033
1881,0.031431145431145446,0.03801287001287002,0.03227236027675835,-0.005740509736111669,0.0008412148456129059
1882,0.0247812097812098,0.05749163449163454,0.046081894099330806,-0.011409740392303733,0.021300684318121006
1883,0.02429858429858432,0.05394079794079791,0.04269789778734882,-0.011242900153449094,0.018399313488764498
1884,0.03368854568854571,0.047362934362934345,0.04065316697174022,-0.006709767391194124,0.006964621283194514
1885,0.02835135135135137,0.047325611325611354,0.03820225208123863,-0.009123359244372721,0.009850900729887264
1886,0.024979407979407998,0.055375804375804374,0.04370557672239413,-0.011670227653410248,0.01872616874298613
1887,0.030299871299871318,0.05676319176319176,0.04497744203653419,-0.011785749726657566,0.014677570736662874
1888,0.030266409266409288,0.04700900900900903,0.040638245322622044,-0.0063707636863869835,0.010371836056212756
1889,0.029994851994852013,0.04664221364221366,0.03501784886321614,-0.011624364778997517,0.005022996868364129
1890,0.028647361647361667,0.04673230373230377,0.036672749492830066,-0.010059554239473703,0.008025387845468399
1891,0.03234877734877736,0.05127799227799228,0.04131142650718552,-0.009966565770806762,0.008962649158408158
1892,0.041938223938223954,0.0601184041184041,0.04646288509075553,-0.013655519027648569,0.004524661152531577
1893,0.028907335907335928,0.035144144144144164,0.032238476936703134,-0.0029056672074410303,0.003331141029367206
1894,0.025362934362934384,0.04625096525096526,0.03664161245489727,-0.00960935279606799,0.011278678091962886
1895,0.02473230373230375,0.07636422136422137,0.06648020428497621,-0.009884017079245161,0.04174790055267246
1896,0.02827413127413129,0.060238095238095236,0.049984134774130655,-0.010253960463964581,0.021710003499999363
1897,0.028880308880308892,0.06682625482625484,0.05463770784815092,-0.012188546978103926,0.025757398967842026
1898,0.024212355212355232,0.06988545688545686,0.06093364612858288,-0.008951810756873978,0.03672129091622765
1899,0.027764478764478778,0.04560617760617759,0.035124451489877674,-0.010481726116299918,0.0073599727253988965
1900,0.031212355212355224,0.06462162162162165,0.05174922902732347,-0.012872392594298177,0.020536873814968246
1901,0.037244530244530255,0.04905276705276705,0.047915370865241974,-0.0011373961875250777,0.010670840620711719
1902,0.025478764478764498,0.07153667953667957,0.061871931938960505,-0.009664747597719063,0.03639316746019601
1903,0.031386100386100395,0.044711711711711725,0.03797409777560683,-0.006737613936104898,0.006587997389506432
1904,0.03446718146718149,0.06005791505791503,0.050107406525938786,-0.009950508531976245,0.0156402250587573
1905,0.03123037323037325,0.05349678249678248,0.043398521412161904,-0.010098261084620579,0.012168148181788654
1906,0.03132432432432434,0.0352972972972973,0.03428575159858306,-0.0010115456987142418,0.0029614272742587225
1907,0.028819819819819834,0.05958687258687254,0.04591514337836701,-0.013671729208505533,0.017095323558547176
1908,0.0310836550836551,0.05700514800514802,0.048753983416739685,-0.008251164588408334,0.017670328333084587
1909,0.022406692406692418,0.0617876447876448,0.05058026283203359,-0.01120738195561121,0.02817357042534117
1910,0.03040283140283142,0.057648648648648666,0.04628584488007584,-0.011362803768572828,0.01588301347724442
1911,0.03276576576576578,0.06917117117117119,0.057053462368925625,-0.012117708802245566,0.024287696603159846
1912,0.02902960102960105,0.06216988416988414,0.05023382625538952,-0.011936057914494626,0.021204225225788468
1913,0.02841570141570143,0.07396525096525097,0.061675441576203534,-0.012289809389047439,0.03325974016050211
1914,0.029328185328185347,0.0707889317889318,0.05895985764442962,-0.011829074144502176,0.02963167231624427
1915,0.029124839124839146,0.06663063063063063,0.05727268320894536,-0.009357947421685268,0.028147844084106213
1916,0.027586872586872608,0.054449163449163465,0.042977161821537185,-0.01147200162762628,0.015390289234664577
1917,0.03167181467181469,0.06090090090090096,0.05272796471451882,-0.008172936186382138,0.021056150042704135
1918,0.023981981981982,0.07190990990990995,0.060292382292712096,-0.011617527617197851,0.0363104003107301
1919,0.03405148005148006,0.04211583011583011,0.031198916104540127,-0.010916914011289983,-0.0028525639469399316
1920,0.02942342342342344,0.05558043758043756,0.048796608032503255,-0.006783829547934307,0.019373184609079816
1921,0.031072072072072087,0.06442342342342343,0.05543124878964587,-0.008992174633777557,0.024359176717573785
1922,0.025463320463320477,0.044236808236808235,0.038182484551008936,-0.0060543236857993,0.012719164087688459
1923,0.026638352638352656,0.044583011583011596,0.03641371337402071,-0.008169298208990886,0.009775360735668055
1924,0.029934362934362954,0.050002574002574025,0.038961045677997304,-0.011041528324576722,0.00902668274363435
1925,0.02863320463320465,0.04999742599742598,0.04060921226168027,-0.009388213735745707,0.011976007628475623
1926,0.03840669240669242,0.05524066924066926,0.04533384083494627,-0.00990682840572299,0.00692714842825385
1927,0.031182754182754197,0.04880308880308882,0.0370304296025743,-0.01177265920051452,0.005847675419820102
1928,0.02908751608751611,0.04765894465894466,0.040740119297931095,-0.006918825361013563,0.011652603210414985
1929,0.029124839124839146,0.05630630630630631,0.0475093522540348,-0.00879695405227151,0.018384513129195652
1930,0.03186615186615189,0.07880051480051481,0.06756491801967945,-0.011235596780835355,0.035698766153527565
1931,0.03063063063063065,0.06052767052767051,0.05204823229790473,-0.008479438229765782,0.021417601667274078
1932,0.029693693693693714,0.06255984555984562,0.04761333449227684,-0.01494651106756878,0.017919640798583124
1933,0.0260797940797941,0.05764092664092663,0.046716644020722516,-0.010924282620204118,0.020636849940928417
1934,0.033770913770913784,0.04236422136422138,0.034272436369739596,-0.008091784994481786,0.0005015225988258126
1935,0.031019305019305037,0.06755727155727154,0.05335174926483142,-0.014205522292440119,0.02233244424552638
1936,0.027451737451737467,0.04158301158301159,0.03155211916856597,-0.010030892414445623,0.004100381716828503
1937,0.026187902187902203,0.0552741312741313,0.04372776807170909,-0.011546363202422208,0.017539865883806887
1938,0.034128700128700146,0.06393178893178897,0.05085954726848064,-0.01307224166330833,0.016730847139780493
1939,0.0300849420849421,0.039402831402831434,0.0392403345520217,-0.00016249685080973325,0.009155392467079602
1940,0.03679150579150581,0.06549034749034749,0.05371054402263839,-0.011779803467709099,0.016919038231132583
1941,0.03069111969111971,0.048133848133848176,0.03703935550070973,-0.011094492633138449,0.006348235809590017
1942,0.0310849420849421,0.07393050193050192,0.06392817800167831,-0.010002323928823609,0.03284323591673621
1943,0.026377091377091395,0.06897554697554696,0.0561278662846308,-0.012847680690916165,0.029750774907539402
1944,0.03115572715572717,0.03658815958815963,0.03314934952301654,-0.003438810065143086,0.001993622367289373
1945,0.028514800514800532,0.046845559845559874,0.035258214070527635,-0.011587345775032239,0.006743413555727103
1946,0.028970398970398985,0.04118275418275419,0.03237424316489762,-0.008808511017856568,0.0034038441944986356
1947,0.0264800514800515,0.07646332046332047,0.06372523376015862,-0.012738086703161844,0.03724518228010712
1948,0.028936936936936955,0.05567438867438871,0.044323334684288555,-0.011351053990100154,0.0153863977473516
1949,0.0307812097812098,0.056262548262548284,0.044700373851303765,-0.011562174411244519,0.013919164070093967
1950,0.028967824967824986,0.05491377091377088,0.0414944502244767,-0.013419320689294176,0.012526625256651717
1951,0.029250965250965266,0.05933719433719435,0.048554582217385185,-0.010782612119809167,0.01930361696641992
1952,0.03285585585585587,0.05052123552123552,0.04020067220291239,-0.01032056331832313,0.0073448163470565195
1953,0.03303217503217505,0.0663848133848134,0.05741556626522877,-0.008969247119584633,0.02438339123305372
1954,0.033698841698841714,0.05221235521235522,0.04298159230400172,-0.0092307629083535,0.009282750605160005
1955,0.03371299871299873,0.05512226512226512,0.04302651059703,-0.01209575452523512,0.009313511884031268
1956,0.03178893178893181,0.06404761904761906,0.054006663696592364,-0.010040955351026698,0.022217731907660555
1957,0.02402702702702704,0.04874131274131278,0.03622972700585101,-0.012511585735461767,0.01220269997882397
1958,0.02912226512226514,0.04791248391248393,0.04032501238625108,-0.007587471526232847,0.01120274726398594
1959,0.02195366795366797,0.06347361647361645,0.051281022630546416,-0.012192593843070032,0.029327354676878446
1960,0.027006435006435025,0.04815958815958817,0.036819210511178146,-0.011340377648410026,0.009812775504743122
1961,0.035750321750321765,0.07013256113256108,0.058896869744794196,-0.011235691387766887,0.02314654799447243
1962,0.026144144144144166,0.04619562419562424,0.03492464973478683,-0.011270974460837406,0.008780505590642664
1963,0.033745173745173766,0.0616769626769627,0.04864220627775015,-0.013034756399212553,0.014897032532576383
1964,0.0280888030888031,0.03593307593307592,0.03281795839771562,-0.0031151175353602983,0.004729155308912519
1965,0.03864478764478766,0.061673101673101645,0.051183450917455,-0.010489650755646646,0.012538663272667339
1966,0.03135006435006437,0.05341312741312744,0.04223108754447637,-0.011182039868651072,0.010881023194411997
1967,0.030199485199485215,0.06820849420849423,0.05596005662733364,-0.012248437581160593,0.025760571427848423
1968,0.02825353925353927,0.0436988416988417,0.034360200078038965,-0.009338641620802737,0.006106660824499694
1969,0.031091377091377107,0.05438352638352641,0.04311767186583439,-0.01126585451769202,0.01202629477445728
1970,0.027047619047619067,0.0533861003861004,0.041675323583368604,-0.011710776802731797,0.014627704535749537
1971,0.03206177606177607,0.06334234234234233,0.053911319570715426,-0.009431022771626905,0.021849543508939355
1972,0.024828828828828843,0.07057657657657655,0.05911410526909015,-0.0114624713074864,0.03428527644026131
1973,0.030626769626769638,0.07625096525096528,0.06775711319492324,-0.008493852056042042,0.037130343568153604
1974,0.02969240669240671,0.048326898326898335,0.040419928320127974,-0.007906970006770361,0.010727521627721264
1975,0.025595881595881616,0.04725096525096526,0.0366174359502899,-0.010633529300675362,0.011021554354408283
1976,0.028806949806949825,0.06822908622908622,0.05541822440687694,-0.01281086182220928,0.026611274599927112
1977,0.02876447876447878,0.0655070785070785,0.05465729967045713,-0.010849778836621374,0.02589282090597835
1978,0.025947232947232966,0.08216087516087513,0.0731703445110917,-0.008990530649783432,0.04722311156385873
1979,0.02446332046332048,0.05467181467181469,0.041320232728073905,-0.013351581943740788,0.016856912264753426
1980,0.02662934362934365,0.07713513513513513,0.06462332779262102,-0.012511807342514114,0.03799398416327737
1981,0.029751608751608774,0.03705019305019307,0.030419374184380375,-0.0066308188658126925,0.0006677654327716005
1982,0.030675675675675692,0.07097940797940802,0.058295924295549986,-0.012683483683858035,0.027620248619874294
1983,0.030783783783783804,0.04270270270270271,0.03799161321862001,-0.004711089484082699,0.007207829434836208
1984,0.027817245817245834,0.04297554697554697,0.030289094565480783,-0.01268645241006619,0.0024718487482349484
1985,0.029725868725868746,0.06095495495495494,0.04969833562911721,-0.011256619325837727,0.019972466903248467
1986,0.029705276705276725,0.055588159588159616,0.04382408848278277,-0.011764071105376847,0.014118811777506044
1987,0.028162162162162177,0.04891891891891892,0.037448645588653566,-0.011470273330265353,0.009286483426491389
1988,0.023965250965250984,0.06925482625482625,0.05761872438534173,-0.011636101869484522,0.03365347342009074
1989,0.031097812097812115,0.06549549549549548,0.056494864019726136,-0.009000631475769343,0.02539705192191402
1990,0.02916344916344918,0.05761904761904761,0.04654524111556114,-0.011073806503486473,0.01738179195211196
1991,0.02445559845559847,0.0595688545688546,0.04879531159378281,-0.010773542975071791,0.024339713138184338
1992,0.03007078507078509,0.06488674388674388,0.053742258479155036,-0.011144485407588847,0.023671473408369947
1993,0.0296846846846847,0.08354826254826253,0.07278735476974303,-0.010760907778519499,0.04310267008505833
1994,0.03061389961389963,0.04953796653796648,0.03883278835697256,-0.010705178180993917,0.008218888743072934
1995,0.02646203346203348,0.044200772200772225,0.03601941875350594,-0.008181353447266282,0.009557385291472462
1996,0.027082368082368094,0.05602960102960103,0.045019952540915675,-0.011009648488685353,0.01793758445854758
1997,0.03023809523809525,0.038981981981981995,0.035743245671885956,-0.003238736310096038,0.005505150433790705
1998,0.026375804375804394,0.06876190476190477,0.06005445613368688,-0.008707448628217894,0.03367865175788248
1999,0.025064350064350083,0.05858558558558561,0.04603854086826071,-0.012547044717324901,0.020974190803910626
2000,0.035673101673101684,0.043490347490347483,0.033346009548714174,-0.01014433794163331,-0.00232709212438751
2001,0.026728442728442745,0.08231917631917632,0.06945493435408533,-0.012864241965090992,0.042726491625642585
2002,0.03596138996138998,0.05040411840411842,0.04010198028142427,-0.010302138122694149,0.00414059032003429
2003,0.023979407979408,0.05854954954954951,0.04699152187165522,-0.011558027677894288,0.02301211389224722
2004,0.03357657657657659,0.039664092664092696,0.030132169031301503,-0.009531923632791192,-0.0034444075452750855
2005,0.02736036036036038,0.05622265122265121,0.04418041500658748,-0.012042236216063727,0.0168200546462271
2006,0.026720720720720736,0.04601930501930504,0.035065575281935546,-0.010953729737369494,0.00834485456121481
2007,0.025948519948519967,0.04387902187902188,0.0346124552856152,-0.009266566593406682,0.008663935337095231
2008,0.023867438867438886,0.04598970398970399,0.03919173272917373,-0.006797971260530264,0.015324293861734842
2009,0.02915186615186617,0.04744530244530249,0.03647199666798092,-0.01097330577732157,0.007320130516114749
2010,0.02797297297297299,0.09143886743886744,0.08078142546119066,-0.010657441977676776,0.052808452488217666
2011,0.03060617760617762,0.0643166023166023,0.053462799745146214,-0.010853802571456087,0.022856622138968594
2012,0.023936936936936958,0.06319176319176323,0.05337869291932424,-0.009813070272438988,0.029441755982387283
2013,0.026173745173745194,0.04327541827541831,0.033730924667385316,-0.009544493608032993,0.0075571794936401225
2014,0.03245302445302447,0.08227670527670525,0.07180612836292709,-0.01047057691377816,0.03935310390990262
2015,0.03257786357786359,0.06685199485199488,0.05668839509202861,-0.010163599759966266,0.02411053151416502
2016,0.02999871299871302,0.0487194337194337,0.04368709965407825,-0.00503233406535545,0.013688386655365231
2017,0.029446589446589462,0.05001673101673102,0.03823677294418261,-0.011779958072548412,0.008790183497593147
2018,0.029137709137709154,0.06128314028314032,0.050494623553025364,-0.010788516730114953,0.02135691441531621
2019,0.02997168597168599,0.06254182754182751,0.05054529460273695,-0.01199653293909056,0.020573608631050958
2020,0.02590090090090092,0.08089317889317886,0.07179234621171628,-0.009100832681462584,0.045891445310815356
2021,0.027356499356499378,0.050267696267696255,0.04252522596519922,-0.007742470302497036,0.015168726608699841
2022,0.026885456885456904,0.0377979407979408,0.030324167216242932,-0.0074737735816978665,0.003438710330786028
2023,0.031133848133848157,0.06302059202059203,0.05176505276030594,-0.011255539260286086,0.020631204626457785
2024,0.02977606177606179,0.044822393822393856,0.03649454161420007,-0.008327852208193785,0.00671847983813828
2025,0.02832689832689834,0.05249678249678252,0.0423318357413548,-0.010164946755427715,0.01400493741445646
2026,0.032481338481338495,0.0458494208494209,0.03367139687159534,-0.01217802397782556,0.0011900583902568415
2027,0.03490604890604892,0.04425225225225227,0.03609542930620502,-0.008156822946047249,0.0011893804001560995
2028,0.02805148005148007,0.07596010296010298,0.06469715476818283,-0.011262948191920155,0.036645674716702756
2029,0.027599742599742613,0.07357400257400257,0.0638446606406078,-0.009729341933394767,0.03624491804086519
2030,0.03353281853281855,0.05655984555984556,0.04687492827757733,-0.00968491728226823,0.01334210974475878
2031,0.023649935649935665,0.06965508365508365,0.05829945097866943,-0.011355632676414214,0.03464951532873377
2032,0.02802316602316604,0.09432175032175033,0.08559260792762395,-0.00872914239412638,0.05756944190445791
2033,0.027148005148005167,0.044670527670527684,0.03621322138586633,-0.008457306284661355,0.009065216237861162
2034,0.030208494208494228,0.07483011583011585,0.06477129204900593,-0.010058823781109921,0.03456279784051171
2035,0.03005405405405408,0.08258558558558557,0.07370700513808863,-0.00887858044749694,0.04365295108403455
2036,0.03277348777348779,0.05952509652509653,0.050184877135827484,-0.009340219389269044,0.017411389362339692
2037,0.02692535392535394,0.07914929214929212,0.0694554856817618,-0.00969380646753032,0.04253013175640786
2038,0.02743243243243245,0.06272972972972975,0.049346711733077656,-0.013383017996652091,0.021914279300645205
2039,0.031765765765765785,0.05996267696267697,0.0496494160161725,-0.01031326094650447,0.017883650250406717
2040,0.028679536679536696,0.06034105534105534,0.05340978146077671,-0.0069312738802786295,0.024730244781240016
2041,0.029673101673101693,0.07179536679536677,0.06165979453737708,-0.010135572257989695,0.031986692864275384
2042,0.026472329472329487,0.08334620334620334,0.07428569212177062,-0.009060511224432716,0.04781336264944114
2043,0.031839124839124856,0.05090090090090087,0.04177782120925934,-0.009123079691641528,0.009938696370134482
2044,0.02641184041184043,0.053751608751608775,0.041617399976806885,-0.01213420877480189,0.015205559564966456
2045,0.0261891891891892,0.06789060489060489,0.05833098144061565,-0.009559623449989237,0.03214179225142645
2046,0.032167310167310184,0.049109395109395146,0.041397949057470455,-0.0077114460519246905,0.009230638890160271
2047,0.02533333333333335,0.045758043758043765,0.03624435880737103,-0.009513684950672736,0.010911025474037678
2048,0.029162162162162178,0.06555469755469759,0.05516724331182797,-0.010387454242869618,0.026005081149665793
2049,0.026225225225225243,0.05808108108108112,0.04525035361237705,-0.012830727468704069,0.01902512838715181
2050,0.028913770913770936,0.03385714285714287,0.03170963169254249,-0.0021475111646003797,0.002795860778771555
2051,0.031073359073359084,0.03720205920205922,0.027885712065691907,-0.009316347136367312,-0.0031876470076671777
2052,0.028437580437580455,0.0524723294723295,0.039346763809418574,-0.013125565662910926,0.010909183371838119
2053,0.031592020592020605,0.0522792792792793,0.04151023948454098,-0.010769039794738318,0.009918218892520377
2054,0.024074646074646096,0.02981724581724581,0.026694520360330872,-0.0031227254569149362,0.0026198742856847756
2055,0.02539768339768341,0.06315057915057919,0.0518727261739164,-0.011277852976662783,0.026475042776232992
2056,0.025947232947232966,0.05977091377091375,0.053312706349679,-0.006458207421234749,0.027365473402446036
2057,0.027370656370656384,0.05903732303732303,0.048323008687503465,-0.010714314349819565,0.02095235231684708
2058,0.027481338481338505,0.05725225225225231,0.044767155883306944,-0.012485096368945368,0.01728581740196844
2059,0.03380694980694982,0.07946203346203345,0.06971201417554161,-0.009750019286491843,0.03590506436859179
2060,0.023326898326898347,0.06751222651222652,0.055118330335370704,-0.012393896176855816,0.031791432008472356
2061,0.035063063063063074,0.04011068211068213,0.03321221336392656,-0.006898468746755572,-0.0018508496991365142
2062,0.03252767052767055,0.07385971685971685,0.0613024146595416,-0.012557302200175244,0.028774744131871054
2063,0.031122265122265146,0.06423294723294726,0.04957223416615063,-0.01466071306679663,0.018449969043885482
2064,0.030750321750321767,0.07177606177606183,0.05876357309071607,-0.013012488685345755,0.028013251340394306
2065,0.026575289575289596,0.06868468468468467,0.055563577251574695,-0.013121107433109971,0.0289882876762851
2066,0.026840411840411856,0.06060746460746463,0.04978310890475799,-0.010824355702706637,0.022942697064346134
2067,0.02811711711711713,0.047438867438867445,0.036606121750569716,-0.010832745688297729,0.008489004633452587
2068,0.030604890604890626,0.05397683397683403,0.04474141859631865,-0.00923541538051538,0.014136527991428026
2069,0.030586872586872607,0.045580437580437595,0.035193329066595905,-0.01038710851384169,0.004606456479723298
2070,0.026881595881595898,0.0580797940797941,0.04579866755930449,-0.012281126520489606,0.018917071677708595
2071,0.026938223938223954,0.0508339768339768,0.04031612176860557,-0.010517855065371229,0.013377897830381617
2072,0.03149806949806951,0.029965250965250975,0.025411456671514825,-0.00455379429373615,-0.0060866128265546875
2073,0.02997812097812099,0.04875546975546976,0.03773742964242474,-0.011018040113045018,0.00775930866430375
2074,0.029507078507078528,0.03533719433719435,0.03133299740624994,-0.004004196930944413,0.0018259188991714102
2075,0.02762805662805664,0.046061776061776076,0.0360673298602441,-0.009994446201531976,0.00843927323218746
2076,0.029059202059202077,0.07361261261261262,0.06652919179690062,-0.007083420815712005,0.037469989737698536
2077,0.029715572715572732,0.04039382239382244,0.03094261355796151,-0.009451208835860932,0.001227040842388779
2078,0.035432432432432444,0.04111068211068216,0.032213228623681166,-0.008897453487000995,-0.003219203808751278
2079,0.026127413127413148,0.060366795366795366,0.049404294985716087,-0.01096250038107928,0.02327688185830294
2080,0.02697039897039899,0.05102831402831401,0.04267101989611843,-0.008357294132195582,0.015700620925719437
2081,0.029544401544401563,0.05103603603603607,0.03999515752551392,-0.01104087851052215,0.010450755981112357
2082,0.034308880308880324,0.06158301158301158,0.051440335044275226,-0.010142676538736357,0.017131454735394902
2083,0.033164736164736176,0.06332947232947234,0.051179500154418446,-0.01214997217505389,0.01801476398968227
2084,0.036990990990991006,0.06925611325611328,0.05952058635764506,-0.009735526898468218,0.022529595366654054
2085,0.03030888030888033,0.047258687258687246,0.042025465350353015,-0.0052332219083342305,0.011716585041472685
2086,0.027362934362934382,0.06982496782496782,0.05823235448769452,-0.011592613337273301,0.030869420124760134
2087,0.02490347490347492,0.07420205920205923,0.06483192794901094,-0.009370131253048294,0.039928453045536015
2088,0.02805276705276707,0.05333075933075936,0.04217325355721545,-0.011157505773543915,0.014120486504448377
2089,0.031148005148005167,0.06361518661518661,0.05463927025683939,-0.008975916358347227,0.02349126510883422
2090,0.03851351351351353,0.045689832689832705,0.03600989980066266,-0.009679932889170045,-0.0025036137128508704
2091,0.022741312741312757,0.06670398970398973,0.055941440559905416,-0.010762549144084317,0.03320012781859266
2092,0.027868725868725883,0.06153796653796657,0.05095919758747744,-0.010578768950489127,0.023090471718751556
2093,0.034702702702702724,0.04873873873873875,0.03757009232760405,-0.0111686464111347,0.002867389624901323
2094,0.030823680823680838,0.06231531531531533,0.050827736436316245,-0.011487578878999087,0.020004055612635407
2095,0.035033462033462054,0.0383063063063063,0.03475934537099256,-0.003546960935313738,-0.0002741166624694938
2096,0.02867052767052769,0.07382625482625484,0.06565924478261256,-0.008167010043642273,0.03698871711208487
2097,0.026761904761904775,0.04503088803088805,0.036457792503912,-0.008573095526976049,0.009695887742007223
2098,0.026954954954954976,0.06904118404118405,0.056638365813961505,-0.012402818227222542,0.02968341085900653
2099,0.02811196911196913,0.03824195624195625,0.030150304477429026,-0.008091651764527221,0.002038335365459897
2100,0.035788931788931805,0.07592149292149294,0.06420135568399758,-0.011720137237495362,0.028412423895065778
2101,0.02465894465894468,0.032320463320463316,0.02778296881345302,-0.004537494507010298,0.0031240241545083397
2102,0.028423423423423442,0.05644530244530249,0.045125166902998316,-0.011320135542304176,0.016701743479574874
2103,0.03383397683397685,0.05105920205920205,0.038559941314747895,-0.012499260744454156,0.004725964480771047
2104,0.030405405405405418,0.0434877734877735,0.03400492418009527,-0.009482849307678232,0.0035995187746898534
2105,0.02740025740025742,0.052342342342342384,0.04439695451358416,-0.007945387828758227,0.01699669711332674
2106,0.03461904761904763,0.06800128700128698,0.05457842479199,-0.013422862209296976,0.01995937717294237
2107,0.027478764478764496,0.054321750321750364,0.04119268844089787,-0.013129061880852493,0.013713923962133376
2108,0.023003861003861016,0.06523809523809525,0.05367092886157354,-0.011567166376521706,0.030667067857712525
2109,0.03293693693693696,0.06711068211068212,0.05721231703181406,-0.009898365078868064,0.0242753800948771
2110,0.025092664092664106,0.06519562419562419,0.05497560944296243,-0.010220014752661759,0.029882945350298326
2111,0.02563320463320465,0.06703861003861002,0.061231481787573885,-0.005807128251036131,0.03559827715436924
2112,0.030688545688545704,0.05861518661518664,0.045085733489680445,-0.013529453125506193,0.01439718780113474
2113,0.02774903474903477,0.06772586872586871,0.05614138519929728,-0.011584483526571425,0.02839235045026251
2114,0.02640411840411842,0.05500772200772205,0.042091952148081646,-0.012915769859640401,0.015687833743963226
2115,0.030785070785070805,0.07211711711711713,0.06379489292411833,-0.0083222241929988,0.033009822139047525
2116,0.029566280566280582,0.08487516087516088,0.07494274065864243,-0.009932420216518453,0.04537646009236185
2117,0.02539382239382241,0.052933075933075925,0.04143549222737901,-0.011497583705696916,0.0160416698335566
2118,0.028117117117117136,0.09666409266409266,0.08786292794652656,-0.008801164717566104,0.059745810829409426
2119,0.03409909909909912,0.05267953667953667,0.04322611881368687,-0.0094534178658498,0.00912701971458775
2120,0.02909523809523811,0.05229472329472328,0.0429258980568583,-0.009368825237864982,0.013830659961620188
2121,0.03202187902187904,0.06903088803088805,0.05898375742981448,-0.010047130601073574,0.026961878407935437
2122,0.03207722007722009,0.04995752895752895,0.037856555539064286,-0.012100973418464667,0.005779335461844198
2123,0.027395109395109415,0.06474903474903478,0.05473046638331583,-0.010018568365718947,0.027335356988206414
2124,0.030451737451737466,0.04665250965250969,0.03552530730449134,-0.011127202348018346,0.0050735698527538745
2125,0.029189189189189207,0.05845302445302447,0.046644884772331544,-0.011808139680692928,0.017455695583142337
2126,0.027990990990991005,0.05354311454311453,0.04571066870240643,-0.0078324458407081,0.017719677711415423
2127,0.034846846846846864,0.043637065637065625,0.03806527711802517,-0.005571788519040458,0.0032184302711783033
2128,0.029747747747747764,0.044159588159588196,0.03565942853982619,-0.008500159619762006,0.005911680792078426
2129,0.027198198198198218,0.09922779922779927,0.09261252484229851,-0.006615274385500761,0.0654143266441003
2130,0.02951222651222653,0.04513384813384817,0.04027405112500338,-0.004859797008844792,0.01076182461277685
2131,0.029823680823680837,0.06422136422136422,0.053120945704562945,-0.011100418516801276,0.02329726488088211
2132,0.028776061776061797,0.0542741312741313,0.04435596161882882,-0.009918169655302476,0.015579899842767024
2133,0.028396396396396417,0.06905791505791503,0.059355370913486596,-0.009702544144428435,0.03095897451709018
2134,0.026482625482625498,0.08535649935649939,0.07691079024298407,-0.008445709113515318,0.05042816476035857
2135,0.028122265122265146,0.05991505791505796,0.04875854327274895,-0.01115651464230901,0.020636278150483803
2136,0.03565637065637067,0.06906435006435009,0.059900968992912626,-0.009163381071437465,0.024244598336541953
2137,0.02559073359073361,0.04332432432432435,0.03919705473837954,-0.004127269585944809,0.013606321147645931
2138,0.03137580437580439,0.05702316602316609,0.046095058779491285,-0.010928107243674802,0.014719254403686897
2139,0.029054054054054073,0.05428442728442731,0.043817210966304185,-0.010467216318123126,0.014763156912250112
2140,0.027250965250965264,0.040517374517374506,0.03436691157623964,-0.006150462941134867,0.007115946325274375
2141,0.028196911196911215,0.0644620334620335,0.05458806494247447,-0.009873968519559025,0.026391153745563257
2142,0.029747747747747764,0.048339768339768385,0.03835234127962343,-0.009987427060144959,0.008604593531875662
2143,0.03417760617760619,0.05769498069498072,0.04866114381589955,-0.009033836879081165,0.01448353763829336
2144,0.031389961389961404,0.06105276705276708,0.04732611940623809,-0.013726647646528992,0.015936158016276687
2145,0.025277992277992295,0.05961518661518661,0.050021566986226285,-0.009593619628960326,0.02474357470823399
2146,0.025867438867438884,0.06255855855855857,0.05088816376388604,-0.011670394794672537,0.025020724896447154
2147,0.030868725868725886,0.06722779922779921,0.057710031000748986,-0.009517768227050229,0.0268413051320231
2148,0.023931788931788954,0.05231016731016731,0.040891345790979625,-0.011418821519187689,0.01695955685919067
2149,0.029329472329472344,0.047306306306306334,0.03830051138063449,-0.009005794925671842,0.008971039051162148
2150,0.03480180180180181,0.05091891891891895,0.03528428531596041,-0.01563463360295854,0.00048248351415859647
2151,0.024770913770913783,0.04352509652509655,0.03763027660359138,-0.005894819921505166,0.0128593628326776
2152,0.030082368082368093,0.06308880308880307,0.05292044487979986,-0.010168358209003213,0.02283807679743177
2153,0.029360360360360375,0.05624066924066924,0.04360575617349284,-0.012634913067176401,0.014245395813132465
2154,0.026321750321750336,0.06320592020592024,0.05240368278245866,-0.010802237423461578,0.026081932460708324
2155,0.02553024453024455,0.04640926640926641,0.03780001159141594,-0.008609254817850472,0.012269767061171388
2156,0.030274131274131293,0.07661132561132561,0.06504453936728097,-0.011566786244044641,0.03477040809314967
2157,0.027310167310167333,0.05102187902187903,0.04008684130027726,-0.010935037721601773,0.012776673990109927
2158,0.027535392535392552,0.055579150579150596,0.04534016707740072,-0.010238983501749878,0.017804774542008166
2159,0.03516731016731019,0.06087129987129987,0.05121886512521183,-0.00965243474608804,0.016051554957901643
2160,0.026584298584298602,0.0457220077220077,0.0369537687426397,-0.008768238979368001,0.010369470158341096
2161,0.02323166023166025,0.042117117117117145,0.036196701436848625,-0.00592041568026852,0.012965041205188373
2162,0.02481595881595883,0.0729510939510939,0.06315494385293667,-0.009796150098157236,0.03833898503697784
2163,0.028060489060489077,0.06062033462033465,0.0507713696258338,-0.009848964994500851,0.02271088056534472
2164,0.026644787644787664,0.03774903474903476,0.0408994042029177,0.0031503694538829383,0.014254616558130033
2165,0.025886743886743904,0.05131660231660233,0.040711671651883774,-0.010604930664718556,0.01482492776513987
2166,0.02790347490347492,0.04715186615186615,0.03864486941387263,-0.008506996737993523,0.010741394510397708
2167,0.03480437580437582,0.07755341055341054,0.06785623423465596,-0.00969717631875458,0.03305185843028014
2168,0.03863577863577865,0.07373359073359072,0.06425580416365023,-0.009477786569940486,0.025620025527871584
2169,0.027247104247104265,0.07183397683397681,0.06077089224296129,-0.011063084591015522,0.03352378799585702
2170,0.03492792792792794,0.0455920205920206,0.037031111383807803,-0.0085609092082128,0.002103183455879863
2171,0.02914028314028316,0.0388893178893179,0.030059032669096823,-0.008830285220221074,0.000918749528813663
2172,0.02972329472329474,0.049227799227799234,0.0374935708892779,-0.011734228338521335,0.007770276165983157
2173,0.02510038610038612,0.039323037323037345,0.02696778893497342,-0.012355248388063924,0.0018674028345873027
2174,0.03132432432432434,0.07396525096525097,0.06721108956468519,-0.0067541614005657835,0.03588676524036085
2175,0.02596010296010298,0.06074774774774773,0.04950006925554218,-0.011247678492205551,0.0235399662954392
2176,0.03076190476190477,0.06406949806949803,0.05151355113183036,-0.012555946937667678,0.020751646369925585
2177,0.022240669240669256,0.06631917631917633,0.056252448560801895,-0.010066727758374437,0.034011779320132635
2178,0.03038867438867441,0.044464607464607474,0.03309012038197848,-0.011374487082628996,0.0027014459933040677
2179,0.027842985842985862,0.06013899613899613,0.0478867828593557,-0.012252213279640427,0.020043797016369838
2180,0.03369369369369371,0.04693822393822394,0.04033902830217443,-0.006599195636049507,0.00664533460848072
2181,0.023187902187902204,0.04598198198198201,0.044489416374965916,-0.0014925656070160914,0.021301514187063712
2182,0.02698970398970401,0.04744658944658945,0.03681429880927455,-0.010632290637314898,0.009824594819570542
2183,0.028912483912483924,0.08217117117117118,0.07130194707608783,-0.01086922409508334,0.04238946316360391
2184,0.02834620334620336,0.06345559845559849,0.056364186211874445,-0.007091412243724046,0.028017982865671084
2185,0.026885456885456908,0.05841827541827542,0.04835295805953993,-0.01006531735873549,0.021467501174083022
2186,0.026239382239382256,0.06968854568854566,0.058796454432690555,-0.0108920912558551,0.0325570721933083
2187,0.028625482625482646,0.0480643500643501,0.04013996357266083,-0.007924386491689271,0.011514480947178184
2188,0.025517374517374534,0.08068211068211066,0.06910735827993894,-0.01157475240217172,0.043589983762564406
2189,0.026809523809523828,0.05147619047619049,0.039008462378753626,-0.012467728097436862,0.012198938569229798
2190,0.03302960102960105,0.07354954954954954,0.06203833107049072,-0.011511218479058817,0.02900873004088967
2191,0.031055341055341072,0.06,0.04889908375738927,-0.011100916242610726,0.0178437427020482
2192,0.03624195624195625,0.06689703989703992,0.05688846309843762,-0.0100085767986023,0.020646506856481367
2193,0.029057915057915072,0.05194723294723296,0.04217790845501301,-0.009769324492219948,0.013119993397097941
2194,0.030823680823680845,0.05155598455598455,0.040949290691428886,-0.010606693864555664,0.01012560986774804
2195,0.027441441441441453,0.07426640926640928,0.06661896615736698,-0.007647443109042293,0.03917752471592553
2196,0.028221364221364238,0.0583938223938224,0.047207605961118115,-0.011186216432704288,0.018986241739753877
2197,0.027794079794079808,0.06079536679536678,0.049093647625569385,-0.011701719169797398,0.021299567831489577
2198,0.030844272844272862,0.06525353925353924,0.05588111063731774,-0.009372428616221506,0.025036837793044876
2199,0.03569240669240671,0.05865250965250965,0.04907756442958633,-0.00957494522292332,0.013385157737179618
2200,0.034888030888030906,0.0721673101673102,0.058686051144096654,-0.013481259023213552,0.023798020256065748
2201,0.03184427284427286,0.049608751608751625,0.03734905615970087,-0.012259695449050756,0.005504783315428009
2202,0.02951480051480053,0.06504890604890606,0.05363176635811399,-0.011417139690792076,0.024116965843313458
2203,0.028562419562419585,0.05614543114543115,0.043838387287584935,-0.012307043857846214,0.01527596772516535
2204,0.03576705276705279,0.05430244530244534,0.04468135216251294,-0.009621093139932396,0.008914299395460151
2205,0.02314414414414416,0.0593655083655084,0.04704366569734517,-0.012321842668163226,0.023899521553201013
2206,0.03239897039897041,0.042931788931788936,0.032466540835444396,-0.01046524809634454,6.757043647398486e-05
2207,0.02655469755469757,0.06072715572715573,0.05108780253383158,-0.009639353193324152,0.024533104979134007
2208,0.027693693693693712,0.03751994851994852,0.030220918049478036,-0.0072990304704704835,0.0025272243557843237
2209,0.030379665379665396,0.07822136422136423,0.06855368405120311,-0.00966768017016112,0.03817401867153772
2210,0.032590733590733605,0.06302574002573999,0.052057015330417324,-0.010968724695322667,0.01946628173968372
2211,0.030906048906048922,0.06022779922779923,0.04944364807884008,-0.01078415114895915,0.018537599172791158
2212,0.028535392535392553,0.0690862290862291,0.059262114898329735,-0.009824114187899372,0.030726722362937182
2213,0.02893178893178895,0.06895624195624193,0.05531167655813106,-0.013644565398110875,0.026379887626342108
2214,0.031261261261261275,0.07709652509652508,0.06498042443588001,-0.012116100660645071,0.03371916317461873
2215,0.034552123552123566,0.056983268983268984,0.0448285105427781,-0.012154758440490881,0.010276386990654536
2216,0.03348519948519949,0.0682741312741313,0.0548051067415371,-0.013469024532594201,0.02131990725633761
2217,0.03183011583011584,0.06281467181467183,0.05341043411803848,-0.009404237696633351,0.021580318287922638
2218,0.028536679536679554,0.0737773487773488,0.06468489802390415,-0.009092450753444656,0.03614821848722459
2219,0.02756628056628058,0.04987773487773487,0.039452842236678255,-0.010424892641056616,0.011886561670397675
2220,0.03145559845559847,0.0683642213642214,0.055961225673038045,-0.01240299569118336,0.024505627217439575
2221,0.028129987129987148,0.07132175032175032,0.06135818576505809,-0.009963564556692235,0.03322819863507094
2222,0.02913384813384815,0.05946846846846846,0.048720716308836856,-0.010747752159631606,0.019586868174988704
2223,0.03572715572715574,0.0613873873873874,0.051322272165895445,-0.010065115221491956,0.015595116438739703
2224,0.025728442728442744,0.06569626769626767,0.056466318972417426,-0.009229948723850245,0.03073787624397468
2225,0.033335907335907355,0.06296782496782495,0.05159460450382093,-0.011373220464004019,0.018258697167913576
2226,0.02842599742599744,0.04763191763191765,0.03861896477757605,-0.009012952854341602,0.01019296735157861
2227,0.03129214929214931,0.07375032175032177,0.06208417435814787,-0.0116661473921739,0.03079202506599856
2228,0.03404247104247105,0.045956241956242,0.03734073544187191,-0.00861550651437009,0.003298264399400855
2229,0.030639639639639657,0.07548519948519948,0.0641395716689582,-0.01134562781624128,0.033499932029318544
2230,0.03416988416988419,0.046088803088803094,0.03515730727601145,-0.010931495812791646,0.000987423106127261
2231,0.03417374517374519,0.049471042471042476,0.03519021008490547,-0.014280832386137005,0.0010164649111602808
2232,0.03105405405405407,0.08573873873873875,0.07316552972935793,-0.012573209009380817,0.04211147567530386
2233,0.027428571428571445,0.03780566280566284,0.032297596232190695,-0.005508066573472144,0.004869024803619251
2234,0.029895752895752914,0.057974259974259985,0.04486036912297121,-0.013113890851288779,0.014964616227218293
2235,0.03050707850707853,0.06297554697554698,0.05157415329609913,-0.011401393679447855,0.0210670747890206
2236,0.024742599742599763,0.04419433719433716,0.03395906100432833,-0.01023527619000883,0.009216461261728565
2237,0.025984555984556002,0.05589189189189187,0.04501520162348921,-0.010876690268402663,0.019030645638933207
2238,0.027898326898326914,0.06631917631917633,0.05495610301854299,-0.011363073300633339,0.02705777612021608
2239,0.03596138996138998,0.05860360360360359,0.04957017201823152,-0.009033431585372065,0.013608782056841545
2240,0.02810296010296012,0.04321364221364224,0.03540775718163459,-0.007805885032007652,0.007304797078674468
2241,0.03413513513513515,0.05640669240669241,0.04365633993798188,-0.012750352468710528,0.009521204802846732
2242,0.029836550836550856,0.037855855855855894,0.03199929082613483,-0.005856565029721067,0.0021627399895839707
2243,0.031229086229086253,0.06477348777348779,0.05398041246040848,-0.010793075313079312,0.022751326231322228
2244,0.02966537966537968,0.05503346203346203,0.04336505257132783,-0.011668409462134197,0.013699672905948153
2245,0.02427027027027029,0.05718790218790221,0.0484576632000844,-0.008730238987817815,0.02418739292981411
2246,0.03132175032175034,0.049280566280566276,0.042447756218247194,-0.006832810062319082,0.011126005896496857
2247,0.03092792792792794,0.04436550836550834,0.03943600760508798,-0.004929500760420355,0.008508079677160042
2248,0.025602316602316624,0.09184684684684684,0.08282691680789524,-0.009019930038951601,0.05722460020557861
2249,0.02715315315315317,0.06571299871299875,0.05441326689838846,-0.01129973181461029,0.027260113745235293
2250,0.0330823680823681,0.04981981981981981,0.04224973697768318,-0.00757008284213663,0.009167368895315081
2251,0.029996138996139007,0.0654028314028314,0.05006823634120721,-0.015334595061624191,0.020072097345068204
2252,0.030377091377091398,0.07104247104247108,0.055174800362604755,-0.015867670679866323,0.024797708985513357
2253,0.026736164736164754,0.06085456885456886,0.05105542949867571,-0.009799139355893147,0.024319264762510957
2254,0.03649935649935652,0.08360102960102962,0.07465667122459187,-0.008944358376437755,0.03815731472523535
2255,0.030602316602316618,0.06509652509652514,0.05519736362961392,-0.009899161466911215,0.024595047027297305
2256,0.03421879021879023,0.06928314028314028,0.057962356846620135,-0.011320783436520147,0.023743566627829907
2257,0.03173359073359074,0.046302445302445344,0.0332931111602864,-0.013009334142158942,0.0015595204266956597
2258,0.03522265122265123,0.06529214929214931,0.05358541975511108,-0.011706729537038232,0.01836276853245985
2259,0.029581724581724596,0.03787001287001288,0.0349404234884317,-0.0029295893815811797,0.005358698906707107
2260,0.024459459459459477,0.0503063063063063,0.04157246954871112,-0.008733836757595183,0.017113010089251642
2261,0.02539897039897042,0.07162676962676957,0.05932505074829698,-0.012301718878472596,0.03392608034932656
2262,0.02814414414414416,0.0500939510939511,0.04466286059546517,-0.005431090498485933,0.016518716451321008
2263,0.029477477477477497,0.060110682110682115,0.049523066752525484,-0.010587615358156631,0.020045589275047987
2264,0.028274131274131288,0.04384942084942086,0.03375083037442844,-0.010098590474992418,0.005476699100297154
2265,0.029221364221364246,0.056244530244530265,0.05046595695913001,-0.005778573285400254,0.021244592737765765
2266,0.029666666666666685,0.08269498069498071,0.07104921250761151,-0.011645768187369204,0.04138254584094482
2267,0.02913384813384815,0.047415701415701415,0.037871213269034226,-0.009544488146667189,0.008737365135186075
2268,0.028777348777348794,0.04152252252252255,0.03040653044286833,-0.011115992079654222,0.0016291816655195357
2269,0.028407979407979424,0.061189189189189155,0.05033746455554635,-0.010851724633642805,0.021929485147566926
2270,0.026299871299871318,0.06034749034749035,0.047447828556470235,-0.012899661791020117,0.021147957256598918
2271,0.02917631917631919,0.03741570141570143,0.030744026483853965,-0.006671674931847463,0.0015677073075347735
2272,0.02987516087516089,0.05216087516087518,0.042284597753521835,-0.009876277407353341,0.012409436878360946
2273,0.02862419562419564,0.03393693693693696,0.031305505785404225,-0.0026314311515327343,0.002681310161208584
2274,0.02614543114543116,0.05812226512226512,0.047582403316469825,-0.010539861805795296,0.021436972171038664
2275,0.0413848133848134,0.05189060489060489,0.03852791130486117,-0.01336269358574372,-0.0028569020799522338
2276,0.03205019305019306,0.0657876447876448,0.055088789599689235,-0.010698855187955568,0.023038596549496172
2277,0.032464607464607484,0.07058815958815964,0.06016562949288696,-0.010422530095272685,0.027701022028279475
2278,0.028871299871299886,0.06195495495495491,0.05122545844859946,-0.010729496506355456,0.02235415857729957
2279,0.027767052767052783,0.06467824967824964,0.05150017321556449,-0.013178076462685151,0.02373312044851171
2280,0.02852509652509654,0.04764864864864865,0.03800215660000641,-0.009646492048642243,0.009477060074909869
2281,0.029230373230373245,0.0653436293436293,0.05424254123924857,-0.011101088104380735,0.025012168008875325
2282,0.025953667953667974,0.08376962676962679,0.07420724986355783,-0.009562376906068967,0.04825358190988985
2283,0.024945945945945965,0.06438481338481337,0.05108537934574701,-0.013299434039066367,0.026139433399801043
2284,0.026084942084942102,0.050554697554697596,0.041937562677189996,-0.0086171348775076,0.015852620592247894
2285,0.028463320463320483,0.08898584298584297,0.0787556151432784,-0.010230227842564568,0.050292294679957925
2286,0.025767052767052784,0.06368597168597168,0.05285683927324901,-0.010829132412722667,0.027089786506196225
2287,0.02581595881595883,0.05209009009009011,0.04391935342505871,-0.008170736665031396,0.01810339460909988
2288,0.025505791505791527,0.06188159588159588,0.049783588445645066,-0.012098007435950811,0.02427779693985354
2289,0.02602187902187904,0.07143758043758043,0.06037487534220703,-0.011062705095373403,0.03435299632032798
2290,0.03173359073359075,0.05690476190476192,0.04580555688145558,-0.011099205023306344,0.01407196614786483
2291,0.0294813384813385,0.08085199485199487,0.07034887440093773,-0.01050312045105714,0.040867535919599234
2292,0.03276447876447878,0.03002702702702706,0.028882101444179287,-0.0011449255828477715,-0.003882377320299491
2293,0.024891891891891914,0.07362548262548259,0.06189236954002645,-0.011733113085456139,0.037000477648134536
2294,0.02533333333333335,0.0706126126126126,0.06173965649276249,-0.008872956119850117,0.03640632315942914
2295,0.024981981981982006,0.03962548262548266,0.028453064109633157,-0.011172418515849505,0.0034710821276511504
2296,0.02639382239382241,0.049425997425997424,0.03904605572397788,-0.010379941702019543,0.012652233330155471
2297,0.02965379665379667,0.07862805662805662,0.06947435139372181,-0.009153705234334814,0.03982055473992514
2298,0.028794079794079806,0.03640154440154445,0.029074525704121036,-0.007327018697423415,0.00028044591004123057
2299,0.03003217503217505,0.07732561132561133,0.06580544422688075,-0.011520167098730577,0.035773269194705706
2300,0.03463577863577865,0.07339124839124839,0.05953465148620667,-0.013856596905041714,0.024898872850428022
2301,0.02905662805662807,0.08769755469755469,0.07747917248203548,-0.010218382215519212,0.04842254442540741
2302,0.02931274131274133,0.06835778635778635,0.0579600100801538,-0.010397776277632546,0.02864726876741247
2303,0.033077220077220096,0.04382754182754186,0.03253485156029825,-0.01129269026724361,-0.000542368516921847
2304,0.027254826254826274,0.08124967824967824,0.07227876874131212,-0.008970909508366126,0.04502394248648584
2305,0.025045045045045067,0.04818790218790219,0.03719912980703296,-0.010988772380869233,0.012154084761987892
2306,0.03253024453024455,0.03781338481338484,0.031170165776210308,-0.00664321903717453,-0.001360078754034242
2307,0.02860102960102962,0.05872586872586873,0.04677646298951569,-0.011949405736353037,0.01817543338848607
2308,0.0285791505791506,0.06917245817245825,0.05586568279501236,-0.013306775377445887,0.02728653221586176
2309,0.031050193050193062,0.0522741312741313,0.03969947142803794,-0.012574659846093364,0.008649278377844877
2310,0.027917631917631934,0.038456885456885456,0.03150278363421015,-0.006954101822675307,0.003585151716578215
2311,0.02680308880308882,0.049590733590733564,0.04165699010327863,-0.007933743487454938,0.014853901300189806
2312,0.02759845559845562,0.04247361647361651,0.034347008571855846,-0.008126607901760667,0.006748552973400226
2313,0.02440283140283142,0.07295624195624198,0.0637858396462422,-0.009170402309999784,0.039383008243410775
2314,0.030626769626769638,0.0616833976833977,0.050568379708953747,-0.011115017974443954,0.01994161008218411
2315,0.030903474903474924,0.05366409266409266,0.04416073901839642,-0.009503353645696239,0.013257264114921497
2316,0.030652509652509676,0.04614157014157014,0.03560695332611581,-0.010534616815454326,0.0049544436736061355
2317,0.024858429858429877,0.045884169884169906,0.037634127868879715,-0.008250042015290192,0.012775698010449837
2318,0.026895752895752915,0.09401930501930503,0.08153364896158484,-0.012485656057720187,0.05463789606583193
2319,0.041292149292149305,0.06308236808236804,0.050717886424298954,-0.012364481658069089,0.009425737132149649
2320,0.03365379665379667,0.056478764478764515,0.045224513487612306,-0.01125425099115221,0.011570716833815636
2321,0.03896782496782498,0.068967824967825,0.058795730962943674,-0.010172094004881324,0.019827905995118696
2322,0.033500643500643516,0.07605276705276702,0.06676545043698551,-0.009287316615781513,0.03326480693634199
2323,0.029979407979408,0.042266409266409254,0.031659972383277044,-0.01060643688313221,0.0016805644038690448
2324,0.026584298584298605,0.0445173745173745,0.0340421104559839,-0.010475264061390606,0.007457811871685292
2325,0.03265765765765767,0.058676962676962714,0.049997088383713965,-0.008679874293248749,0.017339430726056294
2326,0.02470527670527672,0.038028314028314025,0.040752227152661274,0.002723913124347249,0.016046950447384554
2327,0.03055212355212357,0.04375160875160873,0.0352121098926279,-0.00853949885898083,0.004659986340504331
2328,0.03106563706563708,0.07296653796653799,0.062436951207670593,-0.010529586758867393,0.031371314142033514
2329,0.032410553410553426,0.06177863577863576,0.04951069099936749,-0.01226794477926827,0.01710013758881406
2330,0.03186486486486488,0.059917631917631956,0.04697900602488703,-0.012938625892744929,0.015114141160022146
2331,0.02983397683397685,0.07654568854568856,0.06572052293919076,-0.010825165606497808,0.035886546105213905
2332,0.02650707850707853,0.06712870012870017,0.05513006023862415,-0.011998639890076025,0.02862298173154562
2333,0.028585585585585604,0.08174259974259976,0.07209399558233197,-0.00964860416026779,0.043508409996746364
2334,0.0337863577863578,0.06017117117117118,0.04957724414508728,-0.010593927026083895,0.01579088635872948
2335,0.0324800514800515,0.05093307593307592,0.03805263316913793,-0.012880442763937995,0.005572581689086427
2336,0.03285328185328187,0.05753667953667957,0.04624208971661251,-0.011294589820067057,0.013388807863330646
2337,0.03073745173745175,0.06473101673101675,0.05259042066847637,-0.01214059606254038,0.02185296893102462
2338,0.034705276705276726,0.06994337194337194,0.05696260977406872,-0.012980762169303217,0.022257333068791997
2339,0.027009009009009027,0.08143114543114541,0.07012971794472815,-0.011301427486417256,0.04312070893571912
2340,0.025175032175032194,0.06807979407979409,0.05545143088593344,-0.012628363193860646,0.030276398710901247
2341,0.02476576576576578,0.06009523809523812,0.04789521857978711,-0.012200019515451008,0.02312945281402133
2342,0.03015958815958818,0.06352895752895753,0.05285012253298865,-0.010678834995968875,0.022690534373400472
2343,0.03400900900900903,0.05420205920205921,0.04278001717471221,-0.011422042027347007,0.008771008165703177
2344,0.027196911196911214,0.04263963963963966,0.037237364419271564,-0.005402275220368097,0.01004045322236035
2345,0.027930501930501946,0.04076447876447875,0.035816974966611924,-0.004947503797866827,0.007886473036109978
2346,0.030117117117117138,0.05303088803088806,0.04294115908858363,-0.010089728942304428,0.012824041971466495
2347,0.03304118404118406,0.062100386100386124,0.051944349049976614,-0.01015603705040951,0.018903165008792557
2348,0.026096525096525113,0.06438352638352635,0.05355610915511616,-0.010827417228410186,0.027459584058591047
2349,0.03202445302445304,0.07301287001287,0.06316088270333264,-0.00985198730953736,0.031136429678879605
2350,0.03199485199485201,0.054608751608751636,0.04453669384528778,-0.010072057763463857,0.012541841850435768
2351,0.029458172458172477,0.04973616473616473,0.04067604978017633,-0.0090601149559884,0.011217877322003855
2352,0.025214929214929235,0.05256241956241957,0.04259621192862947,-0.009966207633790101,0.017381282713700232
2353,0.030438867438867454,0.05739897039897041,0.04617754914361785,-0.01122142125535256,0.015738681704750398
2354,0.02583268983268985,0.05031274131274133,0.04029544185749854,-0.010017299455242788,0.014462752024808689
2355,0.029109395109395128,0.07038996138996137,0.062464753939121716,-0.007925207450839654,0.03335535882972659
2356,0.02702574002574004,0.04170656370656374,0.030647866707353404,-0.011058696999210336,0.003622126681613363
2357,0.025630630630630646,0.05246589446589447,0.04081006182734351,-0.01165583263855096,0.015179431196712861
2358,0.029317889317889333,0.06103474903474904,0.049513558984239814,-0.01152119005050923,0.02019566966635048
2359,0.03046074646074648,0.05654826254826253,0.045114002221333584,-0.011434260326928944,0.014653255760587104
2360,0.030105534105534116,0.05835521235521239,0.044729362922166775,-0.013625849433045616,0.01462382881663266
2361,0.029496782496782517,0.06203088803088806,0.051338971082328905,-0.010691916948559158,0.021842188585546388
2362,0.02379021879021881,0.05407850707850709,0.04440227643962508,-0.00967623063888201,0.020612057649406268
2363,0.02767824967824969,0.07063963963963965,0.05983991846997265,-0.010799721169667001,0.032161668791722955
2364,0.02205920205920208,0.057123552123552135,0.046284182779130476,-0.01083936934442166,0.024224980719928395
2365,0.024790218790218806,0.07257400257400254,0.06229937827011135,-0.010274624303891186,0.03750915947989254
2366,0.033131274131274153,0.04784298584298585,0.03726289105261093,-0.010580094790374923,0.004131616921336775
2367,0.023435006435006456,0.0340875160875161,0.028731182245425656,-0.00535633384209044,0.005296175810419201
2368,0.02901158301158303,0.0474954954954955,0.03695134818697524,-0.010544147308520255,0.007939765175392213
2369,0.028341055341055358,0.054014157014156995,0.042091776031600664,-0.011922380982556331,0.013750720690545306
2370,0.03325225225225227,0.059205920205920255,0.04910630671078324,-0.010099613495137015,0.01585405445853097
2371,0.030177606177606196,0.06485070785070784,0.053612969040057794,-0.011237738810650051,0.023435362862451597
2372,0.029032175032175048,0.05960875160875162,0.047830395347057325,-0.011778356261694295,0.018798220314882277
2373,0.02862548262548265,0.059823680823680815,0.04922096962030027,-0.010602711203380542,0.020595486994817624
2374,0.028319176319176336,0.0561570141570142,0.04277779111550944,-0.01337922304150476,0.014458614796333102
2375,0.024828828828828843,0.04142599742599744,0.033586518690996804,-0.007839478735000634,0.008757689862167961
2376,0.026297297297297316,0.040337194337194335,0.033437224403036,-0.006899969934158333,0.007139927105738686
2377,0.02644530244530246,0.051150579150579176,0.04035999979592073,-0.010790579354658443,0.013914697350618274
2378,0.032000000000000015,0.04704761904761904,0.03818949133340149,-0.008858127714217547,0.006189491333401478
2379,0.036149292149292155,0.05568597168597172,0.046306980586877655,-0.009378991099094063,0.0101576884375855
2380,0.028809523809523827,0.09750193050193051,0.08793806016787332,-0.009563870334057187,0.0591285363583495
2381,0.027092664092664108,0.08566151866151868,0.07933987540193402,-0.006321643259584661,0.05224721130926991
2382,0.03327027027027029,0.07101930501930502,0.06171818500631853,-0.00930112001298649,0.02844791473604824
2383,0.03333590733590735,0.0397258687258687,0.03153908809939303,-0.008186780626475675,-0.0017968192365143201
2384,0.032778635778635795,0.06318404118404115,0.051191734892167225,-0.011992306291873929,0.01841309911353143
2385,0.03541055341055342,0.04392664092664095,0.03424356810625585,-0.009683072820385094,-0.0011669853042975686
2386,0.025900900900900917,0.07054311454311453,0.0583031394810657,-0.012239975062048832,0.03240223858016478
2387,0.02821364221364223,0.04513384813384815,0.03704445194030391,-0.008089396193544242,0.00883080972666168
2388,0.029687258687258713,0.04277992277992277,0.03477140521194962,-0.008008517567973147,0.00508414652469091
2389,0.034072072072072086,0.05183912483912484,0.04024455701447972,-0.011594567824645116,0.006172484942407637
2390,0.028137709137709157,0.07433719433719431,0.06431381089475911,-0.010023383442435196,0.03617610175704995
2391,0.03424710424710427,0.07393436293436292,0.06326144045700359,-0.010672922477359334,0.029014336209899322
2392,0.024357786357786373,0.07911196911196913,0.06973754496022054,-0.009374424151748592,0.045379758602434164
2393,0.03193307593307595,0.0717039897039897,0.05979672625255286,-0.011907263451436834,0.027863650319476914
2394,0.029411840411840435,0.06702831402831406,0.05702659269181894,-0.010001721336495122,0.02761475227997851
2395,0.03460360360360362,0.042446589446589474,0.03276058226946659,-0.009686007177122882,-0.0018430213341370308
2396,0.03033719433719435,0.049235521235521225,0.040781429079165196,-0.008454092156356029,0.010444234741970846
2397,0.02951866151866154,0.06292792792792795,0.05205311613625551,-0.010874811791672441,0.02253445461759397
2398,0.02460231660231662,0.06739253539253535,0.05495179764479562,-0.012440737747739732,0.030349481042479004
2399,0.030900900900900925,0.055205920205920245,0.04392328787722123,-0.011282632328699013,0.013022386976320306
2400,0.02859459459459461,0.049540540540540544,0.040884636527643306,-0.008655904012897238,0.012290041933048695
2401,0.025185328185328204,0.07487773487773484,0.06568086519557126,-0.009196869682163586,0.040495537010243055
2402,0.030994851994852007,0.07330373230373233,0.06787666654026576,-0.0054270657634665626,0.036881814545413755
2403,0.029570141570141584,0.05132432432432431,0.041794902787981245,-0.009529421536343063,0.01222476121783966
2404,0.029509652509652526,0.052656370656370605,0.039946344200356594,-0.01271002645601401,0.010436691690704068
2405,0.032536679536679554,0.05358043758043761,0.04236672674720463,-0.011213710833232977,0.009830047210525078
2406,0.02503346203346205,0.06994723294723297,0.05913715617256115,-0.010810076774671822,0.0341036941390991
2407,0.028583011583011603,0.04796525096525096,0.037070409794084346,-0.010894841171166618,0.008487398211072743
2408,0.023337194337194347,0.08723552123552121,0.07937853142085928,-0.00785698981466193,0.05604133708366493
2409,0.029196911196911216,0.06918404118404117,0.05633498564759095,-0.012849055536450223,0.027138074450679735
2410,0.0350875160875161,0.05427027027027023,0.04287894137122708,-0.011391328899043152,0.007791425283710983
2411,0.022288288288288306,0.03576190476190479,0.030542465768780818,-0.005219438993123975,0.008254177480492512
2412,0.03286486486486488,0.042431145431145435,0.03655902787734162,-0.005872117553803818,0.0036941630124767352
2413,0.03141055341055343,0.05322136422136423,0.04260718650182664,-0.010614177719537592,0.011196633091273209
2414,0.032906048906048924,0.044944658944658974,0.03611245935745518,-0.008832199587203791,0.0032064104514062594
2415,0.030745173745173757,0.059528957528957545,0.048252375610036286,-0.01127658191892126,0.01750720186486253
2416,0.022486486486486507,0.04815315315315314,0.037521094010845746,-0.010632059142307394,0.015034607524359239
2417,0.03293050193050195,0.06169498069498073,0.049357100874530886,-0.012337879820449843,0.01642659894402894
2418,0.03013513513513515,0.06641698841698845,0.05538644777528319,-0.011030540641705264,0.02525131264014804
2419,0.02921235521235523,0.06527927927927932,0.051244586288518405,-0.014034692990760912,0.022032231076163176
2420,0.040184041184041196,0.044935649935649934,0.032537656357379034,-0.0123979935782709,-0.0076463848266621615
2421,0.025933075933075946,0.0673770913770914,0.05531182311824127,-0.012065268258850133,0.02937874718516532
2422,0.02592020592020594,0.0511711711711712,0.03927743995399062,-0.011893731217180577,0.013357234033784679
2423,0.03522651222651225,0.052633204633204624,0.04345140341778946,-0.009181801215415161,0.008224891191277214
2424,0.03901544401544403,0.06086872586872586,0.04911010600951043,-0.011758619859215433,0.010094661994066396
2425,0.02506949806949809,0.053175032175032146,0.04503988696907506,-0.008135145205957088,0.019970388899576967
2426,0.025773487773487796,0.05645559845559846,0.0429688665911394,-0.013486731864459055,0.017195378817651607
2427,0.029590733590733612,0.05702960102960104,0.04642293232833934,-0.010606668701261701,0.01683219873760573
2428,0.02976833976833979,0.05314157014157015,0.042752195729389944,-0.010389374412180206,0.012983855961050155
2429,0.040397683397683404,0.03374131274131273,0.03229667824415696,-0.0014446344971557681,-0.008101005153526443
2430,0.027514800514800535,0.04903732303732308,0.03767917907380868,-0.011358143963514401,0.010164378559008147
2431,0.029034749034749053,0.0648468468468468,0.051699682059024414,-0.013147164787822387,0.02266493302427536
2432,0.03542857142857145,0.055670527670527686,0.044983528922352745,-0.010686998748174942,0.009554957493781296
2433,0.03319691119691121,0.041755469755469746,0.03658126680879378,-0.005174202946675963,0.003384355611882571
2434,0.028635778635778653,0.06873616473616474,0.05828836527110058,-0.010447799465064161,0.02965258663532193
2435,0.02625868725868728,0.06188545688545693,0.050433865212859655,-0.011451591672597274,0.024175177954172376
2436,0.032352638352638366,0.08524710424710423,0.070722813946974,-0.014524290300130235,0.03837017559433563
2437,0.024191763191763208,0.03803732303732304,0.02673820920733722,-0.01129911382998582,0.0025464460155740117
2438,0.027369369369369383,0.06837323037323037,0.057131811016757114,-0.011241419356473256,0.02976244164738773
2439,0.0293848133848134,0.0435096525096525,0.0338240172091378,-0.009685635300514694,0.004439203824324403
2440,0.029485199485199502,0.0667992277992278,0.05702474448034251,-0.009774483318885287,0.02753954499514301
2441,0.029602316602316624,0.060285714285714345,0.046554512545059566,-0.013731201740654779,0.016952195942742943
2442,0.030267696267696285,0.06043500643500644,0.04820949902216692,-0.012225507412839523,0.01794180275447063
2443,0.02675933075933078,0.043200772200772224,0.033949073255108736,-0.009251698945663488,0.007189742495777956
2444,0.029323037323037343,0.03825225225225226,0.02810820374371876,-0.010144048508533503,-0.0012148335793185847
2445,0.026428571428571444,0.04851737451737454,0.03850436683919426,-0.01001300767818028,0.012075795410622817
2446,0.02872329472329474,0.06275933075933075,0.05157675411832578,-0.011182576641004971,0.022853459395031042
2447,0.026445302445302465,0.050619047619047605,0.03992518085343696,-0.010693866765610648,0.013479878408134492
2448,0.02610553410553412,0.05744144144144145,0.04567200566843342,-0.011769435773008027,0.019566471562899302
2449,0.02703861003861005,0.06092535392535395,0.04955901075064318,-0.011366343174710768,0.02252040071203313
2450,0.026395109395109417,0.05735006435006435,0.047816190457739466,-0.009533873892324886,0.02142108106263005
2451,0.02615186615186617,0.049953667953667936,0.040833466103793264,-0.009120201849874672,0.014681599951927093
2452,0.03417760617760619,0.055404118404118415,0.045314182995858224,-0.01008993540826019,0.01113657681825203
2453,0.028859716859716875,0.0648712998712999,0.05255471644951237,-0.012316583421787528,0.0236949995897955
2454,0.026872586872586892,0.05513256113256114,0.042694071915403975,-0.012438489217157164,0.015821485042817083
2455,0.03589317889317891,0.06180308880308876,0.04974375633696842,-0.012059332466120343,0.013850577443789508
2456,0.029181467181467198,0.047571428571428584,0.038633047915478926,-0.008938380655949658,0.009451580734011727
2457,0.0433899613899614,0.039927927927927924,0.03137409248050278,-0.008553835447425141,-0.012015868909458619
2458,0.0313861003861004,0.060590733590733636,0.050826539299421714,-0.009764194291311923,0.019440438913321312
2459,0.027419562419562435,0.043620334620334614,0.02967537844526535,-0.013944956175069263,0.0022558160257029163
2460,0.02631145431145433,0.04457142857142858,0.036163393454644616,-0.008408035116783966,0.009851939143190287
2461,0.03194465894465896,0.05708880308880306,0.04772599535970116,-0.009362807729101905,0.015781336415042195
2462,0.029513513513513532,0.05523294723294724,0.044138868941720276,-0.011094078291226966,0.014625355428206744
2463,0.03245559845559847,0.061586872586872614,0.052572150075027885,-0.009014722511844729,0.020116551619429414
2464,0.026706563706563727,0.06493564993564999,0.051854790824286595,-0.013080859111363391,0.02514822711772287
2465,0.0247812097812098,0.06355212355212353,0.05106613700208853,-0.012485986550035001,0.026284927220878728
2466,0.02782110682110684,0.043366795366795365,0.03965736840459319,-0.003709426962202174,0.01183626158348635
2467,0.029806949806949822,0.05012355212355212,0.03858295117638964,-0.011540600947162478,0.008776001369439821
2468,0.034335907335907356,0.06948005148005151,0.05968649450156551,-0.009793556978486002,0.025350587165658155
2469,0.03259202059202061,0.05153024453024449,0.04226011434407021,-0.009270130186174279,0.009668093752049599
2470,0.024198198198198215,0.0390875160875161,0.031935455926343545,-0.007152060161172556,0.00773725772814533
2471,0.031052767052767074,0.03243371943371945,0.032413134022526775,-2.0585411192673708e-05,0.0013603669697597014
2472,0.0327850707850708,0.06037065637065642,0.051735915866951365,-0.008634740503705052,0.018950845081880566
2473,0.03303861003861006,0.047016731016731046,0.04176297831811253,-0.005253752698618518,0.008724368279502466
2474,0.03146460746460748,0.03953925353925356,0.02978439736013631,-0.009754856179117252,-0.0016802101044711727
2475,0.02460360360360362,0.06372715572715575,0.051119762898577746,-0.012607392828578,0.026516159294974126
2476,0.033406692406692425,0.05474259974259971,0.04494308331950691,-0.009799516423092798,0.011536390912814484
2477,0.033166023166023184,0.05346460746460745,0.04401711006405211,-0.009447497400555338,0.010851086898028925
2478,0.027558558558558575,0.04150707850707853,0.031488775149998344,-0.010018303357080184,0.003930216591439769
2479,0.023361647361647378,0.05263191763191764,0.054154374055153595,0.0015224564232359586,0.030792726693506217
2480,0.02891377091377093,0.04306177606177608,0.03553130456754876,-0.007530471494227323,0.006617533653777829
2481,0.0241788931788932,0.05028828828828831,0.041220130607517474,-0.009068157680770836,0.017041237428624276
2482,0.030428571428571444,0.05520592020592024,0.04395799262436702,-0.01124792758155322,0.013529421195795574
2483,0.03040411840411842,0.07239124839124841,0.06246737845849165,-0.009923869932756763,0.03206326005437323
2484,0.02711711711711713,0.06106821106821106,0.05118975921202965,-0.009878451856181407,0.02407264209491252
2485,0.028960102960102978,0.08535521235521235,0.07770934387512281,-0.007645868480089538,0.04874924091501983
2486,0.028123552123552144,0.05743886743886748,0.046476385386725674,-0.010962482052141807,0.01835283326317353
2487,0.028885456885456903,0.06501287001287002,0.05487223586548309,-0.010140634147386932,0.02598677898002619
2488,0.026500643500643514,0.07670398970398971,0.06599924916753376,-0.010704740536455953,0.039498605666890244
2489,0.03262419562419564,0.06869369369369371,0.05937255082813314,-0.009321142865560572,0.0267483552039375
2490,0.03221879021879023,0.06559459459459457,0.054356432826167256,-0.011238161768427318,0.022137642607377023
2491,0.027189189189189205,0.04347490347490346,0.03602498024999216,-0.007449923224911302,0.008835791060802952
2492,0.028858429858429874,0.04404890604890604,0.03632905445001115,-0.007719851598894885,0.007470624591581279
2493,0.038180180180180205,0.06815958815958814,0.05759436900142859,-0.010565219158159549,0.019414188821248388
2494,0.026567567567567587,0.06606435006435006,0.05536691072644145,-0.010697439337908614,0.02879934315887386
2495,0.026665379665379685,0.05348648648648648,0.04088336319845133,-0.012603123288035152,0.014217983533071646
2496,0.030299871299871318,0.07416988416988417,0.06438154778680126,-0.009788336383082907,0.034081676486929946
2497,0.03099227799227801,0.07885714285714289,0.06454397163049796,-0.014313171226644925,0.03355169363821996
2498,0.02692406692406694,0.06616731016731016,0.05483754228280897,-0.011329767884501192,0.027913475358742026
2499,0.03427670527670529,0.04678764478764481,0.03923763825971866,-0.007550006527926145,0.004960932983013373
2500,0.03382754182754184,0.03874646074646077,0.03386128342544766,-0.004885177321013109,3.374159790581893e-05
2501,0.03446460746460748,0.044675675675675715,0.03523319404464649,-0.009442481631029224,0.0007685865800390115
2502,0.026981981981981998,0.06065122265122266,0.048984331678935324,-0.011666890972287333,0.022002349696953326
2503,0.03210424710424712,0.05683268983268983,0.048106345241691356,-0.008726344590998476,0.016002098137444236
2504,0.032189189189189206,0.0605006435006435,0.0491980113648539,-0.011302632135789602,0.01700882217566469
2505,0.025786357786357805,0.06791891891891892,0.0555989022118324,-0.012320016707086524,0.029812544425474593
2506,0.03222007722007724,0.038240669240669246,0.030520185606718094,-0.007720483633951152,-0.0016998916133591467
2507,0.030195624195624216,0.059604890604890645,0.04802010335845919,-0.011584787246431458,0.017824479162834972
2508,0.0330849420849421,0.04204247104247104,0.03203696907003131,-0.010005501972439726,-0.0010479730149107885
2509,0.026877734877734896,0.060967824967824956,0.051473277034830026,-0.00949454793299493,0.02459554215709513
2510,0.03203861003861006,0.05325611325611329,0.0425807024178102,-0.01067541083830309,0.01054209237920014
2511,0.02515701415701417,0.06353410553410557,0.050870074729348166,-0.012664030804757406,0.025713060572333996
2512,0.03081209781209783,0.06119047619047617,0.05135894915570495,-0.00983152703477122,0.02054685134360712
2513,0.024728442728442747,0.04776190476190478,0.03750498859386608,-0.010256916168038706,0.01277654586542333
2514,0.02620205920205922,0.07576190476190481,0.0659651140045431,-0.009796790757361715,0.03976305480248388
2515,0.029662805662805682,0.05623423423423426,0.04513674973855901,-0.011097484495675249,0.015473944075753327
2516,0.03286357786357788,0.06588674388674391,0.054221652668951514,-0.011665091217792398,0.021358074805373634
2517,0.02756885456885459,0.05696010296010292,0.04553070418485701,-0.01142939877524591,0.01796184961600242
2518,0.030978120978120992,0.04998326898326899,0.03997964115288982,-0.01000362783037917,0.00900152017476883
2519,0.02770141570141572,0.061348777348777334,0.048757099875415745,-0.012591677473361589,0.021055684174000024
2520,0.029655083655083674,0.055594594594594565,0.043118096965147866,-0.0124764976294467,0.013463013310064192
2521,0.027861003861003878,0.06809266409266408,0.05780464201230663,-0.01028802208035745,0.029943638151302753
2522,0.02623938223938226,0.051312741312741335,0.04169175121192197,-0.009620990100819363,0.015452368972539713
2523,0.024010296010296025,0.08914157014157018,0.07691909184550472,-0.012222478296065459,0.05290879583520869
2524,0.025279279279279296,0.04395881595881596,0.032801469360593694,-0.011157346598222269,0.007522190081314398
2525,0.02316216216216218,0.07334234234234234,0.061231650067048345,-0.012110692275293995,0.038069487904886165
2526,0.03280566280566283,0.047916344916344986,0.03484722974074459,-0.013069115175600395,0.0020415669350817636
2527,0.029863577863577878,0.05683140283140283,0.047002625440347716,-0.009828777391055116,0.017139047576769838
2528,0.029064350064350087,0.051149292149292196,0.03913410351159397,-0.012015188637698224,0.010069753447243885
2529,0.028909909909909926,0.04868082368082368,0.03879329524462621,-0.009887528436197474,0.00988338533471628
2530,0.026875160875160894,0.06155855855855858,0.05062094406331684,-0.010937614495241742,0.023745783188155945
2531,0.02920592020592022,0.058765765765765754,0.04687919897819938,-0.011886566787566374,0.017673278772279158
2532,0.02746460746460748,0.06127799227799229,0.05221007927150825,-0.00906791300648404,0.024745471806900773
2533,0.02743114543114545,0.06555598455598458,0.052702201227901056,-0.01285378332808352,0.025271055796755607
2534,0.025703989703989717,0.0646731016731017,0.052284540610124136,-0.01238856106297756,0.02658055090613442
2535,0.030033462033462053,0.04441827541827543,0.037631592864603554,-0.0067866825536718745,0.007598130831141501
2536,0.02072200772200774,0.05207722007722009,0.04165082009866345,-0.010426399978556641,0.02092881237665571
2537,0.030483912483912502,0.07591119691119695,0.06341592988359078,-0.012495267027606172,0.03293201739967828
2538,0.03319819819819822,0.07045945945945947,0.05801858379221192,-0.012440875667247553,0.0248203855940137
2539,0.029864864864864882,0.05197297297297293,0.041286033319071457,-0.010686939653901474,0.011421168454206574
2540,0.025978120978120994,0.079997425997426,0.0696128824942276,-0.010384543503198396,0.04363476151610661
2541,0.027285714285714302,0.09033204633204633,0.08044452350523708,-0.009887522826809256,0.053158809219522776
2542,0.024453024453024472,0.05763706563706564,0.04505725621601181,-0.012579809421053828,0.020604231762987337
2543,0.025824967824967845,0.0801943371943372,0.069703607973914,-0.010490729220423198,0.04387864014894616
2544,0.027750321750321768,0.051428571428571435,0.04326389922235635,-0.008164672206215084,0.015513577472034582
2545,0.030806949806949823,0.04303603603603602,0.03980261929420276,-0.0032334167418332643,0.008995669487252934
2546,0.03359330759330761,0.06253153153153153,0.052480918892880944,-0.010050612638650584,0.018887611299573337
2547,0.029693693693693714,0.04935649935649937,0.041286233039282604,-0.008070266317216766,0.01159253934558889
2548,0.032240669240669255,0.05541312741312744,0.04351374477511889,-0.011899382638008549,0.011273075534449638
2549,0.03232303732303734,0.07025482625482625,0.05880679194936191,-0.011448034305464337,0.026483754626324574
2550,0.02869240669240671,0.07631660231660235,0.06264465168628157,-0.013671950630320784,0.033952244993874864
2551,0.02526254826254828,0.05939253539253541,0.05122465044557019,-0.008167884946965222,0.025962102183021907
2552,0.026688545688545704,0.0706833976833977,0.06121808050777162,-0.009465317175626077,0.03452953481922591
2553,0.03101544401544403,0.0347915057915058,0.029414057602966042,-0.005377448188539757,-0.001601386412477989
2554,0.026625482625482644,0.050274131274131294,0.039284101743660954,-0.01099002953047034,0.01265861911817831
2555,0.027073359073359088,0.0576100386100386,0.04669928467491374,-0.010910753935124862,0.01962592560155465
2556,0.02772844272844275,0.04816602316602318,0.038800439485568695,-0.009365583680454481,0.011071996757125946
2557,0.028893178893178904,0.04063963963963966,0.029415750599997764,-0.011223889039641895,0.0005225717068188598
2558,0.026467181467181484,0.08711583011583011,0.07874969975852716,-0.00836613035730295,0.052282518291345684
2559,0.028332046332046345,0.06764092664092665,0.055428696886309976,-0.012212229754616673,0.02709665055426363
2560,0.023397683397683413,0.06027413127413127,0.04880835519514729,-0.011465776078983976,0.02541067179746388
2561,0.03665122265122266,0.03676833976833979,0.025337390573225534,-0.011430949195114257,-0.011313832077997129
2562,0.03111583011583013,0.03761261261261258,0.0316244666304373,-0.005988145982175279,0.0005086365146071727
2563,0.029715572715572732,0.06455341055341055,0.05328967711479258,-0.011263733438617966,0.023574104399219847
2564,0.027451737451737464,0.05857400257400259,0.048221646323621845,-0.010352356250380744,0.02076990887188438
2565,0.03923938223938226,0.04416988416988418,0.034315836970788785,-0.009854047199095398,-0.004923545268593475
2566,0.03174388674388676,0.06734620334620338,0.05571187489966799,-0.011634328446535391,0.02396798815578123
2567,0.02876319176319178,0.041826254826254836,0.03090555038017537,-0.010920704446079465,0.0021423586169835897
2568,0.02936422136422138,0.037027027027027024,0.027175221007737605,-0.009851806019289418,-0.0021890003564837765
2569,0.02747232947232949,0.053902187902187884,0.04562131491168864,-0.008280872990499247,0.018148985439359146
2570,0.02630501930501932,0.04033719433719434,0.03323896260051454,-0.007098231736679804,0.0069339432954952165
2571,0.027321750321750337,0.08422393822393824,0.07545940777983108,-0.00876453044410716,0.04813765745808074
2572,0.03233075933075935,0.059814671814671816,0.04732144459460306,-0.012493227220068757,0.014990685263843707
2573,0.03230373230373232,0.05875160875160877,0.04627676207112955,-0.01247484668047922,0.013973029767397234
2574,0.0283822393822394,0.03912870012870016,0.03133569479221246,-0.0077930053364876975,0.0029534554099730596
2575,0.03113127413127415,0.054079794079794095,0.04279128097949307,-0.011288513100301024,0.01166000684821892
2576,0.034888030888030906,0.04529987129987133,0.034469526210139725,-0.010830345089731602,-0.0004185046778911808
2577,0.026268983268983286,0.03918532818532821,0.029343883281504446,-0.009841444903823764,0.0030749000125211597
2578,0.033629343629343646,0.07746975546975549,0.06724708336577027,-0.010222672103985211,0.03361773973642663
2579,0.03211196911196913,0.044944658944658995,0.033560447455143645,-0.01138421148951535,0.0014484783431745127
2580,0.028199485199485216,0.05022779922779926,0.03791918519651102,-0.012308614031288245,0.0097196999970258
2581,0.0271866151866152,0.05277992277992281,0.03837021977304629,-0.014409703006876516,0.011183604586431091
2582,0.026817245817245837,0.049575289575289574,0.0410728853400296,-0.008502404235259976,0.014255639522783761
2583,0.02769369369369371,0.04678635778635778,0.03595072687789258,-0.010835630908465198,0.008257033184198872
2584,0.028218790218790233,0.056319176319176364,0.04250428159532142,-0.013814894723854942,0.014285491376531189
2585,0.02701801801801804,0.0681518661518662,0.05545413709205865,-0.012697729059807553,0.028436119074040613
2586,0.03657400257400259,0.051207207207207235,0.04003764019170505,-0.011169567015502188,0.003463637617702457
2587,0.0291801801801802,0.056458172458172445,0.04783341758700603,-0.008624754871166415,0.01865323740682583
2588,0.029558558558558573,0.05784684684684686,0.05491064750895415,-0.0029361993378927073,0.025352088950395577
2589,0.031181467181467196,0.048779922779922796,0.03752199835211001,-0.011257924427812788,0.006340531170642812
2590,0.033311454311454325,0.06515958815958812,0.05596407151870912,-0.009195516640879003,0.022652617207254797
2591,0.03255984555984558,0.057595881595881575,0.051261788454769974,-0.0063340931411116005,0.018701942894924398
2592,0.036674388674388686,0.06543629343629344,0.05541337805690663,-0.010022915379386807,0.018738989382517945
2593,0.03189189189189191,0.052119691119691156,0.04141666786305198,-0.010703023256639174,0.009524775971160068
2594,0.02813384813384815,0.07541184041184043,0.065135652194375,-0.010276188217465426,0.037001804060526854
2595,0.02593564993564995,0.08325482625482632,0.07199437445398817,-0.01126045180083815,0.046058724518338215
2596,0.030680823680823695,0.05909266409266413,0.05040694493015089,-0.00868571916251324,0.019726121249327194
2597,0.03433590733590735,0.05967052767052766,0.05014630627535497,-0.009524221395172693,0.01581039893944762
2598,0.03247619047619049,0.04778378378378379,0.03652287823922064,-0.011260905544563153,0.004046687763030146
2599,0.02305276705276707,0.07316473616473614,0.06356743353218203,-0.009597302632554108,0.04051466647941496
2600,0.03048777348777351,0.1047876447876448,0.09491994967366116,-0.009867695113983638,0.06443217618588765
2601,0.0320823680823681,0.05788545688545687,0.047286993296881144,-0.010598463588575725,0.015204625214513046
2602,0.03004375804375806,0.06044015444015445,0.04726298716274178,-0.013177167277412673,0.017219229118983718
2603,0.03687516087516089,0.06455855855855858,0.05311532369229843,-0.011443234866260144,0.01624016281713754
2604,0.036455598455598474,0.06567824967824967,0.052940739596314144,-0.012737510081935528,0.01648514114071567
2605,0.028299871299871316,0.06157915057915061,0.051809059212476354,-0.009770091366674255,0.023509187912605038
2606,0.030283140283140296,0.04690218790218792,0.03760124813901974,-0.009300939763168183,0.007318107855879441
2607,0.032555984555984574,0.05950707850707852,0.04610254039256289,-0.013404538114515634,0.013546555836578315
2608,0.02691505791505793,0.05997425997425996,0.04631471699903074,-0.01365954297522922,0.019399659083972808
2609,0.028917631917631935,0.06593178893178894,0.052825739799141895,-0.013106049132647048,0.02390810788150996
2610,0.03130373230373232,0.04543371943371942,0.03401863701013224,-0.01141508242358718,0.002714904706399922
2611,0.028830115830115847,0.045193050193050165,0.037103424732357525,-0.00808962546069264,0.008273308902241677
2612,0.031181467181467196,0.040592020592020626,0.028008352679601348,-0.012583667912419279,-0.0031731145018658487
2613,0.028018018018018034,0.04315057915057917,0.03464060622922266,-0.00850997292135651,0.006622588211204625
2614,0.030952380952380967,0.07806949806949808,0.06633748762873687,-0.011732010440761206,0.0353851066763559
2615,0.02931145431145433,0.0741879021879022,0.06126375821003127,-0.012924143977870922,0.03195230389857694
2616,0.02429601029601031,0.06653153153153157,0.05527494774054401,-0.01125658379098756,0.030978937444533703
2617,0.030209781209781225,0.06739510939510938,0.0565693275433682,-0.010825781851741184,0.026359546333586975
2618,0.03088030888030889,0.05621621621621623,0.04344747525024873,-0.012768740965967501,0.01256716636993984
2619,0.030158301158301176,0.06252767052767053,0.054676231099785894,-0.007851439427884632,0.024517929941484717
2620,0.027323037323037338,0.046043758043758064,0.034527748092719315,-0.011516009951038748,0.0072047107696819775
2621,0.028307593307593325,0.07309266409266406,0.062298535538440475,-0.010794128554223584,0.03399094223084715
2622,0.026723294723294738,0.07494594594594595,0.06635687809262897,-0.008589067853316978,0.03963358336933423
2623,0.033927927927927946,0.05726254826254828,0.04621856231475455,-0.011043985947793732,0.0122906343868266
2624,0.026849420849420866,0.07429729729729724,0.06518459111784741,-0.009112706179449828,0.03833517026842655
2625,0.029723294723294734,0.047592020592020605,0.035807153907815456,-0.011784866684205149,0.006083859184520722
2626,0.023629343629343644,0.05036422136422138,0.03834963758517692,-0.012014583779044463,0.014720293955833276
2627,0.026666666666666686,0.051652509652509705,0.04256167528934632,-0.009090834363163387,0.015895008622679632
2628,0.028205920205920224,0.07154826254826255,0.06062156280236351,-0.010926699745899035,0.03241564259644329
2629,0.03450193050193052,0.05701029601029604,0.046631388591927204,-0.010378907418368832,0.012129458089996686
2630,0.03505405405405407,0.0717014157014157,0.05626208021229897,-0.015439335489116725,0.0212080261582449
2631,0.028407979407979424,0.044431145431145444,0.034639315147383505,-0.009791830283761939,0.006231335739404081
2632,0.025163449163449182,0.051823680823680815,0.04321426411595842,-0.008609416707722396,0.018050814952509237
2633,0.03790733590733592,0.04454954954954955,0.03488235306036968,-0.009667196489179873,-0.0030249828469662426
2634,0.027364221364221383,0.05053925353925356,0.040542382924118804,-0.009996870615134754,0.01317816155989742
2635,0.027870012870012888,0.057186615186615206,0.047548891476549546,-0.00963772371006566,0.019678878606536658
2636,0.029904761904761917,0.04650193050193053,0.03331771217357222,-0.01318421832835831,0.003412950268810302
2637,0.03055984555984558,0.07739124839124842,0.066519163471546,-0.010872084919702416,0.03595931791170043
2638,0.029090090090090108,0.07511969111969112,0.06326077111855313,-0.011858920001137987,0.034170681028463025
2639,0.02930630630630632,0.05419691119691124,0.04276983982767829,-0.011427071369232947,0.01346353352137197
2640,0.029162162162162178,0.0501827541827542,0.03981645779766557,-0.010366296385088625,0.010654295635503394
2641,0.02810939510939513,0.06385971685971688,0.05255247617842624,-0.011307240681290638,0.02444308106903111
2642,0.028166023166023183,0.08078893178893178,0.07108344641099297,-0.009705485377938805,0.04291742324496979
2643,0.03005148005148007,0.03784684684684687,0.031829981653760754,-0.006016865193086113,0.0017785016022806854
2644,0.035230373230373244,0.042279279279279276,0.03282348806199681,-0.009455791217282468,-0.0024068851683764353
2645,0.029746460746460764,0.05429987129987128,0.04471494855958398,-0.0095849227402873,0.014968487813123217
2646,0.02679279279279281,0.06478507078507077,0.053144786536186144,-0.011640284248884629,0.026351993743393334
2647,0.031612612612612626,0.060758043758043785,0.05250701529583977,-0.008251028462204012,0.020894402683227148
2648,0.0288893178893179,0.08346975546975549,0.07361348609860321,-0.009856269371152276,0.04472416820928531
2649,0.03166151866151868,0.057136422136422164,0.045534836120275084,-0.01160158601614708,0.013873317458756404
2650,0.022926640926640943,0.05967696267696269,0.05076479103628486,-0.008912171640677827,0.027838150109643918
2651,0.02552252252252254,0.07637709137709141,0.06456517673497571,-0.0118119146421157,0.03904265421245316
2652,0.03368854568854571,0.06853410553410556,0.05782100269228368,-0.010713102841821885,0.02413245700373797
2653,0.031068211068211088,0.04905405405405409,0.03773101498584919,-0.0113230390682049,0.006662803917638099
2654,0.029882882882882898,0.05445688545688545,0.04400091996186229,-0.010455965495023159,0.014118037078979392
2655,0.027697554697554715,0.034041184041184086,0.02668047886196569,-0.007360705179218396,-0.0010170758355890243
2656,0.024401544401544416,0.0801660231660232,0.06991189553646578,-0.010254127629557422,0.045510351134921356
2657,0.03214543114543116,0.04676833976833976,0.03468066145325688,-0.012087678315082881,0.0025352303078257157
2658,0.0293861003861004,0.03956241956241957,0.03489650814989205,-0.004665911412527521,0.00551040776379165
2659,0.02793822393822396,0.04576190476190476,0.03697702595617761,-0.008784878805727148,0.009038802017953654
2660,0.03282110682110684,0.06869498069498069,0.056838292396090784,-0.011856688298889903,0.024017185574983946
2661,0.029163449163449186,0.05755984555984559,0.046647990486944235,-0.010911855072901357,0.01748454132349505
2662,0.029124839124839146,0.03462419562419563,0.04526749469201136,0.010643299067815734,0.016142655567172218
2663,0.029837837837837854,0.061790218790218836,0.05263872285133243,-0.009151495938886409,0.022800885013494573
2664,0.02307335907335909,0.0738532818532819,0.06260002869388213,-0.011253253159399762,0.03952666962052304
2665,0.03253153153153154,0.07816859716859717,0.06523021355243365,-0.01293838361616352,0.032698682020902106
2666,0.028407979407979424,0.04151994851994854,0.03130914853155734,-0.010210799988391195,0.0029011691235779173
2667,0.031050193050193076,0.03141570141570142,0.02671140519320306,-0.004704296222498364,-0.004338787856990017
2668,0.032536679536679554,0.06765122265122266,0.05602213514580052,-0.011629087505422138,0.023485455609120964
2669,0.030445302445302466,0.05617245817245818,0.046200659746621596,-0.009971798425836585,0.01575535730131913
2670,0.030912483912483923,0.06306821106821109,0.05050632923421763,-0.012561881833993462,0.019593845321733704
2671,0.032741312741312756,0.06216087516087519,0.04797637421047438,-0.01418450095040081,0.015235061469161627
2672,0.027456885456885478,0.05434877734877734,0.04478437391914758,-0.009564403429629761,0.017327488462262102
2673,0.029727155727155744,0.0682908622908623,0.055231583227334756,-0.013059279063527544,0.025504427500179012
2674,0.03325096525096527,0.048339768339768364,0.0367651860431839,-0.011574582296584465,0.0035142207922186294
2675,0.03141570141570143,0.040924066924066936,0.034333739335896195,-0.006590327588170741,0.002918037920194766
2676,0.027020592020592038,0.04926769626769629,0.037693629832738364,-0.011574066434957925,0.010673037812146326
2677,0.026039897039897054,0.06338352638352641,0.05097785526708987,-0.012405671116436548,0.024937958227192813
2678,0.02832689832689834,0.0702651222651223,0.05852604507153405,-0.01173907719358825,0.030199146744635707
2679,0.031590733590733604,0.05565122265122268,0.04392139806803676,-0.011729824583185923,0.012330664477303153
2680,0.026054054054054074,0.057272844272844285,0.04620116264649446,-0.011071681626349826,0.020147108592440385
2681,0.028622908622908644,0.06617631917631918,0.05765991865996354,-0.00851640051635564,0.029037010037054896
2682,0.029263835263835275,0.06589189189189187,0.05556160658502665,-0.010330285306865222,0.026297771321191377
2683,0.030446589446589463,0.041084942084942094,0.03200383509007745,-0.009081106994864648,0.0015572456434879839
2684,0.025025740025740043,0.037801801801801836,0.03390124439146456,-0.003900557410337277,0.008875504365724516
2685,0.027222651222651238,0.04448648648648647,0.035542622349474466,-0.008943864137012002,0.008319971126823228
2686,0.02866280566280568,0.06913899613899614,0.059101355127936656,-0.010037641011059487,0.030438549465130974
2687,0.028828828828828843,0.04943886743886747,0.040566135882800065,-0.008872731556067402,0.011737307053971222
2688,0.02959974259974262,0.0694465894465895,0.05534922617746925,-0.014097363269120256,0.02574948357772663
2689,0.025906048906048924,0.05722908622908624,0.04645508738039286,-0.01077399884869338,0.020549038474343938
2690,0.03051093951093953,0.0431184041184041,0.034019968372657375,-0.009098435745746723,0.0035090288617178438
2691,0.029337194337194353,0.05998712998713,0.049187134811785695,-0.010799995175344308,0.019849940474591342
2692,0.035051480051480066,0.033891891891891894,0.041296684347569154,0.00740479245567726,0.006245204296089088
2693,0.02674131274131276,0.07956628056628055,0.06880518412567219,-0.010761096440608367,0.04206387138435942
2694,0.027167310167310187,0.04753281853281854,0.04188633543670098,-0.005646483096117559,0.014719025269390791
2695,0.02410296010296012,0.06372458172458174,0.05369247807705314,-0.0100321036475286,0.029589517974093024
2696,0.03147490347490349,0.07232432432432429,0.06444057771173295,-0.007883746612591336,0.03296567423682946
2697,0.031984555984556,0.04441570141570142,0.03881815212190031,-0.005597549293801109,0.006833596137344314
2698,0.03145688545688548,0.051720720720720724,0.042372663604043966,-0.009348057116676758,0.010915778147158488
2699,0.026075933075933092,0.07345559845559843,0.06338011083413536,-0.01007548762146307,0.03730417775820227
2700,0.029741312741312753,0.06993693693693696,0.059283119476892965,-0.010653817460043999,0.02954180673558021
2701,0.03161132561132563,0.05618404118404118,0.04629501062839681,-0.00988903055564437,0.01468368501707118
2702,0.024423423423423442,0.05370785070785069,0.04487158605416572,-0.00883626465368497,0.020448162630742277
2703,0.03422779922779925,0.03818661518661519,0.030521436180310037,-0.007665179006305152,-0.003706363047489211
2704,0.03280694980694982,0.05437966537966537,0.041507074719740904,-0.012872590659924465,0.008700124912791082
2705,0.028047619047619068,0.06879665379665384,0.058179454783534354,-0.010617199013119485,0.030131835735915286
2706,0.027015444015444038,0.042102960102960135,0.0331268125412672,-0.008976147561692932,0.006111368525823165
2707,0.031054054054054064,0.051209781209781195,0.039617301411080906,-0.01159247979870029,0.008563247357026842
2708,0.03227155727155728,0.049467181467181494,0.040505962462484175,-0.008961219004697318,0.008234405190926893
2709,0.02782110682110684,0.06764607464607467,0.05467046937790347,-0.012975605268171195,0.02684936255679663
2710,0.023472329472329485,0.04221879021879024,0.032235433579691115,-0.009983356639099127,0.00876310410736163
2711,0.027236808236808255,0.06040154440154444,0.04710016056423363,-0.013301383837310811,0.019863352327425372
2712,0.025756756756756774,0.060504504504504515,0.04835935467946912,-0.012145149825035395,0.022602597922712346
2713,0.024534105534105552,0.07019948519948521,0.05943903371513733,-0.010760451484347885,0.034904928181031775
2714,0.027830115830115843,0.07512998712998716,0.06358870083153194,-0.011541286298455217,0.0357585850014161
2715,0.03202831402831404,0.0636151866151866,0.05101408925803404,-0.012601097357152563,0.018985775229719996
2716,0.034661518661518675,0.05762033462033462,0.04116367622942157,-0.01645665839091305,0.006502157567902893
2717,0.03386100386100388,0.04810038610038613,0.03525247908011331,-0.012847907020272824,0.0013914752191094282
2718,0.02696911196911199,0.05816087516087517,0.04838973815085431,-0.009771137010020858,0.02142062618174232
2719,0.033517374517374535,0.07358815958815958,0.06194782761049492,-0.011640331977664654,0.028430453093120388
2720,0.0282792792792793,0.053334620334620345,0.042648418029415484,-0.01068620230520486,0.014369138750136186
2721,0.025693693693693714,0.05272458172458171,0.04180779335576823,-0.010916788368813476,0.016114099662074517
2722,0.024081081081081097,0.06087773487773491,0.051149661838749666,-0.009728073038985242,0.02706858075766857
2723,0.030328185328185344,0.07435006435006437,0.06510020537426395,-0.009249858975800426,0.0347720200460786
2724,0.02691119691119693,0.061642213642213665,0.049010365924810985,-0.01263184771740268,0.022099169013614056
2725,0.02719176319176321,0.03922651222651224,0.03600584495561841,-0.0032206672708938247,0.008814081763855203
2726,0.031535392535392545,0.05139253539253543,0.03799454661432063,-0.013397988778214798,0.006459154078928088
2727,0.029895752895752914,0.044889317889317916,0.038999157520651855,-0.005890160368666061,0.00910340462489894
2728,0.02444144144144146,0.07105791505791505,0.058444745388416715,-0.012613169669498332,0.034003303946975254
2729,0.02881595881595883,0.07198970398970397,0.0600641666872193,-0.011925537302484676,0.031248207871260467
2730,0.028778635778635788,0.045068211068211024,0.0364589606775096,-0.008609250390701421,0.0076803248988738144
2731,0.028770913770913786,0.04330759330759332,0.03499177097040173,-0.008315822337191588,0.006220857199487943
2732,0.03225225225225227,0.06322393822393821,0.05697188944387514,-0.006252048780063066,0.024719637191622873
2733,0.029231660231660246,0.04955469755469757,0.03988410073045339,-0.009670596824244176,0.010652440498793145
2734,0.02726640926640929,0.04797425997425999,0.03722452642746098,-0.010749733546799013,0.009958117161051688
2735,0.031305019305019326,0.049047619047619055,0.04113946941336112,-0.007908149634257934,0.009834450108341795
2736,0.03227413127413129,0.06275675675675678,0.05124238766661411,-0.011514369090142668,0.01896825639248282
2737,0.027769626769626788,0.08035907335907339,0.07131133549902875,-0.009047737860044633,0.04354170872940197
2738,0.028423423423423442,0.04209523809523811,0.03370689736288583,-0.008388340732352277,0.00528347393946239
2739,0.030693693693693715,0.09138996138996135,0.08337941950907204,-0.008010541880889302,0.05268572581537833
2740,0.02893050193050195,0.062410553410553384,0.05012336301159776,-0.012287190398955622,0.02119286108109581
2741,0.03362419562419564,0.08745559845559847,0.08073065121751348,-0.006724947238084991,0.04710645559331784
2742,0.023972972972972992,0.07026383526383528,0.06105374166667604,-0.009210093597159241,0.03708076869370305
2743,0.03253153153153155,0.05834491634491637,0.04847845614151689,-0.009866460203399478,0.01594692460998534
2744,0.026145431145431164,0.06813770913770913,0.05599798908000245,-0.01213972005770668,0.029852557934571283
2745,0.03324967824967826,0.09726769626769628,0.08817497132612243,-0.009092724941573857,0.054925293076444164
2746,0.027580437580437593,0.07847747747747749,0.06997570219220672,-0.008501775285270768,0.04239526461176913
2747,0.029101673101673112,0.04806949806949808,0.038009850659025735,-0.010059647410472349,0.008908177557352622
2748,0.03718404118404121,0.035532818532818575,0.030131162863494383,-0.0054016556693241916,-0.007052878320546824
2749,0.03377992277992279,0.040531531531531544,0.0300649280339082,-0.010466603497623343,-0.0037149947460145896
2750,0.028032175032175054,0.06707722007722006,0.05896913744600564,-0.008108082631214417,0.030936962413830586
2751,0.03117374517374519,0.06265894465894468,0.04847991279823102,-0.014179031860713662,0.017306167624485832
2752,0.030247104247104268,0.03447747747747749,0.028543889117197914,-0.005933588360279574,-0.001703215129906354
2753,0.024177606177606198,0.06074517374517374,0.04748432718517215,-0.013260846560001593,0.02330672100756595
2754,0.026936936936936953,0.033422136422136456,0.033961220539228995,0.0005390841170925392,0.007024283602292042
2755,0.02610424710424712,0.07409781209781212,0.06462679876284604,-0.009471013334966083,0.038522551658598914
2756,0.024909909909909926,0.04896653796653797,0.03671354221506757,-0.012252995751470402,0.011803632305157644
2757,0.03566537966537968,0.07112355212355213,0.05790990040293889,-0.013213651720613243,0.022244520737559212
2758,0.030241956241956258,0.06820463320463321,0.05767939283461098,-0.010525240370022233,0.027437436592654723
2759,0.033903474903474916,0.07345559845559842,0.0657732774472001,-0.007682321008398316,0.031869802543725186
2760,0.025851994851994867,0.0645842985842986,0.05174624806835696,-0.012838050515941633,0.025894253216362094
2761,0.029070785070785088,0.060244530244530275,0.04953692635290662,-0.010707603891623653,0.020466141282121535
2762,0.028101673101673122,0.06195238095238099,0.05031715854738652,-0.01163522240499447,0.022215485445713397
2763,0.03940540540540543,0.04356499356499357,0.03392995769558083,-0.009635035869412736,-0.005475447709824596
2764,0.04316344916344918,0.06612998712998716,0.055998265365804885,-0.010131721764182276,0.012834816202355707
2765,0.026248391248391265,0.042472329472329484,0.04210794518959563,-0.00036438428273385254,0.015859553941204366
2766,0.029550836550836564,0.03997812097812101,0.03170547951887344,-0.008272641459247568,0.0021546429680368746
2767,0.02600386100386102,0.07603861003861005,0.0679247056383512,-0.008113904400258859,0.041920844634490174
2768,0.03008751608751611,0.06505019305019306,0.05567113344668722,-0.009379059603505845,0.02558361735917111
2769,0.03720077220077222,0.041499356499356536,0.03422641839682704,-0.007272938102529498,-0.0029743538039451803
2770,0.02981724581724583,0.06896138996138997,0.054397478262013875,-0.01456391169937609,0.024580232444768046
2771,0.02497297297297299,0.048032175032175065,0.03523771625388585,-0.012794458778289212,0.010264743280912862
2772,0.026830115830115846,0.04626126126126127,0.03907396373420704,-0.007187297527054229,0.012243847904091193
2773,0.02475933075933078,0.05819433719433719,0.045830940419926657,-0.012363396774410534,0.021071609660595878
2774,0.0337812097812098,0.05476061776061775,0.04172867492586976,-0.013031942834747984,0.007947465144659965
2775,0.029083655083655107,0.06475289575289578,0.051417023348653945,-0.013335872404241833,0.022333368264998838
2776,0.03274259974259976,0.07550321750321753,0.061237937306726095,-0.01426528019649144,0.02849533756412634
2777,0.032554697554697566,0.08251994851994847,0.07264661678131769,-0.00987333173863078,0.04009191922662012
2778,0.03186357786357788,0.047009009009008985,0.04182682523200295,-0.005182183777006036,0.00996324736842507
2779,0.03266280566280568,0.0691981981981982,0.05877159543737595,-0.010426602760822246,0.02610878977457027
2780,0.029740025740025756,0.045310167310167314,0.03625240275091862,-0.009057764559248692,0.006512377010892866
2781,0.026231660231660254,0.050831402831402854,0.03977689687268824,-0.011054505958714614,0.013545236641027986
2782,0.032357786357786376,0.06165765765765768,0.051293776525139105,-0.010363881132518578,0.01893599016735273
2783,0.03579407979407981,0.06757271557271555,0.05651449780235755,-0.011058217770357995,0.020720418008277744
2784,0.02955341055341057,0.061000000000000006,0.05116162631643919,-0.009838373683560817,0.02160821576302862
2785,0.03082110682110684,0.06673616473616475,0.05381787173897111,-0.012918292997193645,0.02299676491786427
2786,0.030463320463320485,0.05612741312741315,0.044268859468383596,-0.011858553659029554,0.013805539005063112
2787,0.025030888030888043,0.052234234234234234,0.0392370846805659,-0.012997149553668333,0.014206196649677857
2788,0.03196010296010297,0.053303732303732324,0.04444431293777437,-0.008859419365957952,0.012484209977671398
2789,0.03001673101673103,0.05334105534105538,0.040458461725414493,-0.012882593615640883,0.010441730708683462
2790,0.02609009009009011,0.07999999999999997,0.06981752950586252,-0.010182470494137452,0.04372743941577241
2791,0.021988416988417005,0.039302445302445324,0.03008932570354681,-0.009213119598898513,0.008100908715129806
2792,0.035230373230373244,0.07037580437580435,0.06003934707665916,-0.010336457299145188,0.024808973846285914
2793,0.03280694980694982,0.06663191763191767,0.05558367645197811,-0.011048241179939557,0.022776726645028292
2794,0.025290862290862307,0.04987644787644793,0.03927019613874886,-0.010606251737699073,0.013979333847886553
2795,0.035141570141570155,0.08098584298584295,0.0724162190537526,-0.008569623932090348,0.03727464891218245
2796,0.03194980694980697,0.05361776061776063,0.04380204236214194,-0.009815718255618687,0.011852235412334967
2797,0.024290862290862306,0.05393822393822397,0.04009960142132399,-0.013838622516899983,0.015808739130461682
2798,0.026920205920205935,0.07977348777348779,0.07037641486293049,-0.009397072910557303,0.043456208942724554
2799,0.027851994851994865,0.040778635778635774,0.03406616785091849,-0.006712467927717285,0.006214172998923625
2800,0.029392535392535408,0.0711698841698842,0.05906603925368214,-0.012103844916202068,0.02967350386114673
2801,0.033108108108108124,0.061037323037323045,0.05279016510315656,-0.008247157934166485,0.019682056995048436
2802,0.028656370656370674,0.049310167310167324,0.03832198581059682,-0.010988181499570503,0.009665615154226148
2803,0.031029601029601048,0.06663063063063068,0.05656610878101096,-0.010064521849619722,0.025536507751409913
2804,0.03350450450450452,0.07241055341055341,0.06233960469087476,-0.010070948719678653,0.02883510018637024
2805,0.031051480051480066,0.04411583011583016,0.035102646775002515,-0.009013183340827645,0.004051166723522449
2806,0.025752895752895768,0.06459459459459463,0.05442738754248189,-0.010167207052112735,0.028674491789586126
2807,0.030492921492921505,0.05823552123552124,0.04871750661826061,-0.00951801461726063,0.018224585125339105
2808,0.033611325611325626,0.06375546975546979,0.05128200117968406,-0.012473468575785733,0.017670675568358434
2809,0.024271557271557286,0.06633976833976832,0.05714052245413848,-0.009199245885629835,0.0328689651825812
2810,0.03723938223938226,0.05386743886743888,0.044165676908072764,-0.009701761959366118,0.006926294668690505
2811,0.026450450450450465,0.05326254826254826,0.04324070729712971,-0.010021840965418548,0.016790256846679247
2812,0.028496782496782516,0.05024967824967827,0.039368448127295896,-0.010881230122382374,0.01087166563051338
2813,0.028970398970398985,0.047350064350064364,0.038550353073487,-0.008799711276577367,0.009579954103088012
2814,0.026858429858429875,0.06355727155727155,0.054327408323944004,-0.009229863233327543,0.02746897846551413
2815,0.026108108108108125,0.051649935649935655,0.03826800225310468,-0.013381933396830976,0.012159894144996554
2816,0.02673873873873876,0.06762290862290862,0.05361503641259404,-0.014007872210314583,0.02687629767385528
2817,0.030965250965250986,0.06515701415701414,0.05546124423004799,-0.00969576992696615,0.024495993264797
2818,0.02780180180180182,0.06291891891891889,0.05308784816225962,-0.009831070756659267,0.025286046360457802
2819,0.027806949806949827,0.05124581724581725,0.038661337425787104,-0.012584479820030144,0.010854387618837277
2820,0.033337194337194356,0.038365508365508394,0.03136034433022642,-0.007005164035281973,-0.0019768500069679354
2821,0.032581724581724605,0.061449163449163464,0.0489369828546742,-0.012512180594489261,0.016355258272949598
2822,0.03085328185328187,0.05738481338481339,0.04475304128237138,-0.012631772102442013,0.013899759429089508
2823,0.03171814671814673,0.07116087516087514,0.06054510545806756,-0.010615769702807587,0.028826958739920826
2824,0.03214285714285716,0.04444272844272844,0.03543782777350722,-0.009004900669221216,0.003294970630650061
2825,0.027680823680823703,0.07900643500643503,0.06774218914792235,-0.011264245858512684,0.040061365467098646
2826,0.029682110682110702,0.061555984555984544,0.05207886639861157,-0.009477118157372975,0.022396755716500866
2827,0.030424710424710438,0.055637065637065664,0.0467212567392354,-0.008915808897830266,0.01629654631452496
2828,0.026097812097812114,0.06957786357786358,0.05495530727349952,-0.014622556304364064,0.028857495175687402
2829,0.027597168597168615,0.0751763191763192,0.0665644463433873,-0.008611872832931897,0.03896727774621869
2830,0.029446589446589462,0.06954697554697555,0.05870404574856931,-0.010842929798406238,0.029257456301979845
2831,0.032064350064350086,0.05859845559845559,0.04480001303825023,-0.013798442560205362,0.012735662973900143
2832,0.03221621621621623,0.08046074646074644,0.07004451269283539,-0.010416233767911051,0.03782829647661916
2833,0.025922779922779946,0.04627799227799231,0.039011358265550494,-0.0072666340124418125,0.013088578342770548
2834,0.02742084942084944,0.050758043758043804,0.03872665653729857,-0.012031387220745232,0.011305807116449133
2835,0.03170656370656372,0.062445302445302484,0.05344732197082794,-0.008997980474474546,0.02174075826426422
2836,0.024769626769626792,0.04199742599742602,0.038518241692357895,-0.0034791843050681268,0.013748614922731103
2837,0.02559974259974262,0.08171171171171172,0.06987866360858029,-0.011833048103131433,0.04427892100883767
2838,0.03282110682110684,0.0764285714285714,0.0648603644828654,-0.011568206945705997,0.032039257661758566
2839,0.03009395109395111,0.039684684684684696,0.04349175283040785,0.0038070681457231526,0.013397801736456737
2840,0.02810296010296012,0.04855855855855855,0.03899113135201105,-0.009567427206547498,0.010888171249050931
2841,0.0270862290862291,0.0535830115830116,0.0419347217404095,-0.011648289842602098,0.014848492654180399
2842,0.024415701415701433,0.08144787644787646,0.07002513827398374,-0.011422738173892721,0.04560943685828231
2843,0.024413127413127428,0.05587516087516088,0.044556295745807856,-0.011318865129353026,0.020143168332680428
2844,0.02917631917631919,0.04261389961389963,0.03242140396208473,-0.010192495651814897,0.0032450847857655417
2845,0.026261261261261278,0.08516087516087514,0.0761951687032269,-0.008965706457648243,0.04993390744196562
2846,0.023698841698841712,0.05719176319176319,0.052104327489917834,-0.005087435701845354,0.028405485791076122
2847,0.027245817245817264,0.06514157014157013,0.05665296780557063,-0.008488602335999497,0.029407150559753365
2848,0.036326898326898345,0.054396396396396415,0.04237272265862917,-0.012023673737767249,0.006045824331730822
2849,0.03016602316602318,0.06591248391248389,0.05410478400759755,-0.011807699904886337,0.02393876084157437
2850,0.02904247104247106,0.08550064350064353,0.07294314990976153,-0.012557493590881999,0.04390067886729047
2851,0.030478764478764495,0.05469626769626771,0.04396782033747561,-0.010728447358792102,0.013489055858711112
2852,0.03173359073359074,0.04206821106821111,0.03087272302861347,-0.011195488039597641,-0.0008608677049772723
2853,0.02525868725868728,0.05015572715572718,0.03709741837188724,-0.013058308783839935,0.011838731113199965
2854,0.0303835263835264,0.07189189189189185,0.060604945830539915,-0.011286946061351937,0.030221419447013516
2855,0.0310836550836551,0.0696164736164736,0.0594359964906747,-0.010180477125798906,0.0283523414070196
2856,0.026961389961389984,0.07317374517374517,0.0608736379000515,-0.01230010727369367,0.033912247938661516
2857,0.030608751608751632,0.05602059202059206,0.04326093303292259,-0.012759658987669467,0.012652181424170957
2858,0.02813384813384815,0.08100128700128703,0.07152141663184615,-0.009479870369440882,0.043387568497998
2859,0.02975933075933077,0.05023423423423423,0.041744919396013255,-0.008489314838220977,0.011985588636682486
2860,0.02883655083655085,0.04732303732303733,0.0390505871452517,-0.008272450177785634,0.010214036308700849
2861,0.03156241956241958,0.0531866151866152,0.041213018395679764,-0.011973596790935438,0.009650598833260186
2862,0.028778635778635795,0.05874517374517377,0.04880527285240001,-0.00993990089277376,0.020026637073764213
2863,0.03265508365508367,0.06764993564993567,0.056856106289398585,-0.010793829360537084,0.024201022634314916
2864,0.029261261261261277,0.04767824967824969,0.0388073194858567,-0.00887093019239299,0.009546058224595425
2865,0.03267310167310169,0.06215186615186613,0.049131151993576955,-0.013020714158289176,0.016458050320475266
2866,0.03928828828828831,0.06088931788931792,0.05089888019414072,-0.009990437695177205,0.01161059190585241
2867,0.03753410553410555,0.06261132561132561,0.053612288146783066,-0.008999037464542545,0.016078182612677516
2868,0.028276705276705293,0.03690218790218792,0.031189159502566573,-0.005713028399621345,0.0029124542258612794
2869,0.0347876447876448,0.05011840411840411,0.04023031044756063,-0.009888093670843479,0.00544266565991583
2870,0.0284826254826255,0.0494877734877735,0.03962813066942175,-0.00985964281835175,0.011145505186796252
2871,0.03132175032175034,0.057598455598455583,0.047639347893358074,-0.00995910770509751,0.016317597571607736
2872,0.030981981981982,0.057362934362934374,0.045215909847739294,-0.01214702451519508,0.014233927865757293
2873,0.030299871299871318,0.04147619047619048,0.03890701683210698,-0.002569173644083496,0.008607145532235665
2874,0.02720849420849422,0.07155341055341057,0.06077824069688181,-0.010775169856528752,0.03356974648838759
2875,0.03454568854568856,0.059424710424710446,0.04956552188509086,-0.009859188539619583,0.015019833339402301
2876,0.025801801801801822,0.06789317889317889,0.05561963404775475,-0.012273544845424138,0.02981783224595293
2877,0.033277992277992295,0.042274131274131314,0.033112923592314755,-0.00916120768181656,-0.0001650686856775399
2878,0.027731016731016748,0.06821106821106816,0.05856433474742361,-0.009646733463644551,0.030833318016406864
2879,0.03012097812097814,0.0504157014157014,0.04002786804738779,-0.010387833368313608,0.009906889926409649
2880,0.034998712998713016,0.0694813384813385,0.0578834576121436,-0.011597880869194901,0.022884744613430583
2881,0.03080180180180182,0.05253796653796654,0.04413731665879483,-0.00840064987917171,0.013335514856993008
2882,0.031339768339768356,0.07506306306306305,0.06601303411264944,-0.00905002895041361,0.03467326577288109
2883,0.03564993564993567,0.052169884169884204,0.042379952100941344,-0.00978993206894286,0.006730016451005676
2884,0.026176319176319195,0.08322908622908624,0.07566742261449005,-0.00756166361459619,0.049491103438170855
2885,0.024756756756756773,0.06080051480051478,0.051507063007124924,-0.009293451793389855,0.02675030625036815
2886,0.024118404118404137,0.05263577863577865,0.042209943599465685,-0.010425835036312968,0.01809153948106155
2887,0.02660360360360362,0.04106821106821111,0.034948330844436555,-0.006119880223774556,0.008344727240832937
2888,0.02492535392535394,0.05890090090090092,0.05070037627838331,-0.008200524622517615,0.025775022353029368
2889,0.03114285714285716,0.04337451737451739,0.03495142677657578,-0.008423090597941614,0.003808569633718617
2890,0.03200257400257402,0.03281338481338482,0.030851540363431018,-0.0019618444499538007,-0.001151033639143005
2891,0.03540283140283142,0.09155598455598456,0.08429496653142585,-0.00726101802455871,0.04889213512859443
2892,0.0305830115830116,0.041267696267696274,0.03631874980726236,-0.004948946460433916,0.0057357382242507575
2893,0.02485456885456887,0.05060360360360361,0.03986401059271163,-0.01073959301089198,0.015009441738142757
2894,0.023413127413127434,0.07567824967824968,0.06514314763811423,-0.010535102040135455,0.04173002022498679
2895,0.029778635778635803,0.07164864864864863,0.06125372882926078,-0.010394919819387852,0.03147509305062497
2896,0.023238095238095252,0.04122522522522521,0.03294601819164165,-0.008279207033583563,0.009707922953546395
2897,0.03227670527670529,0.04978893178893178,0.044602993724647245,-0.005185938064284537,0.012326288447941952
2898,0.02694337194337196,0.07247361647361647,0.06182078565909648,-0.010652830814519988,0.03487741371572452
2899,0.02549034749034751,0.044482625482625465,0.03548484175700081,-0.008997783725624653,0.009994494266653303
2900,0.032006435006435026,0.05842728442728442,0.04719338314169633,-0.011233901285588092,0.015186948135261301
2901,0.031002574002574022,0.04933590733590736,0.04020773977195216,-0.009128167563955202,0.009205165769378139
2902,0.025759330759330776,0.06540154440154443,0.05115023760646451,-0.014251306795079917,0.025390906847133736
2903,0.02772586872586874,0.04862805662805666,0.03582023863157336,-0.012807817996483298,0.00809436990570462
2904,0.026921492921492943,0.07401287001286999,0.06093048920604177,-0.01308238080682822,0.03400899628454883
2905,0.022486486486486507,0.0728301158301158,0.06325990112103708,-0.00957021470907872,0.04077341463455057
2906,0.025700128700128715,0.041166023166023163,0.032811316542358845,-0.008354706623664318,0.007111187842230131
2907,0.031217503217503235,0.05764607464607466,0.04778161611593555,-0.009864458530139106,0.016564112898432317
2908,0.030178893178893194,0.03467181467181469,0.025082548930851732,-0.009589265740962957,-0.0050963442480414615
2909,0.03174903474903477,0.050981981981982026,0.039982366707465286,-0.01099961527451674,0.008233331958430519
2910,0.03276061776061778,0.05561647361647364,0.043300300027801594,-0.012316173588672048,0.010539682267183811
2911,0.026347490347490368,0.06951994851994853,0.05724042859815939,-0.012279519921789134,0.030892938250669025
2912,0.028737451737451753,0.08393822393822399,0.07488358309046458,-0.009054640847759407,0.046146131353012834
2913,0.025804375804375827,0.07339124839124841,0.06265046791935704,-0.010740780471891379,0.03684609211498121
2914,0.024680823680823697,0.05395881595881602,0.04338294301430722,-0.010575872944508798,0.018702119333483525
2915,0.027496782496782512,0.08080437580437581,0.07241095872730151,-0.008393417077074306,0.04491417623051899
2916,0.02935649935649938,0.06481467181467179,0.050913775033187884,-0.013900896781483908,0.021557275676688505
2917,0.029494208494208512,0.06508236808236811,0.0519986830654438,-0.013083685016924314,0.022504474571235288
2918,0.03429858429858431,0.05999356499356499,0.047676286094635915,-0.012317278898929078,0.013377701796051605
2919,0.03046460746460748,0.07508494208494207,0.062257026898540006,-0.012827915186402063,0.03179241943393253
2920,0.03184555984555986,0.054516087516087545,0.0440751862270983,-0.010440901288989245,0.01222962638153844
2921,0.029541827541827558,0.04916344916344917,0.04103388437407246,-0.008129564789376709,0.011492056832244902
2922,0.026468468468468488,0.04264736164736166,0.03381708818735141,-0.008830273460010252,0.007348619718882919
2923,0.0325855855855856,0.06208880308880306,0.05134861659236622,-0.010740186496436842,0.018763031006780617
2924,0.03692277992277994,0.059882882882882904,0.04962656532953501,-0.010256317553347896,0.01270378540675507
2925,0.029903474903474923,0.05822265122265118,0.04579501120895387,-0.01242764001369731,0.01589153630547895
2926,0.02470656370656373,0.05434491634491639,0.04386492378539427,-0.010479992559522117,0.019158360078830542
2927,0.027509652509652524,0.03415315315315316,0.03901672019713716,0.004863567043983996,0.011507067687484634
2928,0.024912483912483928,0.04397554697554701,0.03548705147085944,-0.008488495504687568,0.010574567558375512
2929,0.0325842985842986,0.07283526383526383,0.05911731926712575,-0.013717944568138081,0.026533020682827146
2930,0.02874002574002576,0.05817631917631912,0.04819503711164369,-0.009981282064675433,0.019455011371617932
2931,0.03236679536679538,0.06959330759330758,0.05737030182440587,-0.012223005768901708,0.025003506457610486
2932,0.02761776061776064,0.0710553410553411,0.061693642675126344,-0.009361698380214757,0.034075882057365704
2933,0.03474131274131276,0.059989703989704005,0.04973917207248895,-0.010250531917215054,0.014997859331176193
2934,0.030477477477477494,0.06521106821106823,0.05471252676784525,-0.01049854144322298,0.024235049290367756
2935,0.031018018018018036,0.06852895752895752,0.05798369107371652,-0.010545266455240995,0.026965673055698487
2936,0.025019305019305035,0.03538738738738742,0.030526592889483527,-0.004860794497903893,0.005507287870178491
2937,0.029339768339768358,0.04826126126126128,0.04011557998841642,-0.008145681272844867,0.010775811648648059
2938,0.029643500643500662,0.06761647361647365,0.055425399604149495,-0.012191074012324152,0.025781898960648832
2939,0.029633204633204648,0.05730630630630633,0.04487451637400523,-0.012431789932301096,0.015241311740800585
2940,0.02769369369369371,0.050266409266409295,0.03811534663438487,-0.012151062632024423,0.010421652940691164
2941,0.033553410553410566,0.05600386100386101,0.044439217161945876,-0.011564643841915134,0.01088580660853531
2942,0.03020077220077222,0.07484942084942081,0.06295815557250366,-0.011891265276917154,0.03275738337173144
2943,0.026981981981981998,0.055297297297297335,0.04454120959232406,-0.010756087704973272,0.017559227610342065
2944,0.030357786357786378,0.054568854568854616,0.0432866723894213,-0.011282182179433317,0.012928886031634921
2945,0.029970398970398996,0.05970398970398968,0.04998322215302544,-0.009720767550964238,0.020012823182626444
2946,0.03159845559845561,0.0624568854568855,0.05268605103197133,-0.009770834424914165,0.021087595433515724
2947,0.02899485199485201,0.062447876447876485,0.05067126016790269,-0.011776616279973798,0.02167640817305068
2948,0.029137709137709154,0.0554105534105534,0.04495142025379604,-0.01045913315675736,0.015813711116086884
2949,0.031015444015444024,0.07945302445302446,0.06834691166845723,-0.011106112784567232,0.037331467653013206
2950,0.02803217503217505,0.048508365508365535,0.038380389309888185,-0.01012797619847735,0.010348214277713135
2951,0.027740025740025754,0.04722651222651223,0.03756929860612011,-0.009657213620392117,0.00982927286609436
2952,0.03122522522522524,0.07186743886743886,0.0628154946249677,-0.00905194424247116,0.031590269399742466
2953,0.030783783783783804,0.06053667953667958,0.047618604810493514,-0.012918074726186064,0.01683482102670971
2954,0.03476705276705279,0.054523809523809565,0.04380705414485014,-0.010716755378959428,0.009040001377797348
2955,0.029664092664092687,0.044571428571428574,0.040341157224665435,-0.00423027134676314,0.010677064560572748
2956,0.029476190476190496,0.07265765765765772,0.06158669684278998,-0.01107096081486774,0.032110506366599484
2957,0.026557271557271573,0.058607464607464646,0.047673212303677256,-0.01093425230378739,0.021115940746405683
2958,0.028101673101673115,0.07032046332046331,0.05902320289440184,-0.011297260426061467,0.030921529792728726
2959,0.031186615186615207,0.08093178893178897,0.07138475310471959,-0.00954703582706938,0.04019813791810438
2960,0.027387387387387406,0.0317927927927928,0.036895908557162654,0.005103115764369857,0.009508521169775248
2961,0.03063835263835266,0.04144530244530247,0.032275231992496996,-0.009170070452805476,0.0016368793541443362
2962,0.03106821106821108,0.08242857142857145,0.0724432218432392,-0.009985349585332245,0.04137501077502812
2963,0.02788674388674391,0.07464221364221368,0.06307914243035409,-0.011563071211859594,0.035192398543610184
2964,0.03335135135135137,0.06751866151866151,0.05829770646928955,-0.00922095504937196,0.024946355117938177
2965,0.036154440154440165,0.07205791505791508,0.062100116268767214,-0.009957798789147862,0.02594567611432705
2966,0.028063063063063082,0.06932947232947233,0.058212711505453464,-0.011116760824018863,0.030149648442390382
2967,0.030148005148005162,0.058940797940797984,0.0511396541932923,-0.007801143747505686,0.020991649045287136
2968,0.026805662805662822,0.055486486486486505,0.04454448768264037,-0.010941998803846137,0.017738824876977546
2969,0.02695238095238097,0.06852123552123553,0.05639233529969747,-0.012128900221538057,0.0294399543473165
2970,0.03200386100386102,0.06319819819819822,0.05563450903031341,-0.007563689167884809,0.023630648026452393
2971,0.023684684684684695,0.05435521235521237,0.04303844167230134,-0.01131677068291103,0.019353756987616648
2972,0.03153667953667955,0.062059202059202095,0.053660801654821975,-0.00839840040438012,0.022124122118142422
2973,0.02616473616473618,0.04589575289575288,0.03243787753056302,-0.013457875365189859,0.0062731413658268405
2974,0.030413127413127433,0.040562419562419565,0.03501854853108137,-0.005543871031338195,0.004605421117953937
2975,0.030216216216216233,0.03903989703989707,0.033699828157479426,-0.005340068882417642,0.0034836119412631934
2976,0.023558558558558578,0.03914543114543114,0.030084545850867228,-0.009060885294563913,0.00652598729230865
2977,0.030940797940797956,0.043536679536679564,0.03517964233069787,-0.008357037205981695,0.004238844389899913
2978,0.027925353925353943,0.06613899613899614,0.05410301241389997,-0.01203598372509617,0.026177658488546026
2979,0.026227799227799244,0.033182754182754196,0.03488744254453711,0.001704688361782912,0.008659643316737863
2980,0.02632947232947235,0.0517683397683398,0.039346800840736544,-0.012421538927603254,0.013017328511264196
2981,0.029945945945945966,0.047166023166023176,0.04369923406901764,-0.0034667890970055334,0.013753288123071677
2982,0.033382239382239394,0.05934234234234237,0.047789711965390405,-0.011552630376951964,0.014407472583151011
2983,0.028136422136422156,0.051958815958816004,0.039556052043502495,-0.01240276391531351,0.011419629907080339
2984,0.025065637065637084,0.05152252252252249,0.04001711528517929,-0.011505407237343203,0.014951478219542205
2985,0.031745173745173765,0.06611711711711711,0.055730411741430105,-0.010386705375687005,0.02398523799625634
2986,0.026177606177606196,0.03774774774774774,0.03723303339548046,-0.0005147143522672773,0.011055427217874263
2987,0.030003861003861022,0.08125353925353926,0.07077347755954765,-0.010480061693991613,0.04076961655568662
2988,0.03347104247104249,0.052531531531531575,0.04159723287447606,-0.010934298657055516,0.00812619040343357
2989,0.026409266409266424,0.04282496782496783,0.0374486751089717,-0.005376292715996128,0.011039408699705277
2990,0.028781209781209797,0.061629343629343636,0.049589881950271836,-0.0120394616790718,0.02080867216906204
2991,0.025236808236808253,0.05676061776061779,0.04390146978321801,-0.01285914797739978,0.018664661546409757
2992,0.028498069498069517,0.07636550836550839,0.06560746517075616,-0.010758043194752223,0.037109395672686646
2993,0.0286808236808237,0.043441441441441464,0.03585940323651772,-0.007582038204923744,0.0071785795556940195
2994,0.02509137709137711,0.0554208494208494,0.045023582495939005,-0.010397266924910394,0.019932205404561896
2995,0.030355212355212373,0.07976190476190481,0.07001052781446188,-0.009751376947442936,0.0396553154592495
2996,0.028315315315315333,0.07483783783783783,0.06688115842205411,-0.007956679415783721,0.03856584310673877
2997,0.03270785070785072,0.0683153153153153,0.055189309829917516,-0.013126005485397788,0.022481459122066796
2998,0.026424710424710444,0.05491763191763196,0.041592300956291926,-0.013325330961340032,0.015167590531581482
2999,0.04040411840411842,0.05994594594594596,0.04920935625752278,-0.010736589688423184,0.008805237853404355
3000,0.026106821106821124,0.056514800514800546,0.04376499417806291,-0.012749806336737633,0.01765817307124179
3001,0.03603861003861005,0.07100386100386104,0.06359612822994735,-0.007407732773913683,0.027557518191337303
3002,0.03085842985842988,0.06820334620334624,0.056184131305639574,-0.012019214897706666,0.025325701447209695
3003,0.030020592020592037,0.0413191763191763,0.03262902795899589,-0.008690148360180415,0.0026084359384038504
3004,0.03372072072072074,0.055985842985843,0.04260550164925826,-0.013380341336584736,0.00888478092853752
3005,0.025193050193050213,0.06623938223938224,0.05532968723995145,-0.010909694999430786,0.030136637046901237
3006,0.028917631917631935,0.08997297297297292,0.0853215033470625,-0.004651469625910426,0.05640387142943056
3007,0.031544401544401565,0.07650965250965253,0.06528609954009189,-0.011223552969560638,0.03374169799569032
3008,0.03654568854568856,0.07523294723294724,0.06459126198365772,-0.010641685249289518,0.028045573437969165
3009,0.0294826254826255,0.04736936936936942,0.0378590270633787,-0.009510342305990717,0.008376401580753201
3010,0.03321364221364224,0.044415701415701454,0.03440675099682932,-0.010008950418872134,0.001193108783187083
3011,0.033755469755469766,0.07216731016731018,0.06299011054222382,-0.009177199625086355,0.029234640786754057
3012,0.029666666666666685,0.06675032175032175,0.05268338785609824,-0.014066933894223511,0.023016721189431554
3013,0.02713513513513515,0.08340926640926641,0.07446773712877315,-0.008941529280493257,0.047332601993638
3014,0.029055341055341074,0.04295752895752902,0.03119601335433015,-0.011761515603198873,0.0021406722989890763
3015,0.02872072072072074,0.06676190476190473,0.05793300001687313,-0.008828904745031597,0.02921227929615239
3016,0.027625482625482645,0.06931145431145433,0.05745037757550507,-0.011861076735949258,0.029824894950022426
3017,0.032561132561132584,0.052469755469755484,0.042816063205890764,-0.00965369226386472,0.01025493064475818
3018,0.026821106821106836,0.07912870012870012,0.07006666673640809,-0.00906203339229203,0.043245559915301254
3019,0.032353925353925374,0.056333333333333346,0.0455588016245446,-0.010774531708788747,0.013204876270619226
3020,0.02511969111969114,0.048362934362934366,0.03448803708869124,-0.013874897274243125,0.009368345969000103
3021,0.025223938223938237,0.03637065637065639,0.0316268818762842,-0.004743774494372188,0.006402943652345963
3022,0.02954568854568856,0.051876447876447844,0.041724217560831466,-0.010152230315616378,0.012178529015142905
3023,0.03331788931788933,0.050382239382239395,0.037157147474350026,-0.01322509190788937,0.0038392581564606967
3024,0.03130759330759333,0.06918661518661519,0.059050383348068385,-0.010136231838546804,0.027742790040475057
3025,0.031285714285714306,0.04237194337194335,0.03392551428706956,-0.008446429084873794,0.002639800001355254
3026,0.024267696267696284,0.056598455598455596,0.04681489966047078,-0.009783555937984814,0.0225472033927745
3027,0.0276859716859717,0.032415701415701416,0.03934490797403029,0.0069292065583288764,0.011658936288058593
3028,0.033383526383526395,0.03980952380952383,0.031646725805574,-0.008162798003949832,-0.001736800577952398
3029,0.028478764478764493,0.0651093951093951,0.05104103063119173,-0.014068364478203373,0.02256226615242724
3030,0.02935135135135137,0.06729858429858435,0.05393346506167777,-0.01336511923690658,0.024582113710326398
3031,0.030954954954954966,0.044848133848133846,0.03778752493151534,-0.007060608916618506,0.006832569976560374
3032,0.03580437580437582,0.05154440154440154,0.041787373779137375,-0.009757027765264166,0.005982997974761553
3033,0.03146975546975549,0.05526640926640927,0.043049517058386104,-0.012216892208023168,0.011579761588630617
3034,0.02762419562419564,0.05811454311454315,0.04676800234223252,-0.011346540772310627,0.019143806718036883
3035,0.029692406692406713,0.040205920205920245,0.032528989636171846,-0.0076769305697484,0.0028365829437651327
3036,0.03025096525096527,0.04847104247104244,0.03883995405890146,-0.009631088412140977,0.008588988807936192
3037,0.02675289575289577,0.04894594594594597,0.041466577229198054,-0.007479368716747918,0.014713681476302285
3038,0.03251351351351353,0.05811454311454315,0.0488994349709796,-0.00921510814356355,0.01638592145746607
3039,0.02964607464607466,0.0542754182754183,0.045285045713910545,-0.008990372561507753,0.015638971067835884
3040,0.032667953667953685,0.06290862290862294,0.052776167151302136,-0.010132455757320802,0.02010821348334845
3041,0.028346203346203365,0.05323938223938223,0.042499549478944895,-0.010739832760437336,0.01415334613274153
3042,0.030387387387387405,0.0398069498069498,0.031111259250189115,-0.008695690556760685,0.0007238718628017095
3043,0.027187902187902204,0.05100772200772197,0.03990950179863797,-0.011098220209083999,0.012721599610735764
3044,0.03889060489060491,0.05054182754182756,0.041402118363898066,-0.009139709177929493,0.0025115134732931546
3045,0.029166023166023184,0.0656962676962677,0.05553368220620103,-0.01016258549006667,0.026367659040177845
3046,0.029903474903474916,0.04503088803088802,0.032883745013234426,-0.012147143017653593,0.0029802701097595106
3047,0.03593564993564995,0.04377220077220078,0.03581561748271166,-0.007956583289489116,-0.00012003245293829012
3048,0.02599356499356501,0.06692406692406697,0.05715879155533677,-0.009765275368730196,0.031165226561771762
3049,0.027129987129987147,0.08513899613899616,0.0773599872369465,-0.007779008902049661,0.05023000010695935
3050,0.027149292149292167,0.0433925353925354,0.032227729422927086,-0.011164805969608317,0.005078437273634918
3051,0.0301814671814672,0.07782110682110682,0.065911760082,-0.011909346739106819,0.035730292900532805
3052,0.033481338481338496,0.07323552123552127,0.06354503434836382,-0.009690486887157443,0.030063695867025328
3053,0.024449163449163466,0.07346846846846847,0.062201346549090895,-0.011267121919377572,0.03775218309992743
3054,0.030882882882882896,0.05089189189189191,0.04140191854354115,-0.009489973348350757,0.010519035660658257
3055,0.03335521235521237,0.059440154440154415,0.04805097023653098,-0.011389184203623434,0.014695757881318612
3056,0.0330862290862291,0.04996525096525098,0.03944497007470169,-0.010520280890549287,0.00635874098847259
3057,0.02462033462033464,0.0590630630630631,0.04610267383704341,-0.012960389226019692,0.021482339216708772
3058,0.032688545688545706,0.05322393822393823,0.04538881027339146,-0.00783512795054677,0.012700264584845751
3059,0.03136679536679539,0.06082239382239382,0.05225031133903853,-0.008572082483355295,0.02088351597224314
3060,0.027500643500643518,0.05107850707850708,0.04318832442749606,-0.007890182651011018,0.01568768092685254
3061,0.03352380952380953,0.08093307593307593,0.07142045089225142,-0.009512625040824507,0.03789664136844189
3062,0.02817631917631919,0.048359073359073364,0.040440601438392024,-0.00791847192068134,0.012264282262072834
3063,0.026761904761904782,0.040897039897039945,0.032434358656735426,-0.008462681240304519,0.0056724538948306445
3064,0.028700128700128717,0.056350064350064365,0.04253677894960335,-0.013813285400461013,0.013836650249474634
3065,0.030833976833976852,0.05882110682110688,0.047994623750324705,-0.010826483070782177,0.017160646916347853
3066,0.028791505791505804,0.05534105534105533,0.043777959583785976,-0.011563095757269354,0.014986453792280172
3067,0.027387387387387403,0.044875160875160906,0.03710826313233566,-0.0077668977428252475,0.009720875744948256
3068,0.028051480051480063,0.04513384813384816,0.036572628228709596,-0.008561219905138563,0.008521148177229532
3069,0.025113256113256127,0.050660231660231675,0.041286393324601454,-0.00937383833563022,0.016173137211345327
3070,0.030283140283140303,0.05108365508365508,0.043126059696618556,-0.007957595387036526,0.012842919413478253
3071,0.026263835263835283,0.07375032175032174,0.06317661043929251,-0.01057371131102923,0.03691277517545723
3072,0.02844658944658946,0.039002574002574016,0.03392348088642668,-0.005079093116147335,0.00547689143983722
3073,0.025772200772200788,0.06513384813384815,0.05560621395957001,-0.00952763417427814,0.02983401318736922
3074,0.030486486486486504,0.053595881595881655,0.039560563193092396,-0.014035318402789258,0.009074076706605892
3075,0.02797168597168599,0.059039897039897066,0.049013418164678246,-0.01002647887521882,0.021041732192992255
3076,0.02861518661518663,0.07588674388674388,0.06579257026968988,-0.010094173617054003,0.037177383654503245
3077,0.026056628056628072,0.05655855855855852,0.04368360749576716,-0.012874951062791358,0.01762697943913909
3078,0.031742599742599756,0.05150193050193052,0.03810624599704478,-0.013395684504885742,0.006363646254445021
3079,0.03435392535392536,0.06453410553410552,0.053726485806532595,-0.010807619727572923,0.019372560452607233
3080,0.02875160875160877,0.07370270270270268,0.06131206969340905,-0.012390633009293633,0.032560460941800276
3081,0.02897039897039899,0.07815186615186621,0.06673300775144286,-0.011418858400423351,0.03776260878104387
3082,0.03024581724581726,0.06251737451737453,0.052324645572370695,-0.010192728945003837,0.022078828326553435
3083,0.02947747747747749,0.0522625482625483,0.042682518379931075,-0.009580029882617226,0.013205040902453585
3084,0.023868725868725887,0.06184813384813387,0.05061907665940566,-0.011229057188728207,0.026750350790679774
3085,0.028207207207207218,0.053148005148005155,0.0404744566966298,-0.012673548451375354,0.012267249489422583
3086,0.030486486486486504,0.06802960102960105,0.05731526389121267,-0.010714337138388381,0.026828777404726167
3087,0.0302857142857143,0.04970527670527669,0.03845304305824217,-0.011252233647034524,0.008167328772527866
3088,0.022146718146718168,0.049369369369369406,0.03804945534316264,-0.011319914026206766,0.015902737196444472
3089,0.029733590733590748,0.0812612612612613,0.06983956029809256,-0.011421700963168746,0.04010596956450181
3090,0.032608751608751624,0.04708365508365513,0.03801700354291716,-0.00906665154073797,0.005408251934165539
3091,0.0316859716859717,0.0862857142857143,0.07684213898101762,-0.00944357530469668,0.045156167295045915
3092,0.027729729729729747,0.045202059202059205,0.03745405631611382,-0.007748002885945383,0.009724326586384075
3093,0.027325611325611347,0.0638108108108108,0.052101707050578094,-0.011709103760232709,0.024776095724966748
3094,0.03635006435006436,0.07092406692406694,0.06065686108689552,-0.010267205837171424,0.024306796736831157
3095,0.029939510939510958,0.08043114543114543,0.07008634708905429,-0.01034479834209115,0.04014683614954333
3096,0.028027027027027043,0.04480823680823681,0.034835216445026844,-0.009973020363209968,0.006808189417999801
3097,0.026162162162162182,0.05469240669240667,0.043777043488058345,-0.010915363204348327,0.017614881325896163
3098,0.027230373230373247,0.04372715572715575,0.03629249176860197,-0.007434663958553779,0.009062118538228723
3099,0.02497297297297299,0.060541827541827575,0.04863139165815688,-0.011910435883670696,0.02365841868518389
3100,0.030756756756756775,0.04210810810810813,0.03821951154839567,-0.003888596559712465,0.007462754791638892
3101,0.02777734877734879,0.0524002574002574,0.042708004376683116,-0.009692253023574286,0.014930655599334326
3102,0.02794465894465897,0.04572072072072073,0.03814269256382691,-0.007578028156893825,0.010198033619167938
3103,0.02820463320463322,0.05368983268983271,0.04364733298439543,-0.010042499705437281,0.01544269977976221
3104,0.031241956241956255,0.04564221364221367,0.03644267000768575,-0.00919954363452792,0.005200713765729496
3105,0.03365765765765768,0.04476447876447878,0.03670828880936633,-0.008056189955112453,0.0030506311517086507
3106,0.025558558558558576,0.05939382239382239,0.051395253735848516,-0.007998568657973874,0.02583669517728994
3107,0.02637065637065639,0.08057400257400257,0.06806535586753969,-0.012508646706462886,0.0416946994968833
3108,0.035679536679536696,0.044957528957528956,0.03574668535034248,-0.009210843607186478,6.714867080578196e-05
3109,0.030745173745173757,0.055091377091377104,0.04443566588040865,-0.010655711210968456,0.013690492135234891
3110,0.03191634491634494,0.06960489060489061,0.05837777581871904,-0.011227114786171576,0.0264614309023741
3111,0.027492921492921513,0.06375418275418278,0.050745508347328265,-0.013008674406854513,0.023252586854406752
3112,0.030137709137709155,0.051698841698841716,0.040218039299272985,-0.01148080239956873,0.01008033016156383
3113,0.03022651222651224,0.08164607464607467,0.07162079561078143,-0.010025279035293239,0.04139428338426919
3114,0.02976962676962679,0.0406216216216216,0.03419178875231136,-0.006429832869310238,0.00442216198268457
3115,0.02984942084942087,0.0387824967824968,0.02920404152030734,-0.009578455262189464,-0.0006453793291135296
3116,0.027886743886743903,0.0558661518661519,0.043574162835961494,-0.012291989030190409,0.01568741894921759
3117,0.030655083655083674,0.039908622908622925,0.031395506857627146,-0.008513116050995778,0.000740423202543472
3118,0.028980694980695002,0.039715572715572724,0.035667112252407734,-0.004048460463164989,0.006686417271712732
3119,0.03304247104247106,0.040799227799227844,0.030792027749872386,-0.010007200049355458,-0.0022504432925986723
3120,0.02864993564993567,0.056981981981981976,0.04665041752932176,-0.010331564452660216,0.01800048187938609
3121,0.029812097812097826,0.05583397683397683,0.04592779336223121,-0.00990618347174562,0.016115695550133386
3122,0.02859588159588161,0.06696782496782501,0.0573061819284407,-0.009661643039384313,0.028710300332559086
3123,0.02717374517374519,0.0454736164736165,0.03819166678773746,-0.007281949685879044,0.011017921613992267
3124,0.03054954954954956,0.06291891891891897,0.05493728536428264,-0.007981633554636332,0.02438773581473308
3125,0.02303474903474905,0.048985842985843006,0.03754000778954211,-0.011445835196300894,0.014505258754793061
3126,0.03279279279279281,0.05323680823680823,0.04539968707938965,-0.00783712115741858,0.012606894286596837
3127,0.028348777348777367,0.0644826254826255,0.05293588275920546,-0.011546742723420038,0.024587105410428092
3128,0.02872329472329474,0.03523809523809523,0.029868547652872217,-0.005369547585223011,0.0011452529295774769
3129,0.027687258687258708,0.06668725868725871,0.05533106552510196,-0.011356193162156747,0.027643806837843253
3130,0.03367953667953669,0.1033243243243243,0.09640882073550645,-0.006915503588817845,0.06272928405596977
3131,0.02941570141570143,0.06053539253539252,0.05005982380159815,-0.01047556873379437,0.02064412238589672
3132,0.02594465894465896,0.056818532818532795,0.04800366376643542,-0.008814869052097378,0.022059004821776456
3133,0.03407722007722009,0.07080566280566279,0.057563451202179754,-0.013242211603483038,0.023486231124959664
3134,0.025166023166023184,0.048108108108108096,0.04045229329589768,-0.007655814812210414,0.015286270129874498
3135,0.030054054054054067,0.050036036036036076,0.040016803415458164,-0.010019232620577911,0.009962749361404098
3136,0.034830115830115846,0.05729086229086231,0.04618957143778198,-0.011101290853080328,0.011359455607666137
3137,0.03099742599742602,0.04493822393822392,0.030994531076177067,-0.013943692862046855,-2.894921248951937e-06
3138,0.025250965250965266,0.048485199485199484,0.039915492620779695,-0.008569706864419789,0.01466452736981443
3139,0.030639639639639657,0.04557014157014156,0.03343707111940213,-0.012133070450739428,0.002797431479762476
3140,0.030548262548262567,0.04368339768339772,0.03487120274709161,-0.008812194936306111,0.004322940198829041
3141,0.023532818532818554,0.07058815958815957,0.06022561667194092,-0.010362542916218652,0.036692798139122365
3142,0.027688545688545705,0.06671428571428574,0.053941358979388745,-0.012772926734896994,0.02625281329084304
3143,0.03103088803088805,0.08445302445302447,0.07732556502055234,-0.00712745943247213,0.04629467698966429
3144,0.031870012870012884,0.07556885456885455,0.06487698290690169,-0.01069187166195286,0.03300697003688881
3145,0.02963191763191765,0.0654079794079794,0.05668738587505433,-0.008720593532925078,0.027055468243136677
3146,0.02645045045045047,0.04904375804375808,0.03830605678546895,-0.010737701258289128,0.011855606335018483
3147,0.0314929214929215,0.0702200772200772,0.0600488773998234,-0.010171199820253801,0.028555955906901895
3148,0.03206949806949808,0.06562805662805658,0.051929913729354946,-0.013698142898701637,0.019860415659856863
3149,0.0282805662805663,0.0388777348777349,0.03186569483167655,-0.007012040046058356,0.0035851285511102476
3150,0.0300849420849421,0.058962676962676985,0.0492713718080219,-0.009691305154655085,0.019186429723079802
3151,0.027898326898326917,0.06596010296010299,0.05446398861220517,-0.011496114347897816,0.026565661713878256
3152,0.032940797940797954,0.05123037323037319,0.03960621627629077,-0.01162415695408242,0.006665418335492813
3153,0.0320875160875161,0.05088931788931787,0.04221625628750348,-0.008673061601814393,0.010128740199987378
3154,0.03027027027027029,0.05330888030888037,0.04068214795327422,-0.01262673235560615,0.010411877683003928
3155,0.030733590733590752,0.05448262548262551,0.043632260325884756,-0.010850365156740753,0.012898669592294004
3156,0.025298584298584312,0.06717889317889321,0.053012108763759176,-0.014166784415134033,0.027713524465174864
3157,0.029598455598455618,0.05263449163449162,0.0416852223020583,-0.010949269332433315,0.012086766703602685
3158,0.0303809523809524,0.08597940797940797,0.07489274519798728,-0.01108666278142069,0.04451179281703488
3159,0.03488931788931791,0.038000000000000034,0.031707076867013094,-0.00629292313298694,-0.003182241022304813
3160,0.024187902187902205,0.05590733590733593,0.04560837288952061,-0.01029896301781532,0.021420470701618406
3161,0.024913770913770932,0.044338481338481346,0.031053132367118937,-0.01328534897136241,0.006139361453348004
3162,0.03201673101673103,0.03988545688545687,0.03154157316493874,-0.008343883720518128,-0.0004751578517922933
3163,0.028930501930501944,0.04300128700128698,0.03527561920226954,-0.007725667799017434,0.006345117271767599
3164,0.033492921492921504,0.07543243243243243,0.06638264861459445,-0.009049783817837984,0.03288972712167294
3165,0.027272844272844286,0.05711454311454312,0.045600710480589446,-0.011513832633953676,0.01832786620774516
3166,0.029268983268983285,0.039745173745173785,0.03489396021610466,-0.004851213529069129,0.005624976947121371
3167,0.03332046332046334,0.05808622908622909,0.04705837180231672,-0.011027857283912368,0.013737908481853384
3168,0.0275842985842986,0.08446074646074647,0.07508575236319877,-0.009374994097547704,0.047501453778900166
3169,0.039831402831402844,0.05368854568854564,0.04384014441374018,-0.009848401274805463,0.004008741582337334
3170,0.02741827541827543,0.07755083655083653,0.06772772960166833,-0.0098231069491682,0.04030945418339289
3171,0.025473616473616494,0.04971943371943373,0.03738982717227001,-0.012329606547163717,0.011916210698653517
3172,0.02971042471042473,0.05308365508365508,0.040883016397805276,-0.012200638685849807,0.011172591687380547
3173,0.02759330759330761,0.07456885456885459,0.06220572827473007,-0.012363126294124525,0.03461242068142246
3174,0.02831145431145433,0.04095881595881595,0.03229346026723493,-0.008665355691581021,0.003982005955780601
3175,0.03325096525096527,0.043575289575289625,0.036898273353759746,-0.006677016221529879,0.003647308102794476
3176,0.028287001287001304,0.051761904761904766,0.04274795497629335,-0.009013949785611416,0.014460953689292046
3177,0.029903474903474923,0.06785199485199489,0.05836061869619387,-0.00949137615580102,0.028457143792718947
3178,0.034998712998713016,0.052679536679536655,0.04454260995001495,-0.008136926729521703,0.009543896951301936
3179,0.03072458172458174,0.04814285714285716,0.03804081210645647,-0.010102045036400692,0.00731623038187473
3180,0.027626769626769642,0.04612612612612613,0.032322917464268665,-0.013803208661857462,0.004696147837499023
3181,0.026718146718146735,0.041189189189189186,0.03015259037029384,-0.011036598818895346,0.003434443652147106
3182,0.022177606177606196,0.048974259974260005,0.04139324845448345,-0.007581011519776554,0.019215642276877255
3183,0.02897168597168599,0.09145688545688546,0.08538031643865773,-0.006076569018227729,0.05640863046697174
3184,0.031297297297297307,0.048357786357786356,0.037351268989557825,-0.011006517368228531,0.006053971692260518
3185,0.027508365508365527,0.05480308880308882,0.040837923173917504,-0.013965165629171314,0.013329557665551977
3186,0.030319176319176338,0.045743886743886714,0.04067361419968412,-0.005070272544202593,0.010354437880507782
3187,0.02876962676962679,0.04500257400257401,0.03302199358291876,-0.011980580419655246,0.0042523668132919724
3188,0.035124839124839144,0.05654311454311456,0.04552525666462955,-0.011017857878485006,0.010400417539790409
3189,0.029740025740025756,0.07221879021879025,0.062281883055620844,-0.00993690716316941,0.032541857315595085
3190,0.02643243243243245,0.07655855855855856,0.06607457526814262,-0.010483983290415944,0.039642142835710166
3191,0.02833333333333335,0.0802265122265122,0.06987552357965532,-0.010350988646856879,0.04154219024632197
3192,0.03010167310167312,0.028761904761904752,0.025180970139433965,-0.0035809346224707876,-0.004920702962239155
3193,0.030612612612612628,0.048590733590733626,0.03966504236456217,-0.008925691226171456,0.009052429751949542
3194,0.027432432432432447,0.04961647361647358,0.04195555257809189,-0.007660921038381695,0.01452312014565944
3195,0.024290862290862306,0.07415186615186617,0.06361990126686771,-0.010531964884998454,0.03932903897600541
3196,0.031200772200772213,0.07725096525096527,0.06700787346679213,-0.010243091784173139,0.035807101266019915
3197,0.032516087516087526,0.07767438867438865,0.06988521285508345,-0.007789175819305202,0.037369125338995925
3198,0.034722007722007744,0.07478893178893181,0.06404410388352914,-0.010744827905402668,0.0293220961615214
3199,0.033402831402831415,0.056683397683397696,0.04429561104916534,-0.012387786634232359,0.010892779646333922
3200,0.03551608751608754,0.06193307593307593,0.053248686659458665,-0.008684389273617268,0.017732599143371122
3201,0.027361647361647378,0.06839897039897042,0.060512707677384,-0.007886262721586414,0.03315106031573663
3202,0.028861003861003872,0.04069884169884169,0.033249493433853944,-0.0074493482649877485,0.004388489572850072
3203,0.027960102960102977,0.06964221364221364,0.05721475553277135,-0.012427458109442291,0.02925465257266837
3204,0.032702702702702716,0.06926383526383527,0.05662965665089871,-0.012634178612936559,0.023926953948195995
3205,0.037969111969111985,0.059921492921492944,0.05171582292937508,-0.008205669992117866,0.013746710960263094
3206,0.026602316602316625,0.0667760617760618,0.05454997129696026,-0.012226090479101538,0.027947654694643633
3207,0.026342342342342357,0.057141570141570175,0.0478989428977488,-0.009242627243821376,0.021556600555406442
3208,0.03125740025740027,0.07204375804375808,0.05865853132925993,-0.013385226714498148,0.02740113107185966
3209,0.02942471042471044,0.07272972972972973,0.06262569446238028,-0.010104035267349445,0.03320098403766984
3210,0.027416988416988437,0.0375649935649936,0.030014293869496445,-0.007550699695497154,0.002597305452508008
3211,0.02796525096525098,0.05292664092664095,0.04330459415766205,-0.009622046768978897,0.015339343192411072
3212,0.027447876447876468,0.06292277992277993,0.05001023260342518,-0.012912547319354754,0.02256235615554871
3213,0.02704504504504506,0.08353539253539254,0.07278136100489577,-0.010754031530496769,0.045736315959850705
3214,0.024617760617760637,0.05960875160875165,0.04854838932561415,-0.011060362283137497,0.023930628707853514
3215,0.03453539253539255,0.039861003861003885,0.03647007567354264,-0.0033909281874612424,0.001934683138150095
3216,0.028970398970398985,0.03403732303732304,0.03454534052487495,0.0005080174875519081,0.005574941554475965
3217,0.028851994851994866,0.057418275418275384,0.04429752262807616,-0.013120752790199225,0.015445527776081294
3218,0.030925353925353942,0.08583397683397687,0.07512603406572997,-0.010707942768246895,0.04420068014037603
3219,0.03061132561132563,0.061625482625482654,0.04786061584845012,-0.013764866777032536,0.017249290237124487
3220,0.024315315315315333,0.05462805662805664,0.04497885708208977,-0.009649199545966873,0.020663541766774436
3221,0.03275933075933078,0.07205148005148006,0.06076105656934649,-0.01129042348213357,0.028001725810015705
3222,0.025245817245817263,0.04837709137709138,0.039282712927039345,-0.009094378450052037,0.014036895681222083
3223,0.029939510939510958,0.04230888030888031,0.03472566435696261,-0.007583215951917702,0.004786153417451651
3224,0.0292870012870013,0.04303603603603604,0.03627301305953117,-0.0067630229765048705,0.00698601177252987
3225,0.02621879021879023,0.0390617760617761,0.03716706671796702,-0.0018947093438090798,0.010948276499176787
3226,0.030528957528957547,0.03597039897039899,0.02996104492022527,-0.006009354050173721,-0.0005679126087322767
3227,0.027715572715572734,0.05468854568854574,0.04205099426874457,-0.01263755141980117,0.014335421553171836
3228,0.027908622908622928,0.06578120978120981,0.052778647633802564,-0.013002562147407248,0.024870024725179636
3229,0.026787644787644803,0.05507207207207213,0.0444776087819778,-0.010594463290094336,0.017689963994332994
3230,0.03074002574002576,0.07407335907335907,0.06469470521872608,-0.00937865385463299,0.033954679478700324
3231,0.023097812097812115,0.056401544401544414,0.0448469708701743,-0.011554573531370113,0.021749158772362186
3232,0.028727155727155743,0.07981981981981985,0.0691462464500867,-0.010673573369733153,0.040419090722930956
3233,0.030437580437580457,0.094007722007722,0.08768665102946022,-0.006321070978261789,0.05724907059187976
3234,0.03144015444015445,0.060855855855855866,0.05129604054780712,-0.009559815308048746,0.019855886107652668
3235,0.027296010296010313,0.06626769626769627,0.055255812395162515,-0.011011883872533754,0.027959802099152203
3236,0.02589189189189191,0.06165508365508363,0.052228098997179936,-0.009426984657903696,0.026336207105288025
3237,0.03950965250965252,0.051355212355212364,0.04006594380192931,-0.011289268553283056,0.0005562912922767865
3238,0.02867310167310169,0.04229601029601033,0.03995668774093902,-0.002339322555071306,0.011283586067837335
3239,0.026262548262548282,0.061029601029601005,0.050177861735915874,-0.010851739293685131,0.023915313473367592
3240,0.032988416988417,0.0438880308880309,0.03339259714602435,-0.010495433742006552,0.0004041801576073478
3241,0.02752895752895755,0.054996138996139025,0.04061640065420545,-0.014379738341933575,0.0130874431252479
3242,0.029395109395109413,0.07348906048906052,0.06411155085347572,-0.0093775096355848,0.03471644145836631
3243,0.032691119691119715,0.052564993564993556,0.043229427116235605,-0.009335566448757951,0.01053830742511589
3244,0.03061776061776063,0.049195624195624225,0.0395988978970324,-0.009596726298591825,0.008981137279271769
3245,0.03241312741312743,0.05076190476190478,0.041720476808308385,-0.009041427953596394,0.009307349395180957
3246,0.02360360360360362,0.05817374517374519,0.04525271897209288,-0.012921026201652308,0.021649115368489263
3247,0.0307812097812098,0.05265508365508367,0.045248620281113726,-0.007406463373969947,0.014467410499903927
3248,0.02741055341055343,0.08718146718146719,0.07894894356163283,-0.008232523619834356,0.0515383901510794
3249,0.024047619047619064,0.05493436293436297,0.04534778392241138,-0.00958657901195159,0.021300164874792315
3250,0.027489060489060503,0.07994208494208493,0.06888477925839606,-0.011057305683688873,0.04139571876933556
3251,0.02652638352638355,0.06305019305019306,0.052924903478717436,-0.010125289571475626,0.026398519952333888
3252,0.026607464607464625,0.0499240669240669,0.03904723052941181,-0.010876836394655094,0.012439765921947184
3253,0.03619433719433721,0.06444144144144141,0.05228429081185262,-0.012157150629588796,0.016089953617515404
3254,0.029445302445302465,0.04135649935649935,0.03234450591941707,-0.009011993437082276,0.002899203474114608
3255,0.027186615186615203,0.054249678249678246,0.04252408753581843,-0.011725590713859813,0.01533747234920323
3256,0.024696267696267715,0.06642599742599746,0.05495584622159422,-0.011470151204403242,0.030259578525326503
3257,0.027289575289575308,0.050958815958815976,0.042919433763732424,-0.008039382195083551,0.015629858474157116
3258,0.03467438867438869,0.07214157014157015,0.06233087001650207,-0.00981070012506808,0.027656481342113376
3259,0.03395366795366797,0.05101673101673098,0.04169504761026998,-0.009321683406461001,0.0077413796566020085
3260,0.033262548262548285,0.06726254826254827,0.05643195503035226,-0.010830593232196005,0.023169406767803977
3261,0.02610296010296012,0.06677606177606181,0.05225445875960643,-0.01452160301645538,0.02615149865664631
3262,0.038819819819819835,0.06550064350064351,0.05405019912637159,-0.011450444374271923,0.015230379306551751
3263,0.03001801801801804,0.049517374517374514,0.03862796677825178,-0.010889407739122732,0.008609948760233743
3264,0.026671814671814686,0.04789189189189189,0.0384440795190123,-0.009447812372879595,0.011772264847197612
3265,0.025432432432432452,0.051750321750321786,0.040167265804251596,-0.01158305594607019,0.014734833371819144
3266,0.031564993564993586,0.04597940797940801,0.03881613234996591,-0.007163275629442106,0.0072511387849723205
3267,0.029559845559845577,0.07077348777348781,0.06266110380520087,-0.008112383968286938,0.0331012582453553
3268,0.02520334620334622,0.07138867438867441,0.05886114877742719,-0.012527525611247224,0.033657802574080964
3269,0.026693693693693715,0.04634234234234237,0.037460552491019136,-0.008881789851323235,0.010766858797325422
3270,0.024849420849420864,0.05769755469755471,0.04705102409660212,-0.010646530600952588,0.022201603247181255
3271,0.033111969111969126,0.05152123552123549,0.039906623591956014,-0.011614611929279477,0.006794654479986888
3272,0.02927799227799229,0.05145045045045049,0.04080135719468136,-0.010649093255769133,0.011523364916689066
3273,0.025559845559845577,0.06682368082368084,0.05396828477759761,-0.012855396046083233,0.028408439217752032
3274,0.03457400257400259,0.06368854568854568,0.05155520048396191,-0.01213334520458377,0.01698119790995932
3275,0.028234234234234254,0.04241827541827542,0.03372403681046757,-0.008694238607807853,0.005489802576233313
3276,0.028487773487773507,0.05959974259974262,0.04727495920307664,-0.012324783396665984,0.01878718571530313
3277,0.02802059202059204,0.08802574002574007,0.0791454588989464,-0.008880281126793663,0.051124866878354366
3278,0.02301415701415703,0.07645431145431146,0.06652879448027285,-0.009925516974038609,0.04351463746611582
3279,0.031377091377091396,0.045812097812097864,0.03480170472018755,-0.011010393091910313,0.0034246133430961556
3280,0.031357786357786376,0.03542857142857144,0.03361924079938262,-0.001809330629188824,0.0022614544415962418
3281,0.027539253539253555,0.04802059202059205,0.03551866957853687,-0.012501922442055183,0.007979416039283312
3282,0.026728442728442745,0.05855083655083657,0.04682932936442966,-0.01172150718640691,0.020100886635986918
3283,0.033441441441441455,0.04699356499356504,0.03653079082223724,-0.0104627741713278,0.003089349380795782
3284,0.04029987129987132,0.04102702702702705,0.03696372754493508,-0.00406329948209197,-0.003336143754936245
3285,0.026621621621621638,0.08722136422136421,0.07433505069548016,-0.012886313525884055,0.04771342907385852
3286,0.028344916344916364,0.051924066924066974,0.03936651473296029,-0.012557552191106686,0.011021598388043924
3287,0.029594594594594615,0.06762419562419565,0.05676293703994422,-0.01086125858425143,0.027168342445349606
3288,0.029209781209781228,0.04673745173745176,0.03660184877565944,-0.01013560296179232,0.007392067565878211
3289,0.026516087516087538,0.07130630630630631,0.0641593676979894,-0.007146938608316916,0.037643280181901856
3290,0.03764864864864867,0.053916344916344915,0.040711275083072804,-0.013205069833272111,0.0030626264344241344
3291,0.025397683397683418,0.06786229086229084,0.05645465182614481,-0.011407639036146035,0.03105696842846139
3292,0.030952380952380967,0.08376190476190476,0.07464276115538576,-0.009119143606518998,0.043690380203004794
3293,0.03385714285714287,0.0786769626769627,0.06867703562194989,-0.009999927055012806,0.03481989276480702
3294,0.032384813384813395,0.08489189189189188,0.07581409735442848,-0.009077794537463393,0.04342928396961509
3295,0.03532947232947234,0.05787644787644792,0.047678537040526575,-0.010197910835921344,0.012349064711054236
3296,0.02995238095238097,0.052467181467181455,0.043415490220510285,-0.00905169124667117,0.013463109268129315
3297,0.030122265122265138,0.044084942084942104,0.03543520932008073,-0.008649732764861376,0.00531294419781559
3298,0.032888030888030904,0.05345173745173744,0.039948985427975356,-0.013502752023762082,0.0070609545399444515
3299,0.027406692406692426,0.06061776061776061,0.04899609577349047,-0.011621664844270144,0.021589403366798043
3300,0.027760617760617775,0.08525225225225222,0.07501962566040067,-0.010232626591851549,0.04725900789978289
3301,0.027108108108108125,0.051175032175032144,0.04171731523062803,-0.009457716944404115,0.014609207122519903
3302,0.03459845559845562,0.03925225225225227,0.03674322707532018,-0.002509025176932092,0.0021447714768645584
3303,0.03289832689832692,0.05859459459459462,0.049057691018412064,-0.00953690357618256,0.016159364120085146
3304,0.03285585585585587,0.04779536679536681,0.038730830480547346,-0.009064536314819467,0.005874974624691477
3305,0.022410553410553424,0.0475598455598456,0.03705345703405085,-0.010506388525794746,0.014642903623497426
3306,0.033046332046332054,0.04290218790218794,0.03525487394222424,-0.007647313959963695,0.002208541895892188
3307,0.024393822393822408,0.0760527670527671,0.06304633657618373,-0.01300643047658337,0.038652514182361326
3308,0.0351801801801802,0.047640926640926645,0.03837363881119687,-0.009267287829729777,0.0031934586310166657
3309,0.03009652509652511,0.055984555984556025,0.04640142197448476,-0.009583134010071263,0.016304896877959652
3310,0.03232303732303734,0.0458751608751609,0.03504201397620642,-0.010833146898954482,0.0027189766531690793
3311,0.0320772200772201,0.04667310167310166,0.036971747013159785,-0.009701354659941874,0.004894526935939683
3312,0.02825482625482627,0.03806306306306307,0.03364988139314951,-0.004413181669913557,0.005395055138323241
3313,0.031262548262548276,0.038751608751608775,0.029916616331089437,-0.008834992420519338,-0.0013459319314588387
3314,0.028159588159588175,0.0551827541827542,0.04451666596423913,-0.010666088218515071,0.016357077804650955
3315,0.027386100386100398,0.08184684684684684,0.0721877930752763,-0.009659053771570544,0.0448016926891759
3316,0.032817245817245835,0.04028700128700132,0.033725366821885885,-0.006561634465115436,0.0009081210046400501
3317,0.02761518661518663,0.051100386100386114,0.03896453990916567,-0.012135846191220441,0.011349353293979042
3318,0.029184041184041196,0.0471750321750322,0.03823571051428962,-0.008939321660742586,0.00905166933024842
3319,0.02710810810810813,0.049137709137709186,0.03706792358146368,-0.012069785556245508,0.00995981547335555
3320,0.03285585585585587,0.060303732303732316,0.050199161385791995,-0.010104570917940321,0.017343305529936126
3321,0.03066409266409268,0.07122779922779923,0.06054410041815769,-0.01068369880964154,0.029880007754065012
3322,0.0330849420849421,0.05365122265122267,0.04148493598406196,-0.012166286667160714,0.008399993899119856
3323,0.024755469755469772,0.043567567567567564,0.03355920983787882,-0.010008357729688742,0.00880374008240905
3324,0.027715572715572737,0.051472329472329444,0.03998383359311233,-0.01148849587921711,0.012268260877539596
3325,0.026667953667953683,0.0550849420849421,0.04365741011507223,-0.01142753196986987,0.016989456447118547
3326,0.029916344916344935,0.06264864864864864,0.05157800524006293,-0.011070643408585705,0.021661660323717996
3327,0.02334234234234236,0.05059459459459461,0.038374656155003725,-0.012219938439590884,0.015032313812661364
3328,0.03440797940797942,0.042698841698841715,0.03384149129223154,-0.008857350406610176,-0.0005664881157478804
3329,0.03191119691119693,0.05825096525096526,0.04648922428294462,-0.011761740968020636,0.014578027371747689
3330,0.029559845559845577,0.06805019305019307,0.058456816708679714,-0.009593376341513353,0.028896971148834136
3331,0.03665508365508367,0.06831274131274132,0.05602309762939526,-0.012289643683346056,0.019368013974311586
3332,0.03203732303732305,0.0682046332046332,0.05696479585250067,-0.011239837352132527,0.024927472815177626
3333,0.03915830115830117,0.06837709137709135,0.059087035827974026,-0.00929005554911732,0.019928734669672855
3334,0.02586872586872589,0.07459073359073358,0.06413739292441217,-0.010453340666321406,0.03826866705568628
3335,0.029723294723294748,0.061593307593307646,0.04951298118516326,-0.012080326408144389,0.01978968646186851
3336,0.02951480051480053,0.039544401544401545,0.02773034835901472,-0.011814053185386825,-0.0017844521557858102
3337,0.029020592020592036,0.0443552123552124,0.0320679274610837,-0.012287284894128697,0.0030473354404916657
3338,0.025119691119691135,0.0753166023166023,0.06458976068972903,-0.010726841626873262,0.0394700695700379
3339,0.030577863577863594,0.06842599742599739,0.060670440495000026,-0.007755556930997366,0.030092576917136432
3340,0.03431917631917634,0.07086486486486487,0.05993877945193968,-0.010926085412925196,0.02561960313276334
3341,0.033075933075933095,0.04691763191763194,0.03486774110354475,-0.012049890814087187,0.001791808027611655
3342,0.029633204633204648,0.05509137709137708,0.04383917176428021,-0.011252205327096872,0.014205967131075563
3343,0.029667953667953693,0.05296653796653799,0.045430346779401984,-0.007536191187136006,0.01576239311144829
3344,0.032314028314028326,0.03794208494208497,0.031810289463371486,-0.006131795478713488,-0.0005037388506568402
3345,0.030256113256113274,0.06006306306306306,0.047255566745441846,-0.012807496317621216,0.016999453489328572
3346,0.02900257400257402,0.03715186615186617,0.02912381546925122,-0.008028050682614953,0.00012124146667719798
3347,0.03185456885456887,0.07150193050193052,0.060466970586412844,-0.011034959915517673,0.028612401731843977
3348,0.024519948519948542,0.06823166023166023,0.053526414012986454,-0.014705246218673779,0.02900646549303791
3349,0.0225855855855856,0.034733590733590745,0.0360294883471158,0.0012958976135250544,0.0134439027615302
3350,0.031054054054054064,0.0609369369369369,0.051769272931247404,-0.009167664005689496,0.02071521887719334
3351,0.03203474903474906,0.047043758043758065,0.03921684788175032,-0.007826910162007747,0.007182098847001259
3352,0.02804247104247106,0.06196010296010296,0.05236148259660982,-0.00959862036349314,0.024319011554138757
3353,0.031535392535392545,0.050921492921492936,0.041483400607796095,-0.009438092313696841,0.00994800807240355
3354,0.023097812097812115,0.03949163449163451,0.03357615856808127,-0.005915475923553237,0.010478346470269156
3355,0.030087516087516104,0.041110682110682126,0.03432873510317405,-0.006781947007508074,0.004241219015657948
3356,0.03379279279279281,0.046644787644787675,0.03529147807749372,-0.011353309567293954,0.0014986852847009083
3357,0.029220077220077238,0.08601158301158297,0.07941684758929544,-0.006594735422287529,0.050196770369218206
3358,0.02732561132561134,0.05812355212355212,0.044570637825639574,-0.013552914297912548,0.017245026500028234
3359,0.030741312741312754,0.05515701415701419,0.04713833630907769,-0.0080186778479365,0.016397023567764936
3360,0.025588159588159607,0.0663938223938224,0.0559631334256453,-0.010430688968177095,0.030374973837485695
3361,0.032980694980695,0.05786100386100388,0.04564365692818434,-0.01221734693281954,0.012662961947489337
3362,0.027985842985843,0.06632303732303733,0.05723379387494873,-0.009089243448088605,0.02924795088910573
3363,0.027711711711711728,0.045298584298584306,0.03360545653234809,-0.011693127766236218,0.00589374482063636
3364,0.03014285714285716,0.06929601029601032,0.05673283039785434,-0.01256317989815598,0.02658997325499718
3365,0.026105534105534123,0.041531531531531544,0.03409556128979401,-0.007435970241737533,0.007990027184259889
3366,0.024715572715572735,0.04641184041184044,0.03575611873383325,-0.010655721678007192,0.011040546018260513
3367,0.028801801801801818,0.061812097812097844,0.051331143928516544,-0.0104809538835813,0.022529342126714726
3368,0.03225482625482627,0.04386486486486485,0.036680710306816494,-0.007184154558048356,0.004425884051990223
3369,0.028718146718146736,0.06659202059202057,0.055549350541202795,-0.011042670050817778,0.02683120382305606
3370,0.030095238095238112,0.0461685971685972,0.03420696502212994,-0.011961632146467255,0.00411172692689183
3371,0.031203346203346218,0.05655469755469754,0.04544232710981055,-0.011112370444886992,0.014238980906464329
3372,0.03204890604890606,0.07920592020592018,0.06701295637949477,-0.012192963826425415,0.034964050330588706
3373,0.023670527670527686,0.05445945945945947,0.0448730610029697,-0.009586398456489773,0.021202533332442014
3374,0.028096525096525108,0.05845688545688546,0.04704152797015653,-0.011415357486728929,0.018945002873631423
3375,0.03119176319176321,0.05525611325611328,0.04341205730095764,-0.011844055955155641,0.012220294109194427
3376,0.028635778635778653,0.04655598455598455,0.03418981502519962,-0.012366169530784933,0.005554036389420966
3377,0.0317876447876448,0.04454826254826255,0.038873206149945876,-0.005675056398316676,0.007085561362301075
3378,0.030509652509652527,0.06745688545688545,0.05666596660170894,-0.010790918855176516,0.02615631409205641
3379,0.030344916344916366,0.07578120978120978,0.06638701501402457,-0.009394194767185213,0.0360420986691082
3380,0.028405405405405426,0.06262033462033464,0.05066567907476004,-0.011954655545574608,0.02226027366935461
3381,0.030622908622908642,0.03842985842985847,0.03142352760056291,-0.007006330829295561,0.0008006189776542695
3382,0.030517374517374535,0.08355469755469755,0.07228140001723744,-0.011273297537460106,0.04176402549986291
3383,0.03259588159588161,0.05841441441441439,0.04846586856892467,-0.009948545845489723,0.01586998697304306
3384,0.027963963963963983,0.05792535392535392,0.04882959776920233,-0.009095756156151588,0.020865633805238346
3385,0.030536679536679556,0.08297168597168594,0.07446040493559222,-0.00851128103609372,0.043923725398912664
3386,0.033214929214929224,0.0783371943371943,0.0675138992733155,-0.010823295063878802,0.03429897005838627
3387,0.029441441441441462,0.04899099099099099,0.04094281044033696,-0.008048180550654031,0.011501368998895495
3388,0.026985842985843,0.06033462033462034,0.051397419726945524,-0.008937200607674813,0.024411576741102524
3389,0.027225225225225243,0.05064864864864865,0.03887631563838376,-0.011772333010264896,0.011651090413158514
3390,0.034355212355212376,0.06809137709137707,0.05620083478481523,-0.011890542306561835,0.021845622429602855
3391,0.034606177606177624,0.04793822393822396,0.035192831111654416,-0.012745392826569543,0.0005866535054767918
3392,0.03069111969111971,0.06700900900900902,0.05725253266690819,-0.009756476342100834,0.02656141297578848
3393,0.029211068211068225,0.05186615186615184,0.043399382517460346,-0.008466769348691491,0.01418831430639212
3394,0.03192020592020594,0.061876447876447895,0.04843579263681854,-0.013440655239629354,0.0165155867166126
3395,0.028851994851994873,0.049226512226512205,0.039942048918308805,-0.0092844633082034,0.011090054066313932
3396,0.03314157014157016,0.044104247104247124,0.03190501218961535,-0.012199234914631776,-0.0012365579519548128
3397,0.028324324324324343,0.041915057915057945,0.0340020781489478,-0.007912979766110148,0.0056777538246234535
3398,0.03193564993564995,0.055693693693693716,0.043675680639640405,-0.012018013054053311,0.011740030703990455
3399,0.036064350064350076,0.08348391248391251,0.07320439846551727,-0.010279514018395247,0.03714004840116719
3400,0.03197812097812099,0.07162676962676964,0.0633165281211374,-0.00831024150563224,0.03133840714301641
3401,0.025517374517374538,0.05327155727155729,0.040429186195712445,-0.012842371075844843,0.014911811678337907
3402,0.028196911196911215,0.06550707850707853,0.054878217204961825,-0.010628861302116703,0.02668130600805061
3403,0.03530115830115832,0.04827670527670532,0.03866490296790903,-0.00961180230879629,0.003363744666750712
3404,0.03363706563706566,0.03743371943371945,0.030926494892097412,-0.006507224541622041,-0.0027105707449682458
3405,0.02934749034749037,0.05546846846846845,0.04662910758450846,-0.008839360883959993,0.01728161723701809
3406,0.03364092664092666,0.06036679536679539,0.05088425518765442,-0.009482540179140964,0.017243328546727762
3407,0.027526383526383542,0.06580566280566286,0.053167218082072185,-0.012638444723590672,0.025640834555688642
3408,0.024935649935649958,0.07809909909909912,0.06666775996972232,-0.0114313391293768,0.041732110034072366
3409,0.03199742599742602,0.04042857142857145,0.033820858986566914,-0.006607712442004539,0.001823432989140894
3410,0.024212355212355232,0.0806602316602317,0.06838097644225873,-0.012279255217972976,0.04416862122990349
3411,0.027960102960102977,0.05301415701415706,0.044432392119764116,-0.00858176489439294,0.01647228915966114
3412,0.024684684684684703,0.05975804375804375,0.04888508558915148,-0.01087295816889227,0.024200400904466776
3413,0.021822393822393843,0.05754311454311453,0.04276208739260118,-0.014781027150513354,0.020939693570207335
3414,0.032719433719433734,0.042057915057915105,0.029447414876056635,-0.01261050018185847,-0.003272018843377099
3415,0.03221750321750323,0.06489703989703992,0.051907270972493605,-0.012989768924546313,0.019689767754990373
3416,0.02999099099099101,0.08010810810810812,0.07033587742611518,-0.009772230681992941,0.04034488643512417
3417,0.03225740025740027,0.06544916344916347,0.05102049718552213,-0.014428666263641345,0.018763096928121857
3418,0.03005148005148007,0.06368468468468469,0.054782232145646655,-0.008902452539038035,0.024730752094166586
3419,0.031239382239382257,0.047332046332046324,0.03864123687479415,-0.008690809457252174,0.007401854635411893
3420,0.02896653796653798,0.05714671814671812,0.04868886559305911,-0.008457852553659016,0.019722327626521128
3421,0.02890090090090092,0.06424324324324325,0.051745365599420334,-0.012497877643822916,0.022844464698519414
3422,0.027601029601029618,0.0662586872586873,0.052339637596766256,-0.013919049661921049,0.024738607995736638
3423,0.02617374517374519,0.0522895752895753,0.039633771816370324,-0.012655803473204975,0.013460026642625134
3424,0.02589832689832691,0.05350836550836552,0.04099501293011274,-0.012513352578252777,0.015096686031785832
3425,0.029664092664092673,0.054392535392535385,0.04285730038027428,-0.011535235012261107,0.013193207716181606
3426,0.03212355212355214,0.04328314028314029,0.03529882111880213,-0.007984319164338158,0.0031752689952499885
3427,0.03596138996138998,0.07871557271557275,0.06838177718222503,-0.01033379553334772,0.032420387220835054
3428,0.032580437580437605,0.05488545688545691,0.04434898827107895,-0.010536468614377958,0.011768550690641345
3429,0.027458172458172475,0.06081081081081085,0.049850097004394064,-0.010960713806416784,0.02239192454622159
3430,0.02582239382239384,0.06254311454311456,0.051185446599244844,-0.01135766794386972,0.025363052776851004
3431,0.028575289575289594,0.05985585585585585,0.04690644508478154,-0.01294941077107431,0.018331155509491947
3432,0.030543114543114556,0.04012355212355213,0.031634381125342045,-0.008489170998210081,0.001091266582227489
3433,0.02609909909909912,0.05878378378378379,0.04567520581040511,-0.01310857797337868,0.01957610671130599
3434,0.030516087516087528,0.04472586872586875,0.033463789172568446,-0.011262079553300303,0.0029477016564809187
3435,0.027041184041184056,0.06862290862290862,0.05769601027838271,-0.010926898344525912,0.030654826237198656
3436,0.03077091377091379,0.05530888030888034,0.04198194294028987,-0.013326937368590475,0.011211029169376076
3437,0.02436293436293438,0.04676190476190477,0.03963853289230808,-0.00712337186959669,0.015275598529373699
3438,0.03432432432432434,0.061837837837837875,0.04994197449963434,-0.011895863338203534,0.01561765017531
3439,0.030476190476190497,0.03812226512226513,0.029371601902448443,-0.008750663219816688,-0.001104588573742054
3440,0.029196911196911216,0.06722265122265124,0.05806407451847851,-0.009158576704172729,0.028867163321567295
3441,0.03534491634491636,0.07701029601029602,0.06484340866716172,-0.0121668873431343,0.029498492322245357
3442,0.03294208494208496,0.04300772200772205,0.03368046826138345,-0.009327253746338603,0.0007383833192984857
3443,0.02667438867438869,0.06774903474903475,0.05579943132581478,-0.011949603423219969,0.02912504265142609
3444,0.03195752895752898,0.04303989703989704,0.031897717720592404,-0.011142179319304633,-5.981123693657442e-05
3445,0.02973101673101675,0.04947232947232947,0.03697405190654553,-0.012498277565783943,0.007243035175528777
3446,0.02830373230373232,0.05330630630630632,0.04140683446814046,-0.011899471838165858,0.013103102164408142
3447,0.024119691119691138,0.04959073359073359,0.040957083545725165,-0.008633650045008427,0.016837392426034027
3448,0.029643500643500662,0.04770398970398975,0.03688767409826078,-0.010816315605728974,0.007244173454760115
3449,0.03199742599742601,0.07457657657657653,0.06654256685372219,-0.00803400972285434,0.034545140856296175
3450,0.028917631917631935,0.0535971685971686,0.044712194418216465,-0.008884974178952135,0.01579456250058453
3451,0.029804375804375824,0.0768030888030888,0.06510828787128714,-0.011694800931801655,0.03530391206691132
3452,0.024311454311454327,0.054567567567567546,0.04357516681871839,-0.010992400748849156,0.019263712507264063
3453,0.028335907335907354,0.07974002574002573,0.0702115359000695,-0.00952848983995623,0.041875628564162146
3454,0.027935649935649957,0.061747747747747765,0.051275161223376185,-0.01047258652437158,0.02333951128772623
3455,0.030087516087516097,0.06397425997426,0.05434931198749337,-0.009624947986766628,0.024261795899977272
3456,0.03153153153153155,0.08004633204633203,0.06943136008006186,-0.010614971966270176,0.03789982854853031
3457,0.025276705276705294,0.08719562419562416,0.07508284032916575,-0.012112783866458407,0.049806135052460454
3458,0.028208494208494226,0.03990733590733592,0.03492350767045449,-0.004983828236881427,0.006715013461960264
3459,0.028162162162162177,0.048824967824967834,0.036249957647516415,-0.01257501017745142,0.008087795485354238
3460,0.02946332046332048,0.060993564993564994,0.047607945754619845,-0.01338561923894515,0.018144625291299364
3461,0.03201673101673103,0.06945173745173747,0.059700089295474705,-0.009751648156262761,0.027683358278743672
3462,0.027531531531531553,0.05879665379665379,0.04651348709676344,-0.012283166699890352,0.018981955565231884
3463,0.024929214929214946,0.057123552123552114,0.04575329743794298,-0.011370254685609135,0.020824082508728033
3464,0.028689832689832703,0.06099613899613902,0.04840273855964971,-0.012593400436489308,0.019712905869817006
3465,0.030015444015444034,0.06402831402831403,0.05198672869752296,-0.012041585330791076,0.021971284682078925
3466,0.03407464607464609,0.06736679536679539,0.054534234860954434,-0.01283256050584096,0.020459588786308346
3467,0.02619948519948522,0.07511711711711712,0.06311364872161473,-0.012003468395502384,0.03691416352212951
3468,0.029588159588159614,0.07309781209781213,0.06072623861800977,-0.012371573479802361,0.031138079029850156
3469,0.030849420849420866,0.07076447876447878,0.061397445160449544,-0.009367033604029233,0.03054802431102868
3470,0.031060489060489076,0.06579021879021882,0.053134770857368174,-0.012655447932850644,0.0220742817968791
3471,0.030803088803088817,0.0408854568854569,0.030347900549459857,-0.010537556335997046,-0.0004551882536289603
3472,0.030431145431145445,0.06422393822393822,0.05015824245600093,-0.014065695767937293,0.019727097024855485
3473,0.03258815958815961,0.07637065637065638,0.06688509204654748,-0.009485564324108894,0.03429693245838787
3474,0.027254826254826274,0.061057915057915066,0.04867207602091546,-0.012385839036999607,0.021417249766089184
3475,0.02523423423423425,0.035979407979407976,0.030878621137762737,-0.005100786841645239,0.005644386903528486
3476,0.03812612612612615,0.058150579150579154,0.04843586429858693,-0.009714714851992226,0.01030973817246078
3477,0.03251866151866154,0.05697297297297299,0.04770452469143859,-0.009268448281534399,0.01518586317277705
3478,0.031230373230373244,0.05769498069498072,0.04782298704288956,-0.009871993652091161,0.016592613812516314
3479,0.029199485199485214,0.06135392535392536,0.0508110045674759,-0.010542920786449458,0.021611519367990686
3480,0.029602316602316617,0.06705662805662804,0.05818051987707986,-0.008876108179548182,0.028578203274763243
3481,0.02385971685971688,0.04637580437580435,0.03793868323620087,-0.00843712113960348,0.014078966376483992
3482,0.03070913770913773,0.06254054054054055,0.05040909478720342,-0.012131445753337126,0.019699957078065693
3483,0.032118404118404144,0.05196911196911198,0.041475014477221,-0.010494097491890973,0.00935661035881686
3484,0.024379665379665398,0.05663320463320463,0.044408578901890754,-0.012224625731313873,0.020028913522225356
3485,0.028467181467181482,0.06807207207207205,0.05603608980905145,-0.012035982263020606,0.027568908341869966
3486,0.03041956241956244,0.034777348777348796,0.03433506507748957,-0.0004422836998592278,0.003915502657927127
3487,0.029034749034749053,0.062010296010295986,0.050648453474773036,-0.01136184253552295,0.021613704440023983
3488,0.029020592020592043,0.07083783783783784,0.05730813566269318,-0.01352970217514466,0.028287543642101138
3489,0.027684684684684702,0.07164864864864867,0.06131099744051572,-0.010337651208132952,0.033626312755831014
3490,0.024302445302445318,0.046474903474903455,0.0363558557589507,-0.010119047715952754,0.012053410456505383
3491,0.031487773487773506,0.07110038610038612,0.06069098328436225,-0.010409402816023865,0.029203209796588747
3492,0.030862290862290878,0.06220720720720722,0.05204220634427348,-0.010165000862933739,0.0211799154819826
3493,0.02896653796653798,0.053510939510939506,0.041499572638771874,-0.012011366872167632,0.012533034672233895
3494,0.027638352638352653,0.04892020592020599,0.04009523521431058,-0.008824970705895406,0.01245688257595793
3495,0.027648648648648667,0.060840411840411876,0.0490557785774771,-0.011784633262934774,0.021407129928828435
3496,0.027078507078507095,0.05072329472329474,0.04022456977535493,-0.010498724947939811,0.013146062696847833
3497,0.02740283140283142,0.062102960102960056,0.050983055379372796,-0.01111990472358726,0.023580223976541376
3498,0.0306795366795367,0.053580437580437595,0.04247687340774106,-0.011103564172696534,0.01179733672820436
3499,0.02906949806949809,0.063949806949807,0.054833816904347896,-0.0091159900454591,0.025764318834849805
3500,0.030236808236808247,0.05690347490347491,0.0477211724169576,-0.009182302486517309,0.017484364180149353
3501,0.027312741312741334,0.05184555984555984,0.03819115140259645,-0.013654408442963388,0.010878410089855114
3502,0.030401544401544415,0.06737966537966542,0.05781691900440933,-0.009562746375256087,0.027415374602864914
3503,0.027776061776061792,0.05594337194337197,0.0436400648347912,-0.012303307108580769,0.01586400305872941
3504,0.029873873873873896,0.06807335907335904,0.056865651229359056,-0.011207707843999985,0.02699177735548516
3505,0.029961389961389983,0.05893050193050191,0.047131648586356975,-0.011798853344144933,0.017170258624966992
3506,0.024535392535392556,0.04474903474903476,0.033321038558220176,-0.011427996190814582,0.00878564602282762
3507,0.03005534105534107,0.035310167310167305,0.029206284517604868,-0.006103882792562437,-0.0008490565377362036
3508,0.029776061776061798,0.065019305019305,0.05580522674602683,-0.009214078273278171,0.026029164969965032
3509,0.03130759330759333,0.05447876447876449,0.043930563483153065,-0.010548200995611427,0.012622970175559738
3510,0.03176705276705278,0.06025096525096525,0.04949621022421396,-0.010754755026751293,0.01772915745716118
3511,0.03137323037323039,0.04459459459459461,0.03509937670981448,-0.009495217884780131,0.0037261463365840866
3512,0.02812355212355214,0.049422136422136435,0.03886937830242839,-0.010552758119708044,0.01074582617887625
3513,0.02510939510939513,0.0596795366795367,0.0487814645793925,-0.0108980721001442,0.02367206946999737
3514,0.02836808236808238,0.041992277992278,0.03632419294788547,-0.005668085044392528,0.00795611057980309
3515,0.028277992277992298,0.06641827541827544,0.05596500770002696,-0.010453267718248484,0.02768701542203466
3516,0.035939510939510956,0.056329472329472295,0.04483086437506481,-0.011498607954407485,0.008891353435553855
3517,0.02845302445302447,0.06651737451737452,0.055818750981682076,-0.010698623535692446,0.027365726528657607
3518,0.02324195624195626,0.08121106821106823,0.07463242251697293,-0.006578645694095303,0.051390466275016665
3519,0.027943371943371962,0.057854568854568876,0.045986536336508226,-0.01186803251806065,0.018043164393136264
3520,0.026270270270270287,0.04929729729729731,0.03851706489752075,-0.01078023239977656,0.012246794627250462
3521,0.028752895752895767,0.05724066924066926,0.04686426239707529,-0.01037640684359397,0.018111366644179526
3522,0.025481338481338503,0.06673745173745176,0.05585000070956317,-0.010887451027888587,0.030368662228224666
3523,0.031252252252252276,0.05926898326898327,0.04665101690578868,-0.012617966363194594,0.015398764653536401
3524,0.027758043758043773,0.06588416988416987,0.0533713526233375,-0.012512817260832372,0.025613308865293723
3525,0.02586229086229088,0.055622908622908654,0.04338721212243814,-0.012235696500470516,0.017524921260147257
3526,0.03126254826254828,0.0782084942084942,0.06780197301620058,-0.010406521192293613,0.0365394247536523
3527,0.026553410553410567,0.05514028314028313,0.04330335121868827,-0.011836931921594858,0.016749940665277706
3528,0.024472329472329492,0.0444028314028314,0.03686631998107611,-0.007536511421755286,0.012393990508746618
3529,0.032129987129987145,0.05738481338481339,0.045951646780841356,-0.011433166603972034,0.01382165965085421
3530,0.023365508365508384,0.07812226512226511,0.06565431251086234,-0.012467952611402766,0.042288804145353964
3531,0.029688545688545703,0.046411840411840405,0.036093275598557684,-0.010318564813282721,0.00640472991001198
3532,0.025706563706563722,0.059299871299871264,0.04799145191148012,-0.011308419388391146,0.022284888204916396
3533,0.027129987129987144,0.054459459459459465,0.04283567386052607,-0.011623785598933394,0.015705686730538928
3534,0.027341055341055357,0.08220978120978122,0.07320162783199613,-0.009008153377785086,0.045860572490940776
3535,0.030478764478764495,0.05658043758043757,0.04603777153839421,-0.010542666042043361,0.015559007059629714
3536,0.029088803088803104,0.0629086229086229,0.050815114783917516,-0.01209350812470538,0.021726311695114412
3537,0.030719433719433736,0.06670656370656369,0.05562530675560465,-0.011081256950959045,0.024905873036170912
3538,0.03613256113256115,0.061891891891891884,0.05033603778569254,-0.011555854106199345,0.014203476653131389
3539,0.024330759330759347,0.03716087516087518,0.033233385334793704,-0.003927489826081473,0.008902626004034356
3540,0.02789961389961392,0.042756756756756754,0.03752819693438545,-0.005228559822371304,0.009628583034771532
3541,0.0314839124839125,0.059276705276705303,0.048379680585162586,-0.010897024691542717,0.016895768101250083
3542,0.03170270270270272,0.08798584298584299,0.08095424804022898,-0.007031594945614006,0.04925154533752626
3543,0.028595881595881615,0.051801801801801814,0.042725630492148205,-0.00907617130965361,0.01412974889626659
3544,0.029722007722007733,0.0616267696267696,0.0501017860146509,-0.011524983612118699,0.020379778292643168
3545,0.03082882882882884,0.047021879021879015,0.039516586066465395,-0.00750529295541362,0.008687757237636554
3546,0.02782110682110684,0.05054697554697555,0.040904978910968975,-0.009641996636006574,0.013083872089862135
3547,0.022312741312741333,0.04723938223938225,0.041222402543190026,-0.006016979696192221,0.018909661230448693
3548,0.029059202059202077,0.04451866151866153,0.03173865081697651,-0.012780010701685024,0.002679448757774431
3549,0.023978120978120996,0.07207722007722009,0.0622997020941887,-0.009777517983031392,0.038321581116067704
3550,0.03173230373230375,0.06273101673101676,0.05350930985639999,-0.009221706874616771,0.021777006124096242
3551,0.03010810810810812,0.07327027027027028,0.06345786717353383,-0.00981240309673645,0.033349759065425706
3552,0.0293822393822394,0.04941184041184041,0.038651756435875956,-0.010760083975964452,0.009269517053636555
3553,0.032445302445302464,0.048236808236808267,0.03889356713891291,-0.009343241097895354,0.006448264693610449
3554,0.03236164736164738,0.03976190476190479,0.03127674589505078,-0.008485158866854012,-0.0010849014665966009
3555,0.02914800514800516,0.05507979407979408,0.04513139739343309,-0.009948396686360994,0.015983392245427927
3556,0.029781209781209794,0.03282110682110686,0.0287649316929891,-0.004056175128117758,-0.0010162780882206936
3557,0.0270836550836551,0.042212355212355224,0.03385150377973031,-0.00836085143262491,0.006767848696075215
3558,0.02782368082368084,0.07688159588159589,0.06593640300935842,-0.01094519287223747,0.038112722185677586
3559,0.02569755469755472,0.06340926640926643,0.054217981035836645,-0.009191285373429788,0.028520426338281925
3560,0.02377863577863579,0.05906048906048911,0.049360341332734314,-0.009700147727754793,0.025581705554098524
3561,0.034072072072072086,0.07297168597168595,0.061196917359033175,-0.011774768612652774,0.02712484528696109
3562,0.02717117117117119,0.06934234234234239,0.056955733443004135,-0.012386608899338257,0.029784562271832946
3563,0.035436293436293446,0.05748777348777349,0.0446366475903829,-0.01285112589739059,0.00920035415408945
3564,0.029583011583011597,0.04236550836550837,0.030552878878553964,-0.011812629486954405,0.0009698672955423676
3565,0.03136936936936939,0.05500386100386098,0.0412067484750807,-0.013797112528780284,0.009837379105711308
3566,0.025033462033462052,0.04294079794079798,0.03731043128977094,-0.005630366651027036,0.01227696925630889
3567,0.027795366795366813,0.04731917631917633,0.0355490592124217,-0.01177011710675463,0.007753692417054887
3568,0.032851994851994866,0.044127413127413154,0.031980883665818194,-0.01214652946159496,-0.0008711111861766721
3569,0.029924066924066944,0.07694723294723298,0.06651512420174349,-0.010432108745489485,0.036591057277676545
3570,0.033401544401544414,0.04462290862290863,0.03480914056733641,-0.009813768055572221,0.0014075961657919953
3571,0.03425997425997428,0.05631274131274133,0.04661415770454784,-0.009698583608193492,0.012354183444573563
3572,0.027296010296010316,0.07409137709137711,0.0616295959358992,-0.012461781155477913,0.034333585639888885
3573,0.027818532818532832,0.05945173745173745,0.050674454013164276,-0.008777283438573175,0.022855921194631444
3574,0.034682110682110696,0.04700900900900903,0.03781678601602443,-0.009192222992984597,0.0031346753339137334
3575,0.024989703989704008,0.05472072072072077,0.04351583571962036,-0.01120488500110041,0.01852613172991635
3576,0.03582110682110683,0.050862290862290827,0.04081034428835177,-0.010051946573939055,0.004989237467244945
3577,0.028370656370656385,0.041598455598455625,0.03394647240094563,-0.0076519831975099956,0.005575816030289244
3578,0.028211068211068228,0.0350720720720721,0.0312322262172581,-0.0038398458548140023,0.003021158006189871
3579,0.026625482625482644,0.04872972972972977,0.039958789628663026,-0.008770940101066743,0.013333307003180382
3580,0.03158687258687261,0.07121235521235522,0.06134339128220146,-0.009868963930153761,0.029756518695328853
3581,0.033440154440154454,0.06003861003861007,0.05184942691392425,-0.00818918312468582,0.0184092724737698
3582,0.03004118404118406,0.04864864864864864,0.03524442962030486,-0.01340421902834378,0.005203245579120795
3583,0.03191891891891893,0.04700514800514804,0.0366178188452544,-0.01038732915989364,0.004698899926335466
3584,0.027464607464607486,0.06106306306306309,0.048868815013731734,-0.012194248049331356,0.021404207549124248
3585,0.023097812097812115,0.054791505791505817,0.04065437202513198,-0.014137133766373836,0.017556559927319866
3586,0.034512226512226525,0.033410553410553434,0.033354654234596284,-5.589917595714977e-05,-0.0011575722776302408
3587,0.027814671814671836,0.051963963963963966,0.03823797027178291,-0.013725993692181054,0.010423298457111076
3588,0.02764350064350066,0.07507078507078505,0.06574611316040964,-0.009324671910375407,0.03810261251690898
3589,0.04148262548262549,0.04763063063063061,0.03874008316455799,-0.008890547466072624,-0.0027425423180675035
3590,0.03537580437580439,0.056230373230373235,0.04563312191258325,-0.010597251317789984,0.01025731753677886
3591,0.029052767052767076,0.04417889317889315,0.0331156180228293,-0.011063275156063847,0.004062850970062225
3592,0.02644272844272846,0.07636936936936935,0.06616882281557704,-0.010200546553792308,0.039726094372848575
3593,0.028633204633204654,0.0467773487773488,0.04291272139245355,-0.00386462738489525,0.014279516759248895
3594,0.027948519948519965,0.06775032175032178,0.05464203079333636,-0.013108290956985416,0.026693510844816398
3595,0.029836550836550856,0.058234234234234246,0.04527818804932271,-0.012956046184911536,0.015441637212771853
3596,0.024944658944658964,0.07733719433719434,0.06588588753973335,-0.011451306797460994,0.04094122859507438
3597,0.030966537966537987,0.06276190476190475,0.05210489864819852,-0.010657006113706236,0.021138360681660532
3598,0.02691377091377093,0.04784813384813383,0.03730735309752359,-0.01054078075061024,0.010393582183752657
3599,0.0302870012870013,0.046629343629343664,0.0352002124581333,-0.011429131171210367,0.004913211171131998
3600,0.034144144144144156,0.046700128700128705,0.03772725304472537,-0.008972875655403334,0.0035831089005812153
3601,0.027913770913770935,0.0697027027027027,0.057118627741626855,-0.012584074961075851,0.02920485682785592
3602,0.028924066924066936,0.055772200772200735,0.04519105661829283,-0.010581144153907908,0.01626698969422589
3603,0.030738738738738756,0.05980180180180176,0.049817531678969657,-0.009984270122832102,0.0190787929402309
3604,0.028571428571428584,0.060341055341055314,0.04947340644754981,-0.010867648893505506,0.020901977876121223
3605,0.028275418275418296,0.047476190476190505,0.038654283678729896,-0.008821906797460609,0.0103788654033116
3606,0.035232947232947245,0.06450965250965252,0.05245319948684876,-0.012056453022803754,0.017220252253901516
3607,0.027924066924066942,0.049805662805662836,0.0413706228331835,-0.008435039972479338,0.013446555909116555
3608,0.031092664092664105,0.04878893178893179,0.03777605696006679,-0.011012874828864996,0.006683392867402688
3609,0.032006435006435026,0.06959202059202059,0.05636317542076884,-0.013228845171251752,0.024356740414333812
3610,0.02841956241956244,0.044945945945945975,0.03695662639015313,-0.007989319555792844,0.008537063970590692
3611,0.03190476190476192,0.05538610038610039,0.045718879109515054,-0.009667221276585335,0.013814117204753132
3612,0.034052767052767066,0.045916344916344956,0.03719544712520966,-0.008720897791135294,0.0031426800724425955
3613,0.02985585585585587,0.04948648648648651,0.042504115801960445,-0.0069823706845260625,0.012648259946104575
3614,0.02999742599742601,0.0927837837837838,0.08578082066666307,-0.007002963117120731,0.055783394669237055
3615,0.02725482625482627,0.043809523809523805,0.035679247127445364,-0.008130276682078441,0.008424420872619093
3616,0.03276576576576578,0.05614671814671814,0.044132005897224894,-0.01201471224949325,0.011366240131459114
3617,0.028019305019305038,0.06144144144144147,0.05188657123911859,-0.00955487020232288,0.023867266219813554
3618,0.029882882882882898,0.06165250965250963,0.050417170477913734,-0.011235339174595897,0.020534287595030835
3619,0.0396846846846847,0.04510939510939509,0.03999017981719649,-0.005119215292198595,0.0003054951325117891
3620,0.02973359073359075,0.05894851994851996,0.04874056057221537,-0.010207959376304594,0.019006969838624616
3621,0.03317760617760619,0.06484427284427285,0.05233109434645013,-0.012513178497822727,0.019153488168843935
3622,0.027824967824967843,0.08376061776061776,0.07229281728740877,-0.011467800473208986,0.04446784946244093
3623,0.026467181467181484,0.06973873873873875,0.061649181066196525,-0.00808955767254222,0.03518199959901504
3624,0.033214929214929224,0.058859716859716846,0.048653521057610796,-0.01020619580210605,0.015438591842681572
3625,0.03095109395109397,0.0728906048906049,0.06426237063024148,-0.00862823426036341,0.03331127667914752
3626,0.03012870012870015,0.07522136422136422,0.06631349413215835,-0.008907870089205863,0.036184794003458205
3627,0.027258687258687277,0.05866924066924068,0.04542615477236678,-0.013243085896873903,0.0181674675136795
3628,0.028477477477477496,0.06343114543114542,0.05354599376420994,-0.00988515166693548,0.025068516286732442
3629,0.02500128700128702,0.04335006435006436,0.03612642307972438,-0.0072236412703399824,0.011125136078437358
3630,0.02959588159588161,0.048683397683397675,0.039038380814302276,-0.009645016869095399,0.009442499218420667
3631,0.024284427284427302,0.06701673101673103,0.05715627064648449,-0.009860460370246536,0.03287184336205719
3632,0.0276833976833977,0.03997297297297298,0.0339990824970634,-0.005973890475909585,0.006315684813665696
3633,0.027890604890604905,0.08692535392535396,0.07754817770783809,-0.009377176217515867,0.04965757281723318
3634,0.034624195624195636,0.08091763191763189,0.06626379474242537,-0.014653837175206519,0.031639599118229736
3635,0.03009523809523812,0.06806306306306309,0.05620773500423251,-0.011855328058830578,0.026112496908994393
3636,0.027266409266409285,0.05400257400257398,0.043569639020380316,-0.010432934982193665,0.01630322975397103
3637,0.029375804375804393,0.05008751608751608,0.041113026243681926,-0.008974489843834157,0.011737221867877533
3638,0.03431917631917634,0.041915057915057945,0.03271292651256654,-0.009202131402491404,-0.0016062498066097969
3639,0.032366795366795376,0.0551003861003861,0.04472405213062215,-0.010376333969763951,0.012357256763826777
3640,0.029903474903474923,0.08733976833976832,0.07863179056941497,-0.008707977770353356,0.04872831566594005
3641,0.023947232947232965,0.05547232947232952,0.044358347984964165,-0.011113981487365351,0.0204111150377312
3642,0.029108108108108124,0.08074646074646077,0.071679056151196,-0.00906740459526477,0.04257094804308788
3643,0.02671814671814673,0.04371299871299874,0.032340683567483645,-0.011372315145515094,0.005622536849336914
3644,0.03153410553410555,0.0714774774774775,0.06261905136307197,-0.00885842611440553,0.03108494582896642
3645,0.02779536679536681,0.04278120978120979,0.038637787870509914,-0.004143421910699878,0.010842421075143105
3646,0.032543114543114565,0.048323037323037346,0.03738106096264945,-0.0109419763603879,0.004837946419534882
3647,0.02797297297297299,0.04730888030888032,0.03355005500779214,-0.013758825301088184,0.005577082034819148
3648,0.03502316602316604,0.060312741312741294,0.05336954022127734,-0.0069432010914639575,0.018346374198111297
3649,0.030631917631917648,0.042195624195624226,0.03349162756236001,-0.008703996633264217,0.0028597099304423605
3650,0.03055341055341057,0.08128828828828831,0.06811891719293717,-0.013169371095351143,0.0375655066395266
3651,0.03072200772200774,0.05753153153153153,0.043829342856456614,-0.013702188675074917,0.013107335134448873
3652,0.028550836550836574,0.04148519948519948,0.03465539223160483,-0.0068298072535946455,0.006104555680768259
3653,0.03526898326898329,0.04945045045045044,0.03960182608785539,-0.009848624362595051,0.0043328428188720985
3654,0.024915057915057933,0.06263835263835266,0.05231358726788425,-0.010324765370468406,0.027398529352826318
3655,0.030557271557271573,0.04178378378378382,0.033352958022729653,-0.008430825761054167,0.0027956864654580804
3656,0.03142857142857145,0.05991763191763194,0.04840243307113608,-0.011515198846495864,0.016973861642564626
3657,0.03341570141570143,0.03687129987129988,0.034161117945537715,-0.0027101819257621673,0.0007454165298362847
3658,0.03521879021879023,0.048263835263835285,0.03495110866419667,-0.013312726599638613,-0.00026768155459355736
3659,0.025226512226512243,0.06074903474903471,0.04996009279190703,-0.010788941957127679,0.024733580565394788
3660,0.02796396396396398,0.060514800514800494,0.04855629150496851,-0.011958509009831982,0.020592327541004533
3661,0.0360810810810811,0.08737709137709142,0.08074250119578677,-0.006634590181304648,0.04466142011470567
3662,0.032830115830115844,0.04285971685971686,0.03228359949779089,-0.010576117361925971,-0.0005465163323249561
3663,0.03802960102960105,0.06278764478764479,0.05141049416383291,-0.01137715062381188,0.01338089313423186
3664,0.026906048906048922,0.0764877734877735,0.06536593532858424,-0.011121838159189254,0.038459886422535325
3665,0.03163835263835265,0.07357014157014155,0.06242620041712533,-0.011143941153016222,0.03078784777877268
3666,0.026257400257400275,0.07978507078507076,0.0691102786849969,-0.010674792100073854,0.04285287842759663
3667,0.029109395109395128,0.06690604890604891,0.05541155519025002,-0.011494493715798894,0.02630216008085489
3668,0.03116087516087518,0.05783140283140284,0.04666460806881974,-0.011166794762583102,0.015503732907944559
3669,0.030916344916344932,0.04845688545688546,0.04174541081914072,-0.006711474637744741,0.010829065902795785
3670,0.03328957528957531,0.04938095238095239,0.040459120315235034,-0.00892183206571736,0.007169545025659724
3671,0.03692664092664094,0.07999742599742601,0.06927653325998372,-0.010720892737442297,0.032349892333342775
3672,0.031947232947232965,0.061942084942084946,0.05050426928279222,-0.011437815659292729,0.018557036335559253
3673,0.024805662805662824,0.052117117117117154,0.04164552136714782,-0.010471595749969337,0.016839858561484993
3674,0.03688674388674391,0.07135006435006437,0.059875128152547544,-0.011474936197516827,0.022988384265803637
3675,0.030773487773487786,0.03311325611325613,0.026990753527963977,-0.00612250258529215,-0.003782734245523809
3676,0.030665379665379678,0.04798970398970402,0.042539815902719526,-0.005449888086984496,0.011874436237339848
3677,0.031375804375804395,0.08222007722007722,0.07347306764931434,-0.008747009570762881,0.04209726327350995
3678,0.029447876447876463,0.046875160875160894,0.03733496388139316,-0.009540196993767736,0.007887087433516696
3679,0.030287001287001306,0.03538867438867441,0.034992282091917244,-0.00039639229675716287,0.004705280804915939
3680,0.024564993564993583,0.05447876447876452,0.042180800620536966,-0.012297963858227554,0.017615807055543383
3681,0.02720077220077222,0.0615688545688546,0.05102282219084807,-0.010546032378006533,0.02382204999007585
3682,0.03229472329472331,0.0520643500643501,0.03944169278134128,-0.01262265728300882,0.007146969486617964
3683,0.02982239382239384,0.059906048906048906,0.050023323721482875,-0.009882725184566031,0.020200929899089035
3684,0.03085842985842988,0.049862290862290874,0.03805323626884635,-0.011809054593444522,0.007194806410416473
3685,0.032642213642213654,0.04922393822393823,0.03809956354911062,-0.01112437467482761,0.0054573499068969675
3686,0.028514800514800532,0.06638610038610043,0.05663387784935525,-0.009752222536745181,0.02811907733455472
3687,0.027734877734877754,0.05890990990990992,0.047035239455810236,-0.011874670454099685,0.019300361720932482
3688,0.03348777348777351,0.06807078507078507,0.05672381587840817,-0.011346969192376898,0.023236042390634662
3689,0.02512097812097814,0.0404169884169884,0.029794752841623213,-0.01062223557536519,0.0046737747206450735
3690,0.024036036036036056,0.04079536679536683,0.03706334596542008,-0.003732020829946746,0.013027309929384025
3691,0.03177606177606179,0.07510424710424714,0.06486573599809342,-0.010238511106153717,0.03308967422203163
3692,0.03324581724581726,0.05891505791505784,0.0468485585282846,-0.01206649938677324,0.013602741282467343
3693,0.025208494208494227,0.04581209781209781,0.03644935024290581,-0.009362747569191997,0.011240856034411585
3694,0.03559073359073361,0.059706563706563714,0.04867066497617025,-0.011035898730393463,0.013079931385436644
3695,0.026068211068211087,0.06222651222651224,0.049600589367407265,-0.012625922859104972,0.023532378299196178
3696,0.03143500643500645,0.04553539253539253,0.036195173064194335,-0.009340219471198195,0.0047601666291878855
3697,0.0376795366795367,0.044961389961389965,0.034973017328359904,-0.009988372633030061,-0.0027065193511767935
3698,0.030952380952380967,0.05591634491634493,0.044790468961316277,-0.011125875955028654,0.01383808800893531
3699,0.027660231660231682,0.06484942084942087,0.051608044647669084,-0.013241376201751788,0.0239478129874374
3700,0.02676061776061778,0.041078507078507104,0.03526865599985828,-0.005809851078648821,0.008508038239240501
3701,0.027468468468468482,0.04012483912483913,0.03632436447789513,-0.0038004746469439965,0.008855896009426649
3702,0.024248391248391267,0.04149806949806952,0.03202492746362044,-0.00947314203444908,0.007776536215229175
3703,0.038485199485199496,0.04842471042471043,0.04218573217256146,-0.0062389782521489676,0.0037005326873619654
3704,0.028868725868725888,0.06862676962676963,0.05682503743427502,-0.011801732192494606,0.027956311565549133
3705,0.029778635778635803,0.0729317889317889,0.06152770820520829,-0.011404080726580605,0.03174907242657249
3706,0.024441441441441458,0.055014157014157024,0.04348961016451369,-0.011524546849643331,0.019048168723072235
3707,0.03402574002574004,0.06460360360360362,0.05512647640865885,-0.00947712719494477,0.02110073638291881
3708,0.03412741312741314,0.059330759330759306,0.050761302378068564,-0.008569456952690742,0.016633889250655426
3709,0.027952380952380965,0.062191763191763214,0.05164538660290033,-0.010546376588862885,0.023693005650519364
3710,0.02638867438867441,0.060339768339768375,0.04922032545753314,-0.011119442882235236,0.02283165106885873
3711,0.026236808236808257,0.08486357786357783,0.0766030748783341,-0.008260502985243737,0.05036626664152584
3712,0.031101673101673114,0.062151866151866166,0.05316098504543761,-0.008990881106428553,0.0220593119437645
3713,0.025075933075933095,0.08587516087516087,0.07746866111349719,-0.008406499761663674,0.0523927280375641
3714,0.0283873873873874,0.04163191763191764,0.031606349825352015,-0.010025567806565626,0.003218962437964615
3715,0.03219691119691121,0.06632818532818531,0.0563323456574497,-0.009995839670735612,0.024135434460538487
3716,0.03550321750321752,0.07196911196911193,0.05948262245675307,-0.01248648951235886,0.023979404953535552
3717,0.03149935649935652,0.07445302445302444,0.06466278446630709,-0.009790239986717353,0.03316342796695057
3718,0.03474903474903477,0.04554311454311456,0.03610783061287516,-0.009435283930239402,0.001358795863840391
3719,0.02674517374517376,0.04787516087516087,0.03913057651813776,-0.008744584357023105,0.012385402772964002
3720,0.029131274131274153,0.05728828828828831,0.04774881287870001,-0.0095394754095883,0.018617538747425857
3721,0.029679536679536697,0.06286486486486488,0.05255245728916124,-0.01031240757570364,0.022872920609624543
3722,0.039669240669240685,0.06785714285714288,0.056040149012236286,-0.011816993844906594,0.0163709083429956
3723,0.02795238095238097,0.05264221364221366,0.041605288356825566,-0.011036925285388091,0.013652907404444595
3724,0.028127413127413143,0.06303989703989707,0.05097852058107612,-0.012061376458820952,0.022851107453662974
3725,0.02620205920205922,0.0551081081081081,0.04181446469656271,-0.013293643411545389,0.015612405494503493
3726,0.03160360360360362,0.058613899613899595,0.05075169738962334,-0.007862202224276256,0.01914809378601972
3727,0.029453024453024473,0.056871299871299866,0.04816410365840212,-0.008707196212897748,0.018711079205377644
3728,0.028447876447876465,0.06368082368082367,0.051538635453376114,-0.012142188227447559,0.023090759005499648
3729,0.029743886743886765,0.05962290862290864,0.050283475406700334,-0.009339433216208302,0.02053958866281357
3730,0.02694465894465896,0.04009909909909907,0.033254418801835994,-0.006844680297263074,0.006309759857177036
3731,0.032608751608751624,0.0653951093951094,0.0514202108632416,-0.0139748985318678,0.018811459254489973
3732,0.029700128700128715,0.0553127413127413,0.04126524086475306,-0.014047500447988234,0.011565112164624348
3733,0.027317889317889338,0.044546975546975565,0.03472778614425231,-0.009819189402723257,0.00740989682636297
3734,0.03616216216216218,0.07253410553410554,0.06098701056296624,-0.011547094971139302,0.02482484840080406
3735,0.03151480051480054,0.06802702702702702,0.05965245928916226,-0.008374567737864762,0.028137658774361723
3736,0.028607464607464623,0.06852252252252254,0.05769020024900895,-0.010832322273513592,0.029082735641544327
3737,0.03703346203346205,0.07005791505791505,0.0574268976055071,-0.012631017452407946,0.02039343557204505
3738,0.024357786357786373,0.06902445302445305,0.05672279045583703,-0.01230166256861602,0.032365004098050654
3739,0.029938223938223953,0.03974774774774775,0.03210567982152084,-0.00764206792622691,0.002167455883296889
3740,0.027853281853281873,0.03654440154440156,0.03218763195468463,-0.0043567695897169315,0.004334350101402758
3741,0.026235521235521253,0.07790604890604894,0.06775901481921402,-0.010147034086834913,0.04152349358369277
3742,0.03631274131274133,0.039886743886743854,0.035336073459010256,-0.004550670427733598,-0.0009766678537310725
3743,0.02776447876447878,0.06846589446589449,0.05709590536377953,-0.01136998910211496,0.02933142659930075
3744,0.028194337194337213,0.06383526383526389,0.052468303429656186,-0.011366960405607703,0.024273966235318974
3745,0.02562676962676964,0.04772844272844274,0.03350665545226134,-0.014221787276181397,0.007879885825491702
3746,0.027016731016731032,0.060117117117117105,0.04798335255867702,-0.012133764558440084,0.02096662154194599
3747,0.02854440154440156,0.05982754182754183,0.04725959640811205,-0.01256794541942978,0.018715194863710493
3748,0.025445302445302465,0.04525482625482628,0.04280881324112049,-0.0024460130137057903,0.017363510795818028
3749,0.026289575289575307,0.046711711711711734,0.045100246931296016,-0.0016114647804157181,0.01881067164172071
3750,0.032353925353925374,0.056270270270270276,0.043156054258044196,-0.01311421601222608,0.010802128904118823
3751,0.028320463320463337,0.06269111969111969,0.050569650626618765,-0.012121469064500928,0.022249187306155428
3752,0.030985842985843004,0.05748777348777349,0.048725328451709425,-0.008762445036064062,0.01773948546586642
3753,0.026898326898326917,0.05395881595881597,0.04229251363230337,-0.011666302326512598,0.015394186733976457
3754,0.028936936936936955,0.04357142857142857,0.03277938383252223,-0.010792044738906346,0.003842446895585272
3755,0.026620334620334644,0.038097812097812114,0.02952241905487258,-0.008575393042939534,0.002902084434537936
3756,0.02595238095238097,0.09914414414414414,0.09279323637441615,-0.0063509077697279925,0.06684085542203519
3757,0.026498069498069515,0.05366023166023164,0.042460441006514076,-0.011199790653717567,0.01596237150844456
3758,0.031248391248391266,0.07569111969111968,0.06534017593082163,-0.010350943760298048,0.03409178468243036
3759,0.03017374517374519,0.04714414414414414,0.040883587701793817,-0.0062605564423503235,0.010709842528048626
3760,0.024299871299871316,0.05414543114543117,0.04431670292468476,-0.009828728220746409,0.020016831624813443
3761,0.02667181467181469,0.059310167310167305,0.04720883252139061,-0.012101334788776695,0.02053701784957592
3762,0.033051480051480064,0.04479665379665381,0.03566513239773921,-0.0091315213989146,0.0026136523462591474
3763,0.02990604890604892,0.06414414414414413,0.05264438698923054,-0.011499757154913588,0.022738338083181618
3764,0.03684555984555986,0.08285199485199488,0.07221259964968622,-0.010639395202308652,0.035367039804126366
3765,0.025096525096525112,0.07444015444015441,0.0624427143047984,-0.01199744013535601,0.03734618920827329
3766,0.030420849420849442,0.0616795366795367,0.04743653326699612,-0.014243003412540575,0.01701568384614668
3767,0.02122265122265124,0.08143629343629344,0.07282917014301363,-0.008607123293279811,0.05160651892036239
3768,0.027765765765765785,0.06004118404118402,0.0490778154253085,-0.010963368615875518,0.021312049659542715
3769,0.037857142857142874,0.07284555984555983,0.06149540350026339,-0.011350156345296444,0.023638260643120516
3770,0.029207207207207223,0.04575675675675678,0.0345388908530704,-0.011217865903686376,0.005331683645863179
3771,0.026250965250965267,0.04985971685971684,0.04356642625475011,-0.0062932906049667295,0.01731546100378484
3772,0.03069111969111971,0.052169884169884204,0.03853161531968757,-0.01363826885019663,0.007840495628567864
3773,0.02315315315315317,0.05547619047619048,0.04615571330977025,-0.009320477166420225,0.023002560156617082
3774,0.024427284427284444,0.07395881595881597,0.06400236644845121,-0.009956449510364757,0.03957508202116677
3775,0.028428571428571442,0.07863191763191762,0.06691588863501882,-0.011716028996898803,0.03848731720644738
3776,0.026841698841698857,0.07208880308880314,0.06313982437689034,-0.008948978711912803,0.036298125535191475
3777,0.027254826254826274,0.04405019305019308,0.0452773189300317,0.0012271258798386211,0.018022492675205427
3778,0.031760617760617775,0.06584684684684688,0.05766624334888155,-0.008180603497965337,0.025905625588263773
3779,0.029074646074646094,0.04369111969111972,0.03418391467977058,-0.009507205011349135,0.005109268605124489
3780,0.027907335907335927,0.04525225225225224,0.03529314863377518,-0.009959103618477058,0.0073858127264392545
3781,0.03226512226512228,0.0696087516087516,0.058841630971175896,-0.010767120637575706,0.026576508706053617
3782,0.028660231660231676,0.05374388674388674,0.04331034126420703,-0.010433545479679708,0.014650109603975357
3783,0.02650707850707853,0.07436550836550836,0.06582190142846576,-0.008543606937042592,0.03931482292138724
3784,0.022554697554697575,0.049577863577863604,0.04114715785958876,-0.008430705718274846,0.018592460304891183
3785,0.029472329472329493,0.04896267696267697,0.037811702373290214,-0.011150974589386756,0.00833937290096072
3786,0.03436036036036037,0.061355212355212366,0.050574201668984575,-0.01078101068622779,0.016213841308624202
3787,0.028530244530244546,0.04805534105534105,0.04027720122511069,-0.00777813983023036,0.011746956694866147
3788,0.026061776061776083,0.05866666666666666,0.04649711905418506,-0.012169547612481596,0.02043534299240898
3789,0.029548262548262566,0.05256370656370655,0.03822523838318338,-0.014338468180523166,0.008676975834920816
3790,0.029987129987130004,0.05740797940797942,0.04714882122790054,-0.01025915818007888,0.017161691240770535
3791,0.027656370656370666,0.06110810810810809,0.05205378023136372,-0.009054327876744372,0.024397409574993055
3792,0.03009652509652511,0.0455611325611326,0.0353086436920474,-0.010252488869085204,0.005212118595522289
3793,0.030990990990991008,0.0669163449163449,0.055294443830117494,-0.011621901086227411,0.024303452839126487
3794,0.03331788931788933,0.07762934362934364,0.06932095744917639,-0.008308386180167243,0.036003068131287064
3795,0.027460746460746473,0.04524967824967826,0.03604808593752385,-0.009201592312154408,0.008587339476777377
3796,0.02774388674388676,0.06807078507078508,0.05690273121945089,-0.011168053851334188,0.029158844475564133
3797,0.03015572715572717,0.03776190476190481,0.028917135632353173,-0.008844769129551636,-0.0012385915233739976
3798,0.041374517374517396,0.05373487773487773,0.04285814534379988,-0.01087673239107785,0.001483627969282482
3799,0.025397683397683415,0.054621621621621624,0.04436098675349837,-0.010260634868123251,0.018963303355814958
3800,0.025495495495495516,0.06694723294723291,0.05479856465148655,-0.01214866829574636,0.029303069155991037
3801,0.030302445302445323,0.05268854568854567,0.04319300412920129,-0.00949554155934438,0.012890558826755966
3802,0.0371917631917632,0.04457657657657662,0.034672057558582214,-0.009904519017994405,-0.002519705633180984
3803,0.02810682110682113,0.06816602316602316,0.05631217483041786,-0.0118538483356053,0.02820535372359673
3804,0.024465894465894485,0.05418404118404119,0.044220468419895805,-0.009963572764145383,0.01975457395400132
3805,0.027546975546975563,0.06671299871299874,0.05623981060486958,-0.01047318810812916,0.028692835057894016
3806,0.03472972972972975,0.054459459459459486,0.0440265321947345,-0.010432927264724987,0.00929680246500475
3807,0.0268828828828829,0.06492149292149292,0.05270693368056987,-0.012214559240923052,0.02582405079768697
3808,0.027651222651222666,0.07446846846846847,0.06340387111498781,-0.011064597353480657,0.03575264846376515
3809,0.02491634491634493,0.04370527670527672,0.03196691539672997,-0.011738361308546753,0.007050570480385036
3810,0.027858429858429876,0.06623552123552125,0.05584346285190495,-0.010392058383616294,0.027985032993475076
3811,0.031070785070785086,0.06171685971685968,0.050001170247311294,-0.011715689469548388,0.018930385176526208
3812,0.03129343629343631,0.04923552123552128,0.03854489051569395,-0.01069063071982733,0.00725145422225764
3813,0.03403989703989705,0.05369884169884175,0.04465427583189403,-0.00904456586694772,0.010614378791996983
3814,0.03189703989703992,0.08282882882882885,0.07426889662687032,-0.008559932201958526,0.042371856729830404
3815,0.02736293436293438,0.04930373230373231,0.03833962136957439,-0.010964110934157924,0.01097668700664001
3816,0.02717117117117119,0.03694594594594595,0.029327452845410766,-0.007618493100535181,0.002156281674239577
3817,0.03109523809523811,0.047586872586872546,0.03941049291713696,-0.008176379669735584,0.008315254821898852
3818,0.02950836550836552,0.0464723294723295,0.036701289153619934,-0.009771040318709567,0.007192923645254413
3819,0.03150064350064352,0.04812097812097811,0.03863350924810889,-0.00948746887286922,0.0071328657474653695
3820,0.0266808236808237,0.03686229086229088,0.029705614689899986,-0.0071566761723908905,0.0030247910090762872
3821,0.03268983268983271,0.03713384813384813,0.03349369942210227,-0.0036401487117458595,0.0008038667322695647
3822,0.028679536679536696,0.07498455598455599,0.06114166235958015,-0.013842893624975837,0.032462125680043454
3823,0.027377091377091392,0.08558043758043758,0.07558852058172258,-0.009991916998715003,0.04821142920463119
3824,0.031227799227799245,0.05402316602316606,0.043622568579275135,-0.010400597443890922,0.01239476935147589
3825,0.028171171171171187,0.0660926640926641,0.05805885253567991,-0.008033811556984183,0.029887681364508725
3826,0.027647361647361667,0.0596306306306306,0.05153416051384933,-0.008096470116781274,0.02388679886648766
3827,0.03240797940797943,0.050292149292149334,0.040067281044308005,-0.010224868247841329,0.0076593016363285735
3828,0.02830888030888033,0.07569884169884172,0.06471066113925729,-0.010988180559584435,0.036401780830376956
3829,0.025254826254826276,0.08155341055341056,0.07150467128863104,-0.010048739264779519,0.04624984503380476
3830,0.029138996138996155,0.05606306306306311,0.044664282405612085,-0.011398780657451021,0.01552528626661593
3831,0.02694465894465896,0.05427670527670526,0.04103334217481301,-0.013243363101892246,0.014088683230154053
3832,0.02971171171171173,0.060513513513513556,0.05097690733109848,-0.009536606182415079,0.021265195619386747
3833,0.028447876447876465,0.061904761904761914,0.05074818615707622,-0.011156575747685693,0.022300309709199755
3834,0.03202702702702704,0.04543629343629345,0.03166403728326886,-0.01377225615302459,-0.0003629897437581811
3835,0.026301158301158315,0.05764478764478765,0.049346791292337495,-0.008297996352450154,0.02304563299117918
3836,0.02920077220077221,0.07368725868725871,0.0601428419270439,-0.013544416760214811,0.03094206972627169
3837,0.03381853281853283,0.0413848133848134,0.030564204410868604,-0.010820608973944799,-0.003254328407664226
3838,0.03345431145431147,0.05523423423423426,0.043325929199735914,-0.011908305034498343,0.009871617745424444
3839,0.02921364221364223,0.047308880308880336,0.0392599168378137,-0.008048963471066636,0.010046274624171469
3840,0.032261261261261276,0.03953153153153154,0.03175353582642726,-0.007777995705104283,-0.0005077254348340166
3841,0.02887258687258689,0.06106177606177607,0.052585819993957665,-0.008475956067818403,0.023713233121370775
3842,0.029864864864864882,0.07035649935649933,0.05962334976314832,-0.010733149593351012,0.02975848489828344
3843,0.03083268983268985,0.04695366795366797,0.03280571695052183,-0.014147951003146142,0.0019730271178319755
3844,0.03130244530244533,0.049271557271557284,0.03733247001665307,-0.011939087254904217,0.0060300247142077365
3845,0.02513127413127415,0.05359588159588161,0.04265212587057201,-0.010943755725309603,0.01752085173929786
3846,0.031505791505791525,0.07302960102960102,0.0625910710159236,-0.010438530013677422,0.03108527951013207
3847,0.028903474903474922,0.07636679536679539,0.06589344932343734,-0.010473346043358048,0.03698997441996242
3848,0.029707850707850723,0.05482496782496788,0.041908072229390775,-0.012916895595577106,0.012200221521540051
3849,0.025929214929214947,0.059267696267696304,0.04680293652276689,-0.012464759744929416,0.02087372159355194
3850,0.02690604890604893,0.05461003861003864,0.04656650805538573,-0.008043530554652907,0.0196604591493368
3851,0.028568854568854586,0.0408828828828829,0.030607741640578282,-0.010275141242304619,0.002038887071723696
3852,0.02679279279279281,0.05258815958815962,0.03908275575202095,-0.013505403836138671,0.01228996295922814
3853,0.030942084942084957,0.0575521235521236,0.048520532535535496,-0.009031591016588104,0.01757844759345054
3854,0.026425997425997445,0.07794208494208492,0.06708237658216742,-0.010859708359917494,0.04065637915616998
3855,0.029900900900900917,0.03736936936936936,0.032674525624860264,-0.004694843744509097,0.002773624723959346
3856,0.028548262548262565,0.06001158301158305,0.049647221685194254,-0.010364361326388793,0.02109895913693169
3857,0.029127413127413144,0.052625482625482604,0.04107556939592475,-0.011549913229557854,0.011948156268511607
3858,0.028562419562419575,0.048483912483912525,0.036845646094674604,-0.011638266389237921,0.00828322653225503
3859,0.026265122265122284,0.04822779922779926,0.039103583205696534,-0.009124216022102727,0.01283846094057425
3860,0.0280913770913771,0.05646203346203349,0.04735228687656373,-0.009109746585469758,0.01926090978518663
3861,0.03427155727155729,0.05320077220077222,0.04144085863325107,-0.011759913567521152,0.007169301361693775
3862,0.03026512226512228,0.050150579150579175,0.037847720089850045,-0.01230285906072913,0.007582597824727765
3863,0.02859588159588161,0.07351222651222651,0.0619038018235244,-0.011608424688702108,0.03330792022764279
3864,0.02976319176319178,0.03530373230373232,0.0308619954572464,-0.004441736846485921,0.0010988036940546217
3865,0.029994851994852013,0.05198584298584296,0.04230939655678521,-0.009676446429057753,0.012314544561933195
3866,0.027490347490347507,0.047727155727155746,0.037820233775017566,-0.00990692195213818,0.010329886284670058
3867,0.027738738738738753,0.049646074646074644,0.04305096538908583,-0.006595109256988814,0.015312226650347077
3868,0.033835263835263855,0.04574646074646071,0.036796649425209424,-0.008949811321251284,0.0029613855899455685
3869,0.031804375804375826,0.04012355212355213,0.032122910618494316,-0.00800064150505781,0.00031853481411849016
3870,0.03441827541827543,0.05915057915057916,0.04677065660097876,-0.012379922549600401,0.012352381182703327
3871,0.027480051480051497,0.04661132561132559,0.03560859106149189,-0.0110027345498337,0.008128539581440393
3872,0.03461261261261263,0.05015444015444014,0.03907817005237553,-0.011076270102064613,0.004465557439762902
3873,0.031583011583011605,0.05024839124839129,0.037033589041793456,-0.013214802206597834,0.005450577458781851
3874,0.025836550836550853,0.04845688545688548,0.03608820566312924,-0.012368679793756242,0.010251654826578385
3875,0.026827541827541847,0.05768082368082373,0.04705111963896416,-0.010629704041859568,0.020223577811422314
3876,0.03473230373230375,0.06934749034749034,0.06107131611427408,-0.008276174233216263,0.026339012381970325
3877,0.028561132561132577,0.04804761904761907,0.03678544822846634,-0.011262170819152727,0.008224315667333764
3878,0.023987129987130006,0.053841698841698836,0.04189360561902905,-0.011948093222669785,0.017906475631899045
3879,0.036437580437580455,0.08422908622908626,0.07482503390975107,-0.009404052319335193,0.03838745347217061
3880,0.03722136422136424,0.05238352638352636,0.04207852235446993,-0.01030500402905643,0.0048571581331056934
3881,0.024729729729729748,0.05155598455598455,0.03919513382574239,-0.012360850730242158,0.014465404096012643
3882,0.03054440154440156,0.07533075933075932,0.0645851649913975,-0.010745594339361814,0.03404076344699594
3883,0.027953667953667976,0.039552123552123564,0.0323492503270073,-0.007202873225116264,0.004395582373339323
3884,0.030262548262548275,0.04906306306306311,0.036471313153753016,-0.012591749909310092,0.0062087648912047405
3885,0.028267696267696287,0.06832303732303735,0.05970493217848805,-0.008618105144549297,0.03143723591079177
3886,0.031234234234234257,0.06961776061776065,0.05910308127922745,-0.0105146793385332,0.027868847044993192
3887,0.02936936936936939,0.0755057915057915,0.06503058219988404,-0.010475209305907451,0.035661212830514655
3888,0.030505791505791524,0.05518146718146718,0.04647790676750853,-0.008703560413958651,0.015972115261717004
3889,0.03046074646074648,0.0453938223938224,0.035263836314137265,-0.010129986079685134,0.004803089853390785
3890,0.030482625482625498,0.052629343629343614,0.04503465614730228,-0.007594687482041333,0.014552030664676783
3891,0.029225225225225235,0.04548906048906049,0.03792121792988545,-0.007567842559175045,0.008695992704660212
3892,0.02774388674388676,0.054279279279279315,0.04600597457638052,-0.008273304702898797,0.018262087832493758
3893,0.02871299871299873,0.03874774774774774,0.02942147752850935,-0.009326270219238389,0.0007084788155106193
3894,0.027832689832689852,0.0708957528957529,0.06377217787209637,-0.007123575023656528,0.03593948803940651
3895,0.02825997425997428,0.04216216216216217,0.03379840574364385,-0.008363756418518317,0.005538431483669573
3896,0.03484298584298586,0.08048519948519951,0.06896580557523238,-0.011519393909967132,0.03412281973224652
3897,0.023873873873873894,0.07862805662805668,0.06826099321337786,-0.010367063414678815,0.04438711933950397
3898,0.0327799227799228,0.06036164736164733,0.04854515797206687,-0.011816489389580458,0.015765235192144067
3899,0.026070785070785085,0.05597425997426,0.04302491942483702,-0.012949340549422976,0.016954134354051936
3900,0.02419047619047621,0.07094208494208494,0.06147178689975651,-0.009470298042328427,0.0372813107092803
3901,0.024467181467181486,0.04865122265122263,0.04040978314074919,-0.008241439510473444,0.015942601673567702
3902,0.02625096525096527,0.05150321750321751,0.04041250609111015,-0.011090711412107365,0.014161540840144878
3903,0.03729601029601031,0.04264092664092664,0.03321827335127496,-0.00942265328965168,-0.004077736944735351
3904,0.025868725868725885,0.06734362934362938,0.05443254934842743,-0.012911079995201948,0.028563823479701544
3905,0.03456113256113258,0.04886229086229085,0.03768841149214274,-0.011173879370148111,0.003127278931010162
3906,0.02627284427284429,0.061160875160875185,0.05070407204361669,-0.010456803117258495,0.0244312277707724
3907,0.03516602316602318,0.05202445302445303,0.04117988103644152,-0.01084457198801151,0.006013857870418339
3908,0.025575289575289595,0.07676833976833983,0.0669748132817538,-0.009793526486586032,0.0413995237064642
3909,0.02611196911196913,0.0467889317889318,0.0325509696126915,-0.0142379621762403,0.00643900050072237
3910,0.02759073359073361,0.07552380952380951,0.06589649137738769,-0.009627318146421815,0.038305757786654085
3911,0.025445302445302468,0.08286486486486486,0.07175936864261699,-0.011105496222247865,0.04631406619731453
3912,0.028090090090090104,0.03956113256113258,0.03316927837395047,-0.0063918541871821055,0.005079188283860368
3913,0.024637065637065653,0.08266795366795368,0.07309280566415419,-0.009575148003799494,0.04845574002708854
3914,0.03306435006435009,0.07757657657657656,0.06634235294014561,-0.011234223636430951,0.03327800287579552
3915,0.030622908622908635,0.057069498069498084,0.04576531288323133,-0.011304185186266753,0.015142404260322696
3916,0.03209137709137711,0.058867438867438907,0.047930926518636174,-0.010936512348802732,0.015839549427259063
3917,0.028863577863577877,0.06715444015444016,0.05736753499169036,-0.009786905162749805,0.028503957128112482
3918,0.02484813384813387,0.045606177606177634,0.035307248089467,-0.010298929516710631,0.010459114241333133
3919,0.03047490347490349,0.03958172458172456,0.03503704963681159,-0.004544674944912973,0.004562146161908101
3920,0.027942084942084958,0.03938223938223938,0.03121606555614059,-0.008166173826098789,0.003273980614055632
3921,0.026015444015444027,0.06746203346203347,0.06000884658494801,-0.00745318687708546,0.033993402569503985
3922,0.03040283140283142,0.07337451737451735,0.061984064628284166,-0.011390452746233182,0.03158123322545275
3923,0.0334890604890605,0.061981981981981994,0.050499113416306744,-0.01148286856567525,0.017010052927246243
3924,0.028716859716859732,0.05377091377091378,0.04528597162346001,-0.008484942147453774,0.016569111906600275
3925,0.027231660231660244,0.05452509652509653,0.04498442748905572,-0.00954066903604081,0.017752767257395476
3926,0.028091377091377108,0.03604890604890605,0.0412925707430225,0.005243664694116447,0.01320119365164539
3927,0.03686872586872588,0.05311068211068213,0.042849958503686565,-0.010260723606995564,0.005981232634960684
3928,0.0360785070785071,0.06786872586872587,0.05765144811207066,-0.010217277756655214,0.02157294103356356
3929,0.02923166023166025,0.06421492921492923,0.0514592615894457,-0.012755667625483531,0.02222760135778545
3930,0.03315572715572718,0.04565122265122265,0.03402303759135468,-0.011628185059867971,0.0008673104356275024
3931,0.029136422136422157,0.04554568854568855,0.03726516158274689,-0.00828052696294166,0.008128739446324734
3932,0.034293436293436314,0.05179279279279282,0.04233585327957418,-0.009456939513218639,0.00804241698613787
3933,0.03232432432432434,0.05922393822393828,0.04653721217400809,-0.012686726049930194,0.014212887849683747
3934,0.029485199485199502,0.05362548262548266,0.0423789525335694,-0.01124653009191326,0.0128937530483699
3935,0.033056628056628075,0.05288931788931784,0.04144976901888247,-0.01143954887043537,0.008393140962254395
3936,0.030633204633204656,0.05939639639639641,0.048208443494682694,-0.011187952901713719,0.017575238861478038
3937,0.035485199485199494,0.06024710424710425,0.04913260664395008,-0.011114497603154166,0.01364740715875059
3938,0.035471042471042484,0.06660875160875161,0.055778517253853396,-0.010830234354898216,0.020307474782810912
3939,0.03153153153153154,0.04020978120978124,0.029740746412072465,-0.010469034797708776,-0.0017907851194590776
3940,0.03236550836550838,0.07099613899613898,0.060435802781780595,-0.010560336214358382,0.028070294416272214
3941,0.030404118404118427,0.07039897039897039,0.06132100611657541,-0.009077964282394976,0.030916887712456986
3942,0.030823680823680838,0.06281081081081083,0.053657078794193985,-0.009153732016616845,0.022833397970513147
3943,0.026527670527670542,0.04795752895752898,0.040948583138324314,-0.007008945819204665,0.014420912610653772
3944,0.030190476190476205,0.04316731016731019,0.03626352949876917,-0.006903780668541019,0.0060730533082929625
3945,0.026438867438867458,0.07545817245817246,0.06692289106746799,-0.008535281390704474,0.04048402362860053
3946,0.028746460746460766,0.07169755469755473,0.06337334969073481,-0.00832420500681992,0.03462688894427404
3947,0.03199613899613902,0.07377992277992276,0.06103082612362347,-0.012749096656299294,0.02903468712748445
3948,0.02767052767052769,0.05575804375804378,0.04535183051395924,-0.010406213244084542,0.01768130284343155
3949,0.027858429858429876,0.06559716859716859,0.05270204534782195,-0.012895123249346642,0.02484361548939207
3950,0.030634491634491653,0.07406048906048907,0.06374823088055834,-0.010312258179930728,0.033113739246066684
3951,0.03347490347490349,0.07873230373230374,0.06748411791800242,-0.011248185814301315,0.03400921444309893
3952,0.03607207207207208,0.06670398970398969,0.055584509907701876,-0.011119479796287815,0.019512437835629795
3953,0.028912483912483924,0.06997039897039901,0.057614434818716795,-0.01235596415168222,0.02870195090623287
3954,0.031655083655083675,0.08511325611325618,0.0740037001750702,-0.01110955593818598,0.042348616519986525
3955,0.02493436293436295,0.061332046332046336,0.05130602100441349,-0.010026025327632845,0.02637165807005054
3956,0.023684684684684695,0.06400643500643503,0.05394063992210149,-0.010065795084333543,0.030255955237416796
3957,0.026535392535392555,0.08511583011583011,0.0771914364441175,-0.007924393671712618,0.05065604390872494
3958,0.035141570141570155,0.07721492921492926,0.06737545782851873,-0.009839471386410531,0.03223388768694857
3959,0.029752895752895768,0.06714800514800517,0.056889501137217066,-0.010258504010788108,0.027136605384321298
3960,0.0294813384813385,0.07622136422136429,0.06537657207803725,-0.010844792143327037,0.03589523359669875
3961,0.033221364221364236,0.04473101673101675,0.03186123023985364,-0.012869786491163111,-0.0013601339815105945
3962,0.03540669240669242,0.08774131274131274,0.07760079456579307,-0.01014051817551967,0.04219410215910065
3963,0.027575289575289597,0.07391505791505794,0.06067049239546185,-0.013244565519596088,0.033095202820172254
3964,0.029805662805662825,0.06214671814671817,0.04910058265619545,-0.01304613549052272,0.019294919850532624
3965,0.029779922779922793,0.04838610038610042,0.041553220737839826,-0.006832879648260591,0.011773297957917032
3966,0.02793951093951096,0.05581724581724586,0.045612785262715665,-0.010204460554530198,0.017673274323204705
3967,0.02370270270270272,0.07623680823680824,0.06507148261243197,-0.011165325624376277,0.041368779909729245
3968,0.0331866151866152,0.05618661518661521,0.04179680033342973,-0.014389814853185481,0.008610185146814532
3969,0.026541827541827562,0.04522779922779923,0.03801922250698375,-0.007208576720815478,0.01147739496515619
3970,0.028030888030888046,0.049033462033462046,0.03782444821998277,-0.011209013813479274,0.009793560189094726
3971,0.02982239382239384,0.0523256113256113,0.04200358832811962,-0.01032202299749168,0.012181194505725784
3972,0.030268983268983286,0.06960875160875162,0.060290764971991255,-0.00931798663676036,0.03002178170300797
3973,0.0272767052767053,0.06589703989703992,0.05332413974475204,-0.012572900152287882,0.026047434468046738
3974,0.028189189189189202,0.05548906048906051,0.04604656756882128,-0.009442492920239229,0.017857378379632076
3975,0.028862290862290873,0.052297297297297304,0.04181324797939044,-0.010484049317906863,0.012950957117099569
3976,0.029517374517374535,0.08919176319176317,0.08351121662035413,-0.00568054657140904,0.0539938421029796
3977,0.03233075933075935,0.07517245817245817,0.062497673265714905,-0.012674784906743265,0.030166913934955554
3978,0.03466537966537969,0.04997940797940798,0.04032032130936098,-0.009659086670047001,0.005654941643981289
3979,0.029782496782496806,0.06394980694980694,0.053651775170339616,-0.010298031779467323,0.02386927838784281
3980,0.03128828828828831,0.05977220077220076,0.04863911948324606,-0.011133081288954697,0.017350831194957755
3981,0.02300643500643502,0.05902059202059203,0.04726119127702459,-0.01175940074356744,0.02425475627058957
3982,0.03139639639639641,0.058133848133848115,0.047159940071114986,-0.010973908062733129,0.015763543674718578
3983,0.02893951093951096,0.07886872586872586,0.07036346635675224,-0.008505259511973617,0.04142395541724128
3984,0.025754182754182772,0.04342728442728442,0.031016969854337398,-0.012410314572947022,0.005262787100154626
3985,0.030700128700128716,0.044335907335907324,0.03451778397947465,-0.009818123356432673,0.003817655279345935
3986,0.029211068211068225,0.07835135135135138,0.06860670423736301,-0.00974464711398837,0.039395636026294784
3987,0.030244530244530256,0.08716473616473619,0.07757002443327597,-0.009594711731460218,0.047325494188745716
3988,0.023664092664092685,0.049335907335907314,0.03858048579677989,-0.010755421539127424,0.014916393132687205
3989,0.029536679536679555,0.07033719433719433,0.05889399656340597,-0.011443197773788362,0.029357317026726417
3990,0.02791891891891894,0.0564980694980695,0.04869508036263395,-0.007802989135435548,0.020776161443715014
3991,0.02973616473616475,0.04352252252252255,0.03344494422513102,-0.010077578297391525,0.0037087794889662726
3992,0.023996138996139015,0.05432175032175034,0.04389515002126244,-0.0104266003004879,0.019899011025123422
3993,0.029868725868725885,0.04771943371943373,0.039195831726954025,-0.008523601992479708,0.00932710585822814
3994,0.0323899613899614,0.0402033462033462,0.03925275109386051,-0.0009505951094856899,0.006862789703899114
3995,0.03382496782496784,0.061758043758043744,0.05010214838576845,-0.011655895372275293,0.01627718056080061
3996,0.025700128700128718,0.055952380952380955,0.04574698139867324,-0.010205399553707716,0.02004685269854452
3997,0.02418790218790221,0.055844272844272846,0.04698612669992956,-0.008858146144343285,0.022798224512027353
3998,0.03434877734877737,0.056952380952380983,0.04389825605863801,-0.013054124893742976,0.009549478709860636
3999,0.03066795366795369,0.06319948519948523,0.0535325346057593,-0.009666950593725937,0.022864580937805606
4000,0.027462033462033485,0.0534157014157014,0.04315141518296959,-0.01026428623273181,0.015689381720936105
4001,0.031557271557271574,0.05447490347490345,0.04157956192405725,-0.0128953415508462,0.010022290366785674
4002,0.026561132561132576,0.044858429858429874,0.0331056099033827,-0.011752819955047171,0.0065444773422501275
4003,0.029743886743886765,0.06291763191763192,0.054021800515096176,-0.00889583140253574,0.02427791377120941
4004,0.03064092664092666,0.051774774774774796,0.040318674126300066,-0.011456100648474729,0.009677747485373405
4005,0.028619047619047638,0.053575289575289606,0.044965842362033534,-0.008609447213256072,0.016346794742985896
4006,0.029393822393822405,0.04983783783783783,0.04043236242907966,-0.00940547540875817,0.011038540035257255
4007,0.02569626769626772,0.07574259974259977,0.06280962014996293,-0.01293297959263684,0.03711335245369521
4008,0.030994851994852014,0.06289575289575294,0.051745272913804895,-0.011150479981948049,0.02075042091895288
4009,0.03169755469755472,0.05502316602316607,0.040990559547463376,-0.014032606475702696,0.009293004849908658
4010,0.024592020592020612,0.0710926640926641,0.06110842268373733,-0.009984241408926765,0.03651640209171672
4011,0.028821106821106834,0.060725868725868735,0.048654997589274364,-0.012070871136594372,0.01983389076816753
4012,0.03332046332046334,0.05521106821106825,0.04473739731364884,-0.010473670897419407,0.011416933993185503
4013,0.02649935649935652,0.05071943371943371,0.04334191925909885,-0.007377514460334855,0.016842562759742333
4014,0.028486486486486495,0.07604118404118405,0.06904609658749995,-0.006995087453684101,0.04055961010101346
4015,0.02785971685971688,0.035357786357786365,0.028000605617693207,-0.007357180740093158,0.00014088875797632627
4016,0.03134105534105536,0.04067438867438865,0.03256042824590643,-0.008113960428482218,0.0012193729048510724
4017,0.03127027027027028,0.07110424710424712,0.06094515142402527,-0.010159095680221851,0.029674881153754988
4018,0.026555984555984572,0.05473230373230376,0.044076239856296336,-0.010656063876007427,0.017520255300311764
4019,0.02046074646074648,0.06455469755469756,0.05501559916035287,-0.009539098394344692,0.034554852699606384
4020,0.026765765765765785,0.06637837837837839,0.05775001066956822,-0.008628367708810168,0.030984244903802433
4021,0.026023166023166042,0.04236164736164736,0.03407188853717069,-0.008289758824476669,0.008048722514004649
4022,0.02784298584298586,0.06755984555984557,0.05836223251534687,-0.009197613044498697,0.03051924667236101
4023,0.03125096525096527,0.05759974259974262,0.04700885385424552,-0.010590888745497101,0.01575788860328025
4024,0.029577863577863593,0.07459073359073361,0.06544852137312732,-0.009142212217606291,0.03587065779526372
4025,0.02883397683397685,0.07386229086229087,0.06392748270518048,-0.009934808157110397,0.03509350587120363
4026,0.030014157014157033,0.051314028314028357,0.04171315743959175,-0.009600870874436604,0.01169900042543472
4027,0.029540540540540557,0.08572458172458174,0.07648352325771826,-0.009241058466863475,0.0469429827171777
4028,0.024325611325611344,0.052848133848133874,0.04126865329074451,-0.011579480557389367,0.016943041965133163
4029,0.026299871299871318,0.04657786357786354,0.03968785194216695,-0.006890011635696587,0.013387980642295634
4030,0.027441441441441457,0.0474671814671815,0.037793251153393194,-0.009673930313788305,0.010351809711951737
4031,0.027850707850707864,0.06793307593307593,0.05609800644428194,-0.011835069488793988,0.02824729859357408
4032,0.029873873873873896,0.0769202059202059,0.0657738295994764,-0.011146376320729498,0.035899955725602506
4033,0.028747747747747767,0.0794954954954955,0.06935599085371931,-0.010139504641776195,0.04060824310597154
4034,0.03198841698841701,0.06968211068211065,0.0580911242917911,-0.011590986390319552,0.026102707303374093
4035,0.027792792792792807,0.037024453024453056,0.028690252045570453,-0.008334200978882603,0.0008974592527776458
4036,0.03380823680823682,0.06660231660231664,0.05757609394186779,-0.009026222660448849,0.023767857133630964
4037,0.02645688545688547,0.04877992277992281,0.03519964220270143,-0.013580280577221382,0.008742756745815958
4038,0.028552123552123564,0.0634916344916345,0.05226528596529499,-0.01122634852633951,0.023713162413171427
4039,0.031113256113256132,0.03803346203346202,0.03393921060081296,-0.0040942514326490625,0.002825954487556827
4040,0.027805662805662823,0.04655855855855859,0.037250425250954525,-0.009308133307604063,0.009444762445291702
4041,0.029481338481338507,0.05043500643500644,0.03910002212182467,-0.011334984313181772,0.00961868364048616
4042,0.037096525096525106,0.03475546975546974,0.030312129668742947,-0.004443340086726793,-0.006784395427782159
4043,0.02374131274131276,0.0878970398970399,0.07829396418146871,-0.009603075715571188,0.05455265144015595
4044,0.029241956241956264,0.06142599742599747,0.049740037790119665,-0.011685959635877805,0.0204980815481634
4045,0.029131274131274146,0.04979665379665381,0.039557188943655563,-0.010239464852998245,0.010425914812381417
4046,0.02682110682110684,0.05859716859716861,0.04994801142408997,-0.00864915717307864,0.023126904602983132
4047,0.02635006435006437,0.06245817245817248,0.05097345658070034,-0.011484715877472136,0.024623392230635973
4048,0.0247786357786358,0.07763320463320462,0.06802362872959626,-0.009609575903608364,0.04324499295096046
4049,0.029284427284427303,0.06540926640926642,0.05308356763878789,-0.012325698770478531,0.023799140354360586
4050,0.03333333333333335,0.07151994851994856,0.05799498125632797,-0.01352496726362059,0.02466164792299462
4051,0.030353925353925372,0.06632818532818532,0.05359250536624656,-0.012735679961938765,0.023238580012321187
4052,0.02526126126126128,0.07402059202059201,0.06276122706099148,-0.011259364959600532,0.037499965799730195
4053,0.027562419562419577,0.06753796653796657,0.05904950082211906,-0.008488465715847507,0.031487081259699484
4054,0.028568854568854586,0.049225225225225266,0.03754561285175118,-0.011679612373474084,0.008976758282896596
4055,0.02791119691119693,0.04592149292149294,0.03440227559035233,-0.011519217331140606,0.006491078679155403
4056,0.0342844272844273,0.039501930501930516,0.03331630317614679,-0.0061856273257837255,-0.0009681241082805103
4057,0.02740025740025742,0.0597387387387387,0.04906175617477823,-0.01067698256396047,0.021661498774520813
4058,0.029371943371943387,0.04712998712998716,0.03782327681532615,-0.009306710314661008,0.008451333443382763
4059,0.03195109395109396,0.041629343629343674,0.03040515246298879,-0.011224191166354883,-0.0015459414881051695
4060,0.02860102960102962,0.037630630630630636,0.03564229276588084,-0.0019883378647497993,0.0070412631648512185
4061,0.03147490347490349,0.05275160875160876,0.04034813081817866,-0.0124034779334301,0.00887322734327517
4062,0.026736164736164754,0.0632908622908623,0.05626494455257116,-0.007025917738291136,0.029528779816406406
4063,0.028909909909909926,0.03903217503217504,0.029942277994152347,-0.009089897038022696,0.0010323680842424209
4064,0.026088803088803108,0.05074903474903476,0.04073345105063209,-0.01001558369840267,0.014644647961828985
4065,0.02860102960102962,0.05836679536679538,0.04609390998757997,-0.012272885379215406,0.017492880386550353
4066,0.025629343629343646,0.07503732303732305,0.0642376158273736,-0.010799707209949452,0.03860827219802995
4067,0.028249678249678264,0.03865637065637069,0.029610592879073718,-0.009045777777296971,0.0013609146293954537
4068,0.03847619047619049,0.0637696267696268,0.0549386522018657,-0.0088309745677611,0.016462461725675212
4069,0.03376190476190478,0.05020849420849425,0.037375641376469995,-0.012832852832024254,0.0036137366145652175
4070,0.02741184041184043,0.06827027027027024,0.056900922722827284,-0.011369347547442961,0.029489082310986854
4071,0.02886486486486488,0.04750321750321749,0.03567088198839993,-0.011832335514817556,0.006806017123535051
4072,0.023311454311454333,0.04221492921492926,0.03300107113167399,-0.009213858083255269,0.009689616820219658
4073,0.030335907335907346,0.03182368082368084,0.024256477214588828,-0.007567203609092011,-0.006079430121318518
4074,0.03170141570141572,0.043745173745173775,0.04129883540497134,-0.002446338340202435,0.00959741970355562
4075,0.025925353925353944,0.05164221364221363,0.04136771864727009,-0.01027449499494354,0.015442364721916145
4076,0.03467310167310169,0.08507850707850706,0.0763437626852867,-0.008734744393220362,0.04167066101218501
4077,0.03010810810810812,0.054956241956241984,0.04432919378387164,-0.010627048172370347,0.014221085675763516
4078,0.030382239382239395,0.06604504504504498,0.05486602134879335,-0.011179023696251629,0.024483781966553955
4079,0.028373230373230387,0.046581724581724625,0.03507760975515408,-0.011504114826570544,0.006704379381923694
4080,0.031169884169884185,0.06321879021879026,0.05054254352754734,-0.01267624669124292,0.019372659357663156
4081,0.026409266409266424,0.0485752895752896,0.03815709596839093,-0.01041819360689867,0.011747829559124508
4082,0.0280772200772201,0.046667953667953684,0.03638294878271921,-0.010285004885234476,0.008305728705499109
4083,0.03607593307593309,0.06287773487773485,0.05331492193443032,-0.009562812943304529,0.01723898885849723
4084,0.028087516087516105,0.052021879021879026,0.04148637448765578,-0.010535504534223243,0.013398858400139678
4085,0.03402831402831404,0.049828828828828824,0.0402266587207185,-0.009602170108110326,0.006198344692404455
4086,0.025446589446589465,0.0463783783783784,0.035597369926325506,-0.010781008452052897,0.01015078047973604
4087,0.029391248391248407,0.06730373230373228,0.05579669636279493,-0.011507035940937348,0.026405447971546526
4088,0.038980694980695,0.0632805662805663,0.049851831822355995,-0.013428734458210308,0.010871136841660994
4089,0.02697039897039899,0.045719433719433704,0.03264835581375995,-0.013071077905673752,0.005677956843360962
4090,0.019728442728442746,0.054637065637065656,0.042661751136000646,-0.01197531450106501,0.0229333084075579
4091,0.028549549549549566,0.04775546975546978,0.03579138281078669,-0.011964086944683087,0.007241833261237125
4092,0.03300000000000002,0.05466666666666666,0.044353347613063906,-0.010313319053602756,0.011353347613063884
4093,0.03266023166023167,0.06658944658944663,0.05655639359691047,-0.010033052992536158,0.023896161936678796
4094,0.0250836550836551,0.05910682110682111,0.049238837833817266,-0.009867983273003846,0.024155182750162166
4095,0.02971171171171173,0.03964607464607465,0.03427502028862916,-0.00537105435744549,0.004563308576917429
4096,0.03590604890604892,0.04633719433719437,0.03696524615173538,-0.009371948185458986,0.001059197245686462
4097,0.03631402831402833,0.0647387387387388,0.052155454331195596,-0.0125832844075432,0.015841426017167266
4098,0.033332046332046346,0.06783011583011583,0.05712828120598232,-0.010701834624133516,0.02379623487393597
4099,0.030401544401544415,0.04993564993564994,0.03827305486107116,-0.011662595074578778,0.007871510459526745
4100,0.03345173745173746,0.06946203346203345,0.05918688797623885,-0.010275145485794598,0.025735150524501385
4101,0.028837837837837856,0.06329214929214927,0.053541336697785005,-0.009750812594364264,0.02470349885994715
4102,0.030059202059202077,0.04870141570141566,0.04131318676056553,-0.007388228940850131,0.011253984701363452
4103,0.030111969111969127,0.0796756756756757,0.06850855990352772,-0.011167115772147976,0.03839659079155859
4104,0.025440154440154458,0.05748391248391251,0.04595895433740013,-0.01152495814651238,0.020518799897245674
4105,0.03286486486486488,0.053815958815958825,0.041831210623191305,-0.01198474819276752,0.008966345758326423
4106,0.030818532818532834,0.061420849420849404,0.050390076313543634,-0.011030773107305769,0.0195715434950108
4107,0.02984169884169886,0.03807593307593309,0.03202895904038533,-0.006046974035547763,0.00218726019868647
4108,0.029471042471042486,0.04745302445302445,0.04016741329368008,-0.007285611159344368,0.010696370822637594
4109,0.03325868725868727,0.06059974259974261,0.04923042981335267,-0.011369312786389939,0.0159717425546654
4110,0.022576576576576596,0.06902187902187899,0.05992822357484912,-0.00909365544702987,0.03735164699827252
4111,0.02601287001287003,0.03672972972972972,0.02837395632654903,-0.008355773403180687,0.0023610863136790013
4112,0.028907335907335928,0.06770270270270269,0.05892386978514685,-0.008778832917555844,0.03001653387781092
4113,0.029033462033462056,0.06337451737451737,0.05369533654839635,-0.009679180826121014,0.024661874514934297
4114,0.03057142857142859,0.09044144144144144,0.0775045227971454,-0.012936918644296039,0.04693309422571681
4115,0.027976833976833995,0.08400514800514801,0.0774105626474512,-0.006594585357696803,0.04943372867061721
4116,0.026158301158301176,0.03942728442728445,0.030236784862433252,-0.009190499564851198,0.004078483704132076
4117,0.027371943371943385,0.08336422136422139,0.07407742654638552,-0.00928679481783587,0.04670548317444213
4118,0.030105534105534123,0.04131531531531531,0.03778562615430444,-0.003529689161010867,0.007680092048770317
4119,0.030329472329472345,0.04102831402831402,0.03553598257972597,-0.005492331448588052,0.005206510250253624
4120,0.031051480051480066,0.03258815958815963,0.029866380883441786,-0.002721778704717844,-0.0011850991680382797
4121,0.03149420849420851,0.044692406692406685,0.03406185324174619,-0.010630553450660496,0.0025676447475376785
4122,0.03276576576576578,0.05858558558558561,0.047012751760669165,-0.011572833824916445,0.014246985994903386
4123,0.026306306306306326,0.04951480051480053,0.04089116091068717,-0.008623639604113366,0.014584854604380842
4124,0.028746460746460766,0.0727850707850708,0.06196952405042636,-0.010815546734644431,0.0332230633039656
4125,0.030054054054054067,0.05844144144144147,0.047067573758148976,-0.011373867683292495,0.01701351970409491
4126,0.02717503217503219,0.05607078507078509,0.0450623815698463,-0.01100840350093879,0.017887349394814112
4127,0.026324324324324334,0.049936936936936946,0.03894585707130583,-0.010991079865631116,0.012621532746981495
4128,0.03107722007722009,0.08106949806949805,0.07044178460792071,-0.010627713461577343,0.03936456453070061
4129,0.030321750321750336,0.03700900900900906,0.026630634473214034,-0.010378374535795026,-0.003691115848536302
4130,0.03157657657657659,0.06173359073359069,0.04870219097168835,-0.013031399761902346,0.01712561439511176
4131,0.03459845559845562,0.04823423423423425,0.04159513261528298,-0.006639101618951274,0.006996677016827359
4132,0.02433333333333335,0.04913899613899618,0.03943511829349805,-0.00970387784549813,0.015101784960164701
4133,0.026095238095238112,0.06843758043758046,0.05760988343187992,-0.010827697005700535,0.031514645336641806
4134,0.02745688545688547,0.055154440154440154,0.04280837860949958,-0.012346061544940577,0.015351493152614106
4135,0.029108108108108124,0.03689446589446589,0.033887644077689696,-0.003006821816776195,0.004779535969581573
4136,0.02539124839124841,0.0695276705276705,0.05919298854446701,-0.010334681983203496,0.0338017401532186
4137,0.026402831402831416,0.058953667953667986,0.04948051448967308,-0.009473153463994903,0.023077683086841667
4138,0.02875418275418277,0.04584942084942087,0.03611320682477725,-0.00973621402464362,0.007359024070594477
4139,0.02895238095238097,0.04975675675675678,0.0396439999389759,-0.010112756817780878,0.010691618986594934
4140,0.030796653796653816,0.04588030888030892,0.03679247747016952,-0.0090878314101394,0.005995823673515702
4141,0.03387516087516089,0.08014929214929215,0.07177030517390431,-0.008378986975387831,0.037895144298743424
4142,0.026922779922779937,0.06150193050193053,0.04979191824208828,-0.01171001225984225,0.02286913831930834
4143,0.026583011583011604,0.08353667953667952,0.06994729388535965,-0.013589385651319869,0.04336428230234805
4144,0.03257786357786359,0.0556808236808237,0.04165408154379415,-0.01402674213702955,0.009076217965930562
4145,0.03426769626769628,0.06326126126126129,0.05016089206412475,-0.013100369197136537,0.01589319579642847
4146,0.03247361647361648,0.05715701415701416,0.04616152849728095,-0.010995485659733205,0.01368791202366447
4147,0.0276795366795367,0.03514285714285714,0.0289130619830329,-0.006229795159824244,0.0012335253034961996
4148,0.027902187902187923,0.07263835263835264,0.06157490216490209,-0.011063450473450545,0.03367271426271417
4149,0.025213642213642234,0.07517374517374516,0.06264453250901769,-0.012529212664727465,0.037430890295375455
4150,0.021938223938223957,0.03761003861003861,0.030633928663935057,-0.006976109946103551,0.008695704725711101
4151,0.024063063063063078,0.06856370656370656,0.05984565038407785,-0.008718056179628703,0.035782587321014775
4152,0.03130630630630632,0.04954054054054057,0.03768712012182099,-0.011853420418719583,0.006380813815514669
4153,0.037209781209781224,0.05505019305019305,0.043474083513647746,-0.011576109536545302,0.006264302303866522
4154,0.03017503217503219,0.03326769626769627,0.027874582617648264,-0.005393113650048003,-0.0023004495573839268
4155,0.033012870012870024,0.051095238095238055,0.04027420735009654,-0.010821030745141513,0.007261337337226517
4156,0.030239382239382252,0.04957400257400258,0.03808208815738709,-0.011491914416615491,0.007842705918004837
4157,0.02976319176319178,0.05930759330759328,0.049219615046384134,-0.010087978261209149,0.019456423283192355
4158,0.028244530244530264,0.08399613899613903,0.07333960061840701,-0.01065653837773202,0.04509507037387675
4159,0.03262033462033464,0.06305920205920207,0.04918467665018442,-0.013874525409017652,0.016564342029849778
4160,0.03696525096525098,0.04007207207207207,0.03370997368333878,-0.006362098388733292,-0.0032552772819122028
4161,0.028465894465894485,0.048445302445302464,0.037293193873378525,-0.01115210857192394,0.00882729940748404
4162,0.030293436293436303,0.03315444015444015,0.036421479246062274,0.003267039091622126,0.006128042952625971
4163,0.030320463320463335,0.07868211068211065,0.07049540217204228,-0.008186708510068363,0.04017493885157895
4164,0.025432432432432452,0.08372715572715574,0.07049610587073564,-0.013231049856420096,0.045063673438303184
4165,0.03840283140283141,0.0475933075933076,0.036267345057860834,-0.011325962535446765,-0.002135486344970579
4166,0.02671299871299873,0.048193050193050174,0.03936611525873284,-0.008826934934317333,0.01265311654573411
4167,0.031249678249678264,0.07258043758043761,0.06289648650728956,-0.009683951073148053,0.03164680825761129
4168,0.030884169884169897,0.09505019305019301,0.0852122904996996,-0.00983790255049341,0.054328120615529704
4169,0.03256241956241958,0.06414285714285715,0.053759313607792084,-0.01038354353506507,0.021196894045372505
4170,0.03194465894465896,0.052213642213642227,0.0409624745807203,-0.01125116763292193,0.009017815636061334
4171,0.03751737451737453,0.06182239382239384,0.047847971219695015,-0.013974422602698822,0.010330596702320484
4172,0.024030888030888046,0.08046332046332048,0.0711044402862021,-0.00935888017711839,0.04707355225531405
4173,0.03181081081081082,0.0677104247104247,0.05394649197000308,-0.01376393274042162,0.022135681159192254
4174,0.028229086229086243,0.06589575289575293,0.05306712203070887,-0.012828630865044065,0.024838035801622624
4175,0.027489060489060503,0.053629343629343636,0.04276523171981193,-0.010864111909531703,0.01527617123075143
4176,0.02381981981981984,0.04395109395109394,0.03778971789480043,-0.006161376056293515,0.01396989807498059
4177,0.03351351351351353,0.06048005148005147,0.04899362395507459,-0.011486427524976882,0.015480110441561057
4178,0.03150321750321752,0.05271814671814676,0.045033147829717464,-0.007684998888429294,0.01352993032649994
4179,0.029128700128700148,0.054720720720720706,0.04365688847744208,-0.011063832243278629,0.014528188348741929
4180,0.029153153153153172,0.07829601029601033,0.06835224331395243,-0.0099437669820579,0.039199090160799255
4181,0.03247619047619049,0.04891634491634493,0.03725610967113176,-0.011660235245213174,0.004779919194941265
4182,0.03176962676962679,0.05269626769626774,0.03968267510906605,-0.013013592587201694,0.00791304833943926
4183,0.02437323037323039,0.06926898326898329,0.05702890783733473,-0.012240075431648553,0.032655677464104346
4184,0.03351351351351353,0.04585714285714288,0.03807259268539822,-0.007784550171744661,0.004559079171884688
4185,0.03394594594594596,0.05985714285714287,0.04851366107831261,-0.01134348177883026,0.014567715132366654
4186,0.02967052767052769,0.03804504504504505,0.03173836793523256,-0.006306677109812489,0.0020678402647048705
4187,0.03282625482625484,0.07103217503217507,0.06137649299953604,-0.00965568203263903,0.0285502381732812
4188,0.03316988416988419,0.05432175032175029,0.047984222318340805,-0.006337528003409483,0.014814338148456618
4189,0.028593307593307606,0.046456885456885505,0.03871041400864106,-0.007746471448244446,0.010117106415333452
4190,0.029002574002574017,0.061039897039897054,0.050335709898513596,-0.010704187141383457,0.02133313589593958
4191,0.02499742599742601,0.044539253539253566,0.032599976474811006,-0.01193927706444256,0.007602550477384996
4192,0.02849292149292151,0.060544401544401535,0.05186858529871248,-0.008675816245689055,0.02337566380579097
4193,0.029478764478764494,0.05723037323037324,0.04566466556939583,-0.011565707660977413,0.016185901090631335
4194,0.029888030888030905,0.05804761904761906,0.0473890774907317,-0.010658541556887363,0.017501046602700795
4195,0.030492921492921505,0.06417760617760618,0.054331861292662445,-0.009845744884943733,0.02383893979974094
4196,0.02991248391248393,0.0367824967824968,0.02735487922970021,-0.009427617552796592,-0.00255760468278372
4197,0.03161132561132564,0.05704504504504506,0.04688808813232614,-0.010156956912718923,0.015276762521000499
4198,0.01940797940797943,0.057962676962676984,0.04576568656468369,-0.012196990397993296,0.026357707156704258
4199,0.028679536679536696,0.060005148005148,0.05037963118307362,-0.009625516822074381,0.021700094503536924
4200,0.02812870012870015,0.06987516087516092,0.05949412958131285,-0.01038103129384807,0.0313654294526127
4201,0.02721106821106823,0.0568880308880309,0.046966242176856625,-0.009921788711174273,0.019755173965788395
4202,0.029588159588159614,0.052410553410553444,0.04203905167753999,-0.010371501733013454,0.012450892089380376
4203,0.028319176319176343,0.06036679536679539,0.04748327599614823,-0.012883519370647155,0.01916409967697189
4204,0.025483912483912505,0.09366795366795369,0.08500735873367211,-0.008660594934281576,0.05952344624975961
4205,0.028398970398970415,0.06208108108108106,0.0517228954227272,-0.010358185658353863,0.023323925023756784
4206,0.03454054054054056,0.05150193050193048,0.04079969709704799,-0.010702233404882487,0.006259156556507432
4207,0.03097683397683399,0.05401544401544399,0.042972875555918486,-0.011042568459525504,0.011996041579084495
4208,0.030944658944658962,0.07510296010296011,0.06555882453613261,-0.009544135566827497,0.03461416559147365
4209,0.03051093951093953,0.0633835263835264,0.05044924509942542,-0.012934281284100978,0.019938305588485892
4210,0.029084942084942098,0.05797683397683396,0.0463341405725377,-0.011642693404296259,0.017249198487595603
4211,0.02516473616473618,0.047729729729729706,0.03534032092881347,-0.012389408800916234,0.010175584764077292
4212,0.026177606177606193,0.04991248391248392,0.042159019570619634,-0.0077534643418642885,0.01598141339301344
4213,0.035665379665379686,0.06381853281853284,0.05053091698338704,-0.013287615835145795,0.014865537318007355
4214,0.03360489060489062,0.07285456885456888,0.06170380972868086,-0.011150759125888025,0.028098919123790235
4215,0.02386357786357788,0.04975675675675679,0.038519728763827074,-0.011237027992929714,0.014656150900249194
4216,0.024809523809523826,0.057413127413127436,0.04796103306513393,-0.009452094347993503,0.023151509255610107
4217,0.03255469755469757,0.055003861003861024,0.04382604568183733,-0.011177815322023693,0.011271348127139758
4218,0.03176833976833978,0.06482882882882884,0.05365740855944273,-0.011171420269386112,0.02188906879110295
4219,0.02769755469755471,0.04820849420849424,0.03630892079513589,-0.011899573413358351,0.008611366097581178
4220,0.026545688545688565,0.05711196911196912,0.04818118729162659,-0.008930781820342529,0.021635498745938026
4221,0.03322136422136424,0.06424324324324324,0.0540219003689644,-0.010221342874278838,0.020800536147600156
4222,0.03494980694980697,0.0646164736164736,0.055261472784825925,-0.009355000831647677,0.020311665835018956
4223,0.025588159588159604,0.04926640926640929,0.03943634155073312,-0.009830067715676169,0.013848181962573515
4224,0.022773487773487797,0.04566666666666667,0.03486914699524652,-0.010797519671420147,0.012095659221758724
4225,0.028124839124839145,0.051162162162162204,0.038511547152398795,-0.01265061500976341,0.01038670802755965
4226,0.025468468468468484,0.06178764478764483,0.05256570339174895,-0.009221941395895876,0.027097234923280467
4227,0.03135263835263837,0.049259974259974276,0.03782425637341565,-0.011435717886558623,0.006471618020777281
4228,0.03293951093951095,0.06283268983268983,0.052123680594888915,-0.010709009237800916,0.01918416965537796
4229,0.030405405405405418,0.068060489060489,0.05759318636665171,-0.010467302693837298,0.02718778096124629
4230,0.03380180180180182,0.05114929214929216,0.0397360375637329,-0.011413254585559258,0.005934235761931084
4231,0.029433719433719453,0.054057915057915074,0.04333984961685603,-0.010718065441059042,0.013906130183136578
4232,0.0313809523809524,0.06422007722007722,0.05657313705405874,-0.007646940166018482,0.02519218467310634
4233,0.025925353925353938,0.04786615186615185,0.0402432545579614,-0.007622897308190449,0.014317900632607461
4234,0.02502316602316604,0.045581724581724596,0.03745910910641258,-0.008122615475312019,0.012435943083246536
4235,0.031410553410553425,0.06621621621621619,0.05547620741297993,-0.010740008803236265,0.024065654002426502
4236,0.032056628056628074,0.06223680823680828,0.04973567092132705,-0.012501137315481227,0.017679042864698978
4237,0.028186615186615208,0.07007464607464613,0.061521559746110864,-0.008553086328535263,0.033334944559495656
4238,0.030184041184041204,0.05891248391248394,0.047817721625444155,-0.011094762287039782,0.01763368044140295
4239,0.04051351351351353,0.037799227799227786,0.03461761844862562,-0.0031816093506021673,-0.005895895064887913
4240,0.02725096525096526,0.05953024453024454,0.050101419819849724,-0.009428824710394815,0.022850454568884463
4241,0.03353281853281855,0.05953024453024454,0.048627394565418536,-0.010902849964826003,0.015094576032599984
4242,0.035824967824967836,0.05538867438867437,0.04519852612024254,-0.010190148268431828,0.009373558295274705
4243,0.022638352638352656,0.06905791505791506,0.05834367149093493,-0.010714243566980128,0.035705318852582275
4244,0.0364929214929215,0.059813384813384836,0.049181685798737884,-0.010631699014646952,0.012688764305816384
4245,0.031145431145431158,0.04094980694980698,0.040734228294690686,-0.00021557865511629554,0.009588797149259528
4246,0.026057915057915076,0.053541827541827514,0.044571289308294355,-0.008970538233533158,0.01851337425037928
4247,0.02987387387387389,0.08546589446589443,0.07724441228854749,-0.008221482177346945,0.047370538414673605
4248,0.027177606177606197,0.08022393822393824,0.0690730459390046,-0.011150892284933642,0.041895439761398395
4249,0.03345431145431148,0.09625997425997429,0.08692395670029184,-0.009336017559682455,0.05346964524598036
4250,0.028335907335907354,0.07839253539253536,0.06936409478561427,-0.009028440606921095,0.04102818744970692
4251,0.031746460746460765,0.05855341055341053,0.047598481209956314,-0.010954929343454219,0.01585202046349555
4252,0.03243500643500645,0.07603346203346205,0.06601061383583474,-0.010022848197627304,0.033575607400828295
4253,0.030459459459459475,0.053160875160875184,0.04166975982065539,-0.011491115340219793,0.011210300361195916
4254,0.025733590733590755,0.05204247104247107,0.0450562698524615,-0.006986201190009568,0.019322679118870745
4255,0.03051866151866154,0.0505083655083655,0.038735109750743464,-0.011773255757622038,0.008216448232081924
4256,0.02472458172458174,0.04271428571428573,0.03262629225273858,-0.010087993461547151,0.00790171052815684
4257,0.02841441441441443,0.04941570141570138,0.03906339237044538,-0.010352309045256004,0.01064897795603095
4258,0.029790218790218807,0.05643500643500643,0.04497892932831996,-0.011456077106686467,0.015188710538101155
4259,0.029445302445302458,0.052792792792792816,0.04101035159777979,-0.011782441195013024,0.011565049152477334
4260,0.031468468468468486,0.059962676962676945,0.048995225417918904,-0.01096745154475804,0.01752675694945042
4261,0.028819819819819834,0.06365379665379668,0.05243771162383893,-0.011216085029957752,0.023617891804019096
4262,0.025745173745173763,0.04206435006435006,0.03125586294737771,-0.010808487116972347,0.005510689202203951
4263,0.035120978120978134,0.045229086229086266,0.03316029590429801,-0.012068790324788255,-0.0019606822166801235
4264,0.02977477477477479,0.05309137709137709,0.04253617147539794,-0.010555205615979148,0.012761396700623151
4265,0.02909523809523811,0.0661917631917632,0.05454936927315234,-0.011642393918610862,0.02545413117791423
4266,0.027373230373230393,0.06529472329472331,0.051050968898343096,-0.014243754396380218,0.023677738525112704
4267,0.025205920205920218,0.04567052767052766,0.039110320186203314,-0.006560207484324343,0.013904399980283096
4268,0.02845045045045047,0.061943371943371975,0.04927700417085204,-0.012666367772519935,0.02082655372040157
4269,0.02193178893178895,0.0422072072072072,0.03414118283780515,-0.008066024369402049,0.012209393906016202
4270,0.024252252252252273,0.04037065637065638,0.039400967752456766,-0.0009696886181996128,0.015148715500204493
4271,0.02987258687258689,0.03936679536679539,0.037588886236448786,-0.0017779091303466027,0.007716299363861895
4272,0.029459459459459474,0.03741312741312742,0.0313573256087078,-0.006055801804419621,0.0018978661492483236
4273,0.027987129987130006,0.050005148005148006,0.0396952042901319,-0.010309943715016104,0.011708074303001897
4274,0.03350965250965252,0.05202059202059205,0.040038958314910104,-0.011981633705681949,0.006529305805257582
4275,0.02596138996138998,0.0657245817245817,0.054955547445815135,-0.010769034278766569,0.028994157484425156
4276,0.026788931788931807,0.04810296010296013,0.041861094717631005,-0.006241865385329122,0.015072162928699197
4277,0.023146718146718166,0.07507722007722005,0.06273359398007926,-0.012343626097140792,0.039586875833361096
4278,0.031858429858429876,0.06597039897039901,0.055300742632328884,-0.010669656338070127,0.023442312773899007
4279,0.03524710424710426,0.0649433719433719,0.054208400015884485,-0.01073497192748741,0.018961295768780223
4280,0.026148005148005162,0.0396924066924067,0.0352955185696732,-0.0043968881227334985,0.00914751342166804
4281,0.026580437580437592,0.06308622908622909,0.04989835498427053,-0.013187874101958555,0.02331791740383294
4282,0.02916731016731019,0.08107850707850711,0.07164222422762857,-0.009436282850878538,0.042474914060318385
4283,0.02515444015444017,0.0846460746460746,0.07765937987219268,-0.0069866947738819185,0.05250493971775251
4284,0.02493693693693695,0.05643500643500642,0.04876446672504554,-0.007670539709960886,0.023827529788108585
4285,0.026577863577863597,0.05122265122265127,0.04125632779273143,-0.009966323429919842,0.014678464214867834
4286,0.026015444015444034,0.055601029601029625,0.04429878181481192,-0.011302247786217703,0.018283337799367888
4287,0.029047619047619065,0.05624453024453027,0.04558738388741839,-0.010657146357111881,0.016539764839799326
4288,0.031249678249678264,0.06994980694980693,0.06049280075623301,-0.009457006193573918,0.02924312250655475
4289,0.026613899613899625,0.05826254826254828,0.04679436156711336,-0.011468186695434916,0.020180461953213737
4290,0.029967824967824984,0.041564993564993574,0.04170006031291695,0.00013506674792337914,0.01173223534509197
4291,0.029453024453024473,0.033305019305019314,0.04172647483339376,0.00842145552837445,0.01227345038036929
4292,0.030144144144144156,0.0868211068211068,0.08029509823585357,-0.006526008585253235,0.050150954091709415
4293,0.023872586872586893,0.06768211068211065,0.05568787934444285,-0.011994231337667798,0.03181529247185596
4294,0.02748906048906051,0.04466795366795367,0.03514307461278682,-0.00952487905516685,0.007654014123726308
4295,0.029235521235521256,0.039631917631917604,0.044884289556201426,0.005252371924283822,0.01564876832068017
4296,0.03169755469755472,0.06796010296010298,0.056751135966956814,-0.011208966993146163,0.025053581269402096
4297,0.03436036036036038,0.06635263835263837,0.05986850267598184,-0.006484135676656531,0.025508142315621457
4298,0.027428571428571445,0.05496138996138998,0.045560507476518436,-0.009400882484871545,0.01813193604794699
4299,0.027767052767052783,0.042468468468468475,0.031945851293201724,-0.01052261717526675,0.004178798526148941
4300,0.03093951093951096,0.06206177606177605,0.053585063407670046,-0.008476712654106003,0.022645552468159087
4301,0.030437580437580457,0.0666151866151866,0.05580996953727533,-0.010805217077911274,0.025372389099694873
4302,0.026777348777348796,0.05296911196911198,0.04093095919204179,-0.01203815277707019,0.014153610414692992
4303,0.025875160875160893,0.05258558558558556,0.04186276938281712,-0.010722816202768444,0.015987608507656226
4304,0.027935649935649957,0.041716859716859706,0.02997096426039453,-0.011745895456465174,0.002035314324744575
4305,0.02593307593307595,0.040002574002574016,0.03153070251807468,-0.008471871484499335,0.005597626584998731
4306,0.03241956241956244,0.051876447876447865,0.041613222694293045,-0.01026322518215482,0.009193660274730606
4307,0.023212355212355235,0.05132818532818532,0.04166846745409325,-0.009659717874092068,0.018456112241738015
4308,0.033096525096525116,0.07711068211068212,0.06621701993044961,-0.010893662180232508,0.03312049483392449
4309,0.0264826254826255,0.06257014157014157,0.0504187905620083,-0.01215135100813327,0.023936165079382798
4310,0.029292149292149308,0.0533822393822394,0.042086854740870656,-0.011295384641368741,0.012794705448721348
4311,0.03184169884169886,0.07507979407979408,0.0641275260206192,-0.010952268059174874,0.03228582717892035
4312,0.0294890604890605,0.07556499356499358,0.06365636433183305,-0.011908629233160523,0.034167303842772556
4313,0.02719305019305021,0.05309137709137714,0.03948803515891278,-0.013603341932464354,0.012294984965862572
4314,0.032293436293436305,0.0641261261261261,0.054502718431075424,-0.009623407695050677,0.02220928213763912
4315,0.027809523809523826,0.042519948519948524,0.03356608395057624,-0.008953864569372284,0.005756560141052414
4316,0.028344916344916364,0.0567117117117117,0.04663290459259477,-0.010078807119116934,0.018287988247678404
4317,0.04150707850707852,0.0701055341055341,0.05974143951757945,-0.010364094587954654,0.01823436101050093
4318,0.029863577863577885,0.05251351351351352,0.04070517109042878,-0.01180834242308474,0.010841593226850896
4319,0.027388674388674403,0.07138610038610041,0.06101042572423702,-0.010375674661863392,0.03362175133556261
4320,0.03154568854568856,0.06996653796653794,0.05733838204106258,-0.012628155925475365,0.025792693495374018
4321,0.028760617760617776,0.058610038610038606,0.043873929050136595,-0.014736109559902011,0.01511331128951882
4322,0.03234491634491637,0.06506177606177607,0.05432504809517436,-0.01073672796660171,0.021980131750257995
4323,0.025742599742599757,0.05867181467181467,0.04926612700280648,-0.009405687669008192,0.02352352726020672
4324,0.023788931788931805,0.06225997425997428,0.0512395355343691,-0.01102043872560518,0.027450603745437296
4325,0.030122265122265134,0.06928571428571427,0.06048233137459853,-0.008803382911115737,0.0303600662523334
4326,0.03353410553410555,0.051111969111969115,0.03954809570599292,-0.011563873405976192,0.006013990171887369
4327,0.029683397683397707,0.04493050193050193,0.037268062512678404,-0.007662439417823526,0.007584664829280698
4328,0.031091377091377107,0.08449935649935648,0.073923443583126,-0.010575912916230487,0.042832066491748894
4329,0.03296911196911199,0.03879794079794083,0.03461878465391831,-0.0041791561440225194,0.0016496726848063206
4330,0.035341055341055354,0.05328314028314027,0.04013867606974797,-0.013144464213392298,0.004797620728692616
4331,0.03174388674388676,0.04699227799227803,0.038105892727704586,-0.008886385264573443,0.00636200598381783
4332,0.028743886743886764,0.08161389961389966,0.0704672786822765,-0.011146620931623163,0.041723391938389726
4333,0.025945945945945962,0.0485855855855856,0.03826538818430072,-0.010320197401284883,0.012319442238354756
4334,0.03842857142857144,0.06160875160875165,0.05030456638771536,-0.011304185221036288,0.011875994959143925
4335,0.027057915057915077,0.08808751608751607,0.07907666927171741,-0.009010846815798654,0.05201875421380234
4336,0.029666666666666685,0.039633204633204654,0.02906270620309504,-0.010570498430109612,-0.0006039604635716435
4337,0.027060489060489076,0.05175675675675678,0.041326338977389764,-0.01043041777936702,0.014265849916900688
4338,0.024800514800514817,0.053203346203346234,0.038936274510180134,-0.0142670716931661,0.014135759709665317
4339,0.029472329472329493,0.06037837837837834,0.05044767767117861,-0.00993070070719973,0.020975348198849116
4340,0.02982882882882884,0.06515444015444019,0.05415756792569861,-0.010996872228741579,0.02432873909686977
4341,0.0285830115830116,0.07515057915057918,0.06522306029076447,-0.009927518859814716,0.036640048707752865
4342,0.0263848133848134,0.0530875160875161,0.04286543735805092,-0.010222078729465178,0.01648062397323752
4343,0.023148005148005166,0.07297940797940798,0.06477903701625148,-0.008200370963156497,0.04163103186824632
4344,0.03120334620334622,0.042544401544401554,0.034858258902458555,-0.007686142641942999,0.0036549126991123337
4345,0.025342342342342356,0.03984298584298583,0.032480215715595055,-0.007362770127390776,0.007137873373252699
4346,0.02629601029601031,0.04552767052767058,0.03576000413906346,-0.00976766638860712,0.009463993843053149
4347,0.027194337194337212,0.07749935649935645,0.06825551878612723,-0.009243837713229217,0.04106118159179002
4348,0.024680823680823697,0.06406563706563709,0.050718910862801996,-0.013346726202835092,0.0260380871819783
4349,0.03385199485199486,0.0620810810810811,0.05076013989780454,-0.011320941183276562,0.016908145045809682
4350,0.029792792792792813,0.06647104247104245,0.05490280293752264,-0.011568239533519806,0.02511001014472983
4351,0.027536679536679553,0.050296010296010316,0.04183845598594978,-0.008457554310060539,0.014301776449270224
4352,0.026536679536679552,0.09649935649935647,0.08842239770198822,-0.00807695879736825,0.06188571816530866
4353,0.02595495495495497,0.053588159588159615,0.04183664423229791,-0.011751515355861705,0.015881689277342938
4354,0.02749292149292151,0.0577786357786358,0.046482475300452894,-0.01129616047818291,0.018989553807531385
4355,0.02885585585585587,0.05215572715572719,0.039307492714701235,-0.012848234441025952,0.010451636858845367
4356,0.0322857142857143,0.053526383526383524,0.04230385009164363,-0.011222533434739897,0.010018135805929328
4357,0.037136422136422154,0.0449099099099099,0.03277997898827977,-0.01212993092163013,-0.004356443148142382
4358,0.027464607464607486,0.06785842985842987,0.05940306254517546,-0.008455367313254407,0.03193845508056797
4359,0.028709137709137727,0.07103732303732303,0.0587634842899494,-0.01227383874737363,0.030054346580811676
4360,0.023214929214929233,0.057980694980694976,0.0472526688965279,-0.010728026084167078,0.024037739681598665
4361,0.02485199485199487,0.04851351351351351,0.03822236473707152,-0.010291148776441994,0.013370369885076647
4362,0.03411068211068213,0.05580823680823684,0.04437784160539366,-0.011430395202843183,0.010267159494711527
4363,0.029162162162162178,0.05581338481338484,0.04619545318930191,-0.009617931624082927,0.017033291027139734
4364,0.022259974259974277,0.039341055341055364,0.035271163775335776,-0.004069891565719588,0.0130111895153615
4365,0.030011583011583028,0.07863191763191765,0.07083309480173666,-0.00779882283018099,0.040821511790153635
4366,0.036104247104247124,0.05697168597168597,0.04616191015520323,-0.010809775816482736,0.010057663050956109
4367,0.028006435006435022,0.06160617760617761,0.04926151148279017,-0.012344666123387443,0.021255076476355148
4368,0.033293436293436306,0.045823680823680824,0.03310420110463015,-0.012719479719050672,-0.00018923518880615414
4369,0.024610038610038625,0.03380952380952384,0.02538369288442364,-0.008425830925100197,0.0007736542743850168
4370,0.02703088803088805,0.03910167310167312,0.03497201419795635,-0.004129658903716769,0.0079411261670683
4371,0.028848133848133863,0.04361261261261261,0.03471058849820647,-0.008902024114406139,0.0058624546500726064
4372,0.029060489060489077,0.0871145431145431,0.0761155745976938,-0.010998968516849297,0.04705508553720472
4373,0.03235778635778637,0.0456061776061776,0.03436974100367244,-0.01123643660250516,0.00201195464588607
4374,0.032176319176319204,0.06171428571428575,0.048926480708798105,-0.012787805005487644,0.0167501615324789
4375,0.03047104247104248,0.06185585585585588,0.05323787031910818,-0.008617985536747703,0.022766827848065697
4376,0.026544401544401564,0.04434749034749034,0.033296508879594726,-0.011050981467895613,0.006752107335193162
4377,0.025469755469755488,0.04332303732303735,0.03455205611623615,-0.008770981206801198,0.009082300646480662
4378,0.02661132561132563,0.05506435006435006,0.04169390710560351,-0.01337044295874655,0.015082581494277877
4379,0.03259459459459461,0.0431106821106821,0.03874215200638996,-0.00436853010429214,0.006147557411795353
4380,0.028683397683397702,0.07571685971685972,0.06513641711938838,-0.010580442597471346,0.03645301943599068
4381,0.03310167310167312,0.07001930501930502,0.0610211883322039,-0.00899811668710112,0.02791951523053078
4382,0.03341956241956244,0.07540283140283138,0.06768995981655207,-0.007712871586279313,0.03427039739698963
4383,0.029335907335907352,0.057101673101673106,0.04671371913413482,-0.010387953967538284,0.01737781179822747
4384,0.02513899613899616,0.08390347490347493,0.07271010801251353,-0.011193366890961398,0.04757111187351737
4385,0.03269884169884171,0.053640926640926664,0.04269454488314678,-0.010946381757779886,0.009995703184305066
4386,0.027007722007722026,0.04992792792792789,0.03868221118034189,-0.011245716747586003,0.011674489172619863
4387,0.028491634491634513,0.06064864864864867,0.05246313409906125,-0.008185514549587422,0.023971499607426734
4388,0.03294337194337196,0.06002187902187903,0.04910134618590975,-0.010920532835969277,0.016157974242537787
4389,0.028106821106821125,0.08195624195624197,0.07216484844485987,-0.009791393511382099,0.04405802733803875
4390,0.03320592020592021,0.0823050193050193,0.07302304725159574,-0.009281972053423557,0.03981712704567553
4391,0.034310167310167325,0.0904234234234234,0.07977016871289465,-0.010653254710528748,0.045460001402727324
4392,0.02647361647361649,0.03974131274131275,0.03361275333218862,-0.006128559409124129,0.007139136858572127
4393,0.02753153153153155,0.0844633204633204,0.07680086484369449,-0.007662455619625919,0.04926933331216293
4394,0.03336036036036037,0.055943371943371956,0.045055488758598744,-0.010887883184773212,0.011695128398238372
4395,0.033629343629343646,0.06515830115830117,0.0578007687942022,-0.007357532364098966,0.024171425164858554
4396,0.029746460746460764,0.061902187902187975,0.0494979284529383,-0.012404259449249673,0.019751467706477538
4397,0.024480051480051498,0.040086229086229073,0.0294042720346237,-0.010681957051605375,0.004924220554572201
4398,0.026487773487773508,0.06863191763191766,0.05662710105196006,-0.012004816579957597,0.030139327564186552
4399,0.02855727155727158,0.050700128700128695,0.04155929220016939,-0.009140836499959303,0.013002020642897811
4400,0.02588803088803091,0.07067824967824973,0.057978451098872695,-0.012699798579377038,0.03209042021084178
4401,0.03351351351351353,0.06159974259974261,0.04896547279247206,-0.012634269807270546,0.015451959278958531
4402,0.028510939510939533,0.07777992277992281,0.06442208923081393,-0.013357833549108883,0.03591114971987439
4403,0.023037323037323056,0.05574903474903476,0.04380322757513587,-0.011945807173898891,0.020765904537812813
4404,0.03003732303732306,0.0710900900900901,0.06192982852544034,-0.009160261564649753,0.031892505488117284
4405,0.030785070785070805,0.05799871299871303,0.046711930466329564,-0.011286782532383466,0.01592685968125876
4406,0.029377091377091397,0.05734620334620336,0.04745442842790542,-0.009891774918297944,0.018077337050814022
4407,0.027694980694980713,0.048729729729729755,0.0391777000084696,-0.009552029721260152,0.01148271931348889
4408,0.027236808236808255,0.04650450450450451,0.03585920567009231,-0.010645298834412197,0.008622397433284058
4409,0.02397425997425999,0.05617503217503221,0.048333473135091405,-0.007841559039940806,0.024359213160831415
4410,0.024428571428571445,0.05970270270270271,0.04903209410698443,-0.010670608595718285,0.02460352267841298
4411,0.03535649935649937,0.05646975546975545,0.04270392226263886,-0.013765833207116593,0.007347422906139489
4412,0.03074259974259976,0.04636808236808234,0.03408466471646056,-0.012283417651621782,0.0033420649738608
4413,0.032186615186615204,0.05172329472329471,0.040267697444532416,-0.011455597278762296,0.008081082257917212
4414,0.029701415701415722,0.07733333333333332,0.06878295253465501,-0.008550380798678314,0.03908153683323928
4415,0.027416988416988433,0.09707979407979409,0.08838906411916372,-0.008690729960630361,0.06097207570217529
4416,0.029994851994852013,0.07566023166023163,0.06709245355981876,-0.00856777810041287,0.03709760156496675
4417,0.025159588159588176,0.04653024453024454,0.03803529206724481,-0.008494952462999729,0.012875703907656636
4418,0.030334620334620352,0.04945302445302444,0.04021710315084194,-0.009235921302182502,0.009882482816221588
4419,0.03220978120978123,0.04721879021879024,0.03448580336035387,-0.012732986858436372,0.0022760221505726402
4420,0.026990990990991007,0.055867438867438855,0.043938925808964954,-0.011928513058473901,0.016947934817973947
4421,0.029530244530244547,0.05640797940797938,0.04686769463864185,-0.009540284769337534,0.017337450108397302
4422,0.027509652509652524,0.05253410553410555,0.04450437431862095,-0.0080297312154846,0.016994721808968424
4423,0.026398970398970417,0.03445817245817248,0.027613208223830964,-0.006844964234341517,0.0012142378248605479
4424,0.021943371943371967,0.06825868725868729,0.053746281945035695,-0.014512405313651597,0.03180291000166373
4425,0.03511454311454313,0.05252509652509654,0.04231180367781095,-0.010213292847285595,0.007197260563267818
4426,0.029728442728442744,0.07748906048906051,0.06627994627721667,-0.01120911421184384,0.03655150354877393
4427,0.029227799227799247,0.07135778635778638,0.05929561713599862,-0.01206216922178776,0.03006781790819937
4428,0.028317889317889332,0.09711711711711711,0.08984374326884924,-0.007273373848267872,0.061525853950959906
4429,0.030059202059202077,0.08194337194337195,0.07010817816663478,-0.011835193776737168,0.0400489761074327
4430,0.028454311454311473,0.07783268983268983,0.06825934219514451,-0.009573347637545318,0.03980503074083304
4431,0.028211068211068228,0.049718146718146734,0.03831476252896836,-0.011403384189178377,0.01010369431790013
4432,0.026124839124839143,0.06735006435006434,0.054214155994009215,-0.013135908356055125,0.028089316869170072
4433,0.028055341055341073,0.04764607464607467,0.03700455474897681,-0.010641519897097856,0.00894921369363574
4434,0.02893050193050195,0.06315444015444016,0.04860393717769628,-0.01455050297674388,0.01967343524719433
4435,0.029135135135135153,0.06641312741312747,0.054315426765148805,-0.01209770064797866,0.025180291630013653
4436,0.031189189189189205,0.0445572715572716,0.034121019758499176,-0.010436251798772424,0.0029318305693099705
4437,0.03196911196911199,0.07164092664092665,0.060593989221662266,-0.011046937419264387,0.02862487725255028
4438,0.03446460746460748,0.06519691119691122,0.05740784336128183,-0.007789067835629389,0.022943235896674352
4439,0.030555984555984576,0.056700128700128714,0.04650015031638451,-0.010199978383744202,0.015944165760399937
4440,0.03085971685971688,0.04201158301158304,0.03200526099384929,-0.01000632201773375,0.0011455441341324084
4441,0.025894465894465913,0.04243758043758049,0.03322500480483256,-0.009212575632747931,0.007330538910366644
4442,0.030369369369369383,0.04176190476190475,0.03541198933160098,-0.006349915430303769,0.005042619962231598
4443,0.024220077220077237,0.06579665379665382,0.05712508011214554,-0.008671573684508285,0.0329050028920683
4444,0.025505791505791527,0.061513513513513515,0.048712859902945535,-0.01280065361056798,0.02320706839715401
4445,0.029069498069498084,0.056279279279279296,0.04345451204159566,-0.012824767237683637,0.014385013972097575
4446,0.030953667953667968,0.0486100386100386,0.03715200997525063,-0.011458028634787967,0.006198342021582662
4447,0.025350064350064365,0.052262548262548274,0.04024851799181046,-0.012014030270737816,0.014898453641746093
4448,0.03306048906048907,0.08026512226512224,0.07214204144337784,-0.0081230808217444,0.03908155238288877
4449,0.03166795366795368,0.050009009009009016,0.038986485072914,-0.011022523936095013,0.007318531404960325
4450,0.026652509652509676,0.04007335907335907,0.03221357729652903,-0.007859781776830041,0.005561067644019355
4451,0.029517374517374535,0.04798841698841704,0.03805328258654363,-0.009935134401873415,0.008535908069169092
4452,0.030283140283140296,0.05827799227799231,0.04675436688098888,-0.011523625397003433,0.01647122659784858
4453,0.02870785070785073,0.09368082368082369,0.08660141032763402,-0.007079413353189665,0.05789355961978329
4454,0.03161518661518663,0.05131016731016732,0.04152980439388141,-0.009780362916285909,0.009914617778694783
4455,0.025755469755469773,0.058741312741312765,0.04620892411884324,-0.012532388622469526,0.020453454363373466
4456,0.033261261261261284,0.0532947232947233,0.04205152759885664,-0.011243195695866653,0.00879026633759536
4457,0.030117117117117138,0.03753539253539255,0.031216663067029315,-0.006318729468363236,0.001099545949912177
4458,0.032353925353925374,0.09301029601029602,0.08412827424787671,-0.008882021762419312,0.051774348893951334
4459,0.03351093951093952,0.05486872586872587,0.04523843160565461,-0.009630294263071257,0.011727492094715089
4460,0.03142342342342344,0.06546203346203344,0.055662588876049836,-0.009799444585983606,0.024239165452626395
4461,0.028813384813384833,0.06446074646074647,0.0533126674441077,-0.011148079016638765,0.02449928263072287
4462,0.032815958815958834,0.06609652509652511,0.056931039007624716,-0.009165486088900394,0.02411508019166588
4463,0.02746975546975549,0.05649420849420852,0.04518923343069955,-0.01130497506350897,0.017719477960944058
4464,0.02814671814671816,0.04731531531531534,0.03794429095926347,-0.009371024356051867,0.009797572812545313
4465,0.030940797940797963,0.04186615186615189,0.03025080745316566,-0.011615344412986232,-0.000689990487632304
4466,0.03012097812097814,0.05053925353925354,0.04155859537931454,-0.008980658159938995,0.011437617258336401
4467,0.025350064350064372,0.04972200772200773,0.04135715390728162,-0.008364853814726111,0.016007089557217247
4468,0.02961904761904764,0.05675675675675679,0.04651377459386255,-0.010242982162894237,0.01689472697481491
4469,0.02663449163449165,0.05565122265122262,0.04220090687211587,-0.013450315779106749,0.015566415237624219
4470,0.03373359073359075,0.051742599742599774,0.04257976788317374,-0.009162831859426034,0.008846177149582989
4471,0.036548262548262565,0.06052380952380952,0.04944018792405439,-0.01108362159975513,0.012891925375791827
4472,0.026873873873873896,0.07419047619047622,0.06394535749775832,-0.010245118692717908,0.03707148362388442
4473,0.023005148005148024,0.05430501930501934,0.04459498384969673,-0.009710035455322612,0.021589835844548703
4474,0.029240669240669252,0.04201930501930504,0.034932410373452974,-0.007086894645852063,0.005691741132783722
4475,0.026272844272844292,0.07222651222651223,0.06038122610293175,-0.011845286123580483,0.03410838183008746
4476,0.032078507078507096,0.060634491634491694,0.04777572140390475,-0.012858770230586944,0.015697214325397654
4477,0.033988416988417,0.07138481338481341,0.05788150752319174,-0.01350330586162167,0.023893090534774737
4478,0.027223938223938243,0.0646898326898327,0.05199961657756238,-0.012690216112270315,0.024775678353624136
4479,0.028248391248391267,0.07877734877734878,0.0680666358933905,-0.010710712883958279,0.03981824464499924
4480,0.03245559845559847,0.08189060489060494,0.07015069577405056,-0.011739909116554384,0.03769509731845209
4481,0.03373101673101674,0.07126254826254827,0.05937336259322702,-0.011889185669321248,0.02564234586221028
4482,0.02800128700128702,0.07492149292149296,0.062452782862616435,-0.012468710058876523,0.034451495861329416
4483,0.028352638352638373,0.04160875160875162,0.03867647906069466,-0.0029322725480569606,0.010323840708056285
4484,0.03185328185328187,0.05168211068211071,0.04010925812402746,-0.011572852558083255,0.008255976270745584
4485,0.024360360360360375,0.08488288288288291,0.07663018300976154,-0.008252699873121369,0.052269822649401165
4486,0.029590733590733605,0.04798970398970404,0.037167367381936,-0.010822336607768039,0.007576633791202398
4487,0.0313848133848134,0.05132303732303732,0.04608393558412144,-0.005239101738915883,0.014699122199308037
4488,0.031540540540540556,0.050287001287001316,0.04221871548860243,-0.008068285798398883,0.010678174948061878
4489,0.02321750321750323,0.04119562419562418,0.03343775639731119,-0.007757867798312987,0.010220253179807959
4490,0.03263963963963966,0.03937323037323038,0.028803529530323908,-0.010569700842906472,-0.003836110109315751
4491,0.029666666666666678,0.05510553410553412,0.04444342663107483,-0.010662107474459288,0.014776759964408154
4492,0.03505019305019306,0.04420592020592021,0.03763256466684912,-0.006573355539071089,0.0025823716166560595
4493,0.02759845559845562,0.04916216216216215,0.039781226719093614,-0.009380935443068533,0.012182771120637995
4494,0.032537966537966555,0.0447824967824968,0.03809209920078766,-0.00669039758170914,0.005554132662821107
4495,0.027546975546975563,0.0348906048906049,0.030646101050814507,-0.004244503839790394,0.003099125503838944
4496,0.02934362934362936,0.050042471042471094,0.03489537595453962,-0.015147095087931474,0.00555174661091026
4497,0.03622522522522524,0.05235521235521237,0.04046706011331371,-0.01188815224189866,0.004241834888088471
4498,0.029540540540540557,0.07910167310167311,0.07112097657779809,-0.007980696523875022,0.04158043603725753
4499,0.02992792792792794,0.03938223938223939,0.030399157340225635,-0.008983082042013757,0.0004712294122976961
4500,0.03323680823680825,0.04851608751608755,0.03608297445760836,-0.01243311305847919,0.0028461662208001046
4501,0.02496010296010298,0.08325225225225225,0.07118208611592346,-0.012070166136328789,0.046221983155820476
4502,0.02909523809523812,0.07228957528957526,0.06137758465818578,-0.010911990631389479,0.032282346562947664
4503,0.03281338481338483,0.04320463320463322,0.03364816947011591,-0.00955646373451731,0.0008347846567310774
4504,0.026025740025740044,0.06884555984555983,0.059388687834129976,-0.009456872011429855,0.03336294780838993
4505,0.024725868725868745,0.05523294723294724,0.04278595314195811,-0.012446994090989136,0.01806008441608936
4506,0.030353925353925372,0.04821621621621624,0.037163929486895876,-0.011052286729320362,0.006810004132970504
4507,0.030191763191763206,0.049768339768339775,0.039425334361639704,-0.010343005406700072,0.009233571169876498
4508,0.027978120978120996,0.04959330759330758,0.038657792309763975,-0.010935515283543605,0.010679671331642979
4509,0.03322908622908624,0.04362290862290862,0.03697953829272749,-0.006643370330181135,0.0037504520636412464
4510,0.02649034749034751,0.06224839124839126,0.04884687780574845,-0.013401513442642808,0.02235653031540094
4511,0.02891248391248393,0.05577734877734877,0.04508141836467953,-0.010695930412669245,0.016168934452195596
4512,0.03013256113256115,0.060420849420849417,0.05017857770543268,-0.010242271715416737,0.020046016572871528
4513,0.028428571428571442,0.06552123552123552,0.052267818791795914,-0.01325341672943961,0.023839247363224472
4514,0.026005148005148023,0.07554954954954955,0.06442911438815395,-0.011120435161395603,0.03842396638300592
4515,0.024368082368082383,0.03450450450450451,0.02808520887551734,-0.006419295628987173,0.0037171265074349563
4516,0.023176319176319193,0.049882882882882916,0.03738395089620078,-0.012498931986682137,0.014207631719881587
4517,0.03485714285714287,0.05224195624195622,0.039906077386219214,-0.012335878855737004,0.005048934529076343
4518,0.03274259974259976,0.07718918918918917,0.06267774565074367,-0.014511443538445495,0.029935145908143918
4519,0.03742728442728445,0.0431003861003861,0.03932974475439676,-0.0037706413459893395,0.0019024603271123111
4520,0.029685971685971698,0.07580566280566278,0.06358472579069396,-0.012220937014968819,0.03389875410472226
4521,0.02652123552123554,0.049181467181467216,0.04002299566957891,-0.009158471511888304,0.01350176014834337
4522,0.03695624195624197,0.05638738738738741,0.04778331050320312,-0.00860407688418429,0.010827068546961152
4523,0.02782754182754185,0.08266795366795368,0.07317913129365852,-0.009488822374295158,0.04535158946611667
4524,0.028194337194337216,0.05354697554697557,0.03957195449895272,-0.013975021048022854,0.011377617304615503
4525,0.030884169884169903,0.06774646074646068,0.05668021080563942,-0.011066249940821261,0.025796040921469515
4526,0.029926640926640942,0.06688545688545687,0.05429226310439165,-0.012593193781065222,0.024365622177750706
4527,0.02513127413127415,0.04503732303732306,0.04162540831104014,-0.0034119147262829178,0.01649413417976599
4528,0.02903732303732305,0.07978378378378381,0.07059992718171401,-0.009183856602069801,0.04156260414439096
4529,0.035050193050193065,0.052594594594594604,0.04395657540592073,-0.008638019188673872,0.008906382355727667
4530,0.026386100386100408,0.0584993564993565,0.049283137404902554,-0.00921621909445395,0.022897037018802146
4531,0.034069498069498085,0.05705662805662805,0.04873067634455621,-0.008325951712071837,0.014661178275058126
4532,0.02653539253539255,0.04894079794079796,0.03795913403936217,-0.01098166390143579,0.01142374150396962
4533,0.03477220077220079,0.03835907335907337,0.032908613410431865,-0.005450459948641503,-0.0018635873617689272
4534,0.02896911196911199,0.03646332046332046,0.039947319636425636,0.0034839991731051775,0.010978207667313646
4535,0.028629343629343645,0.050800514800514784,0.03969858099382104,-0.011101933806693748,0.011069237364477392
4536,0.02742857142857144,0.07925482625482626,0.06699998156416134,-0.012254844690664915,0.0395714101355899
4537,0.033446589446589466,0.05118275418275422,0.039456286544589304,-0.011726467638164914,0.006009697097999839
4538,0.0310810810810811,0.05291377091377093,0.04328651355712268,-0.009627257356648253,0.01220543247604158
4539,0.02960360360360362,0.05363706563706566,0.04162046193452339,-0.012016603702542275,0.012016858330919766
4540,0.02932432432432434,0.05018404118404124,0.04007499079755497,-0.010109050386486268,0.01075066647323063
4541,0.03281338481338483,0.057144144144144156,0.04755602920705245,-0.009588114937091705,0.014742644393667619
4542,0.026879021879021896,0.07324710424710422,0.062483294933595154,-0.010763809313509065,0.035604273054573254
4543,0.033607464607464624,0.05529858429858427,0.04409856486188516,-0.011200019436699113,0.010491100254420536
4544,0.028646074646074663,0.04391763191763193,0.032280250957512274,-0.011637380960119653,0.003634176311437611
4545,0.03432432432432434,0.0458828828828829,0.03539358573722571,-0.01048929714565719,0.0010692614129013678
4546,0.02544401544401546,0.05526640926640926,0.04476653857542514,-0.010499870690984119,0.01932252313140968
4547,0.031338481338481355,0.04074646074646077,0.031058826265549434,-0.009687634480911339,-0.0002796550729319211
4548,0.037227799227799244,0.04829858429858435,0.03575693775203604,-0.01254164654654831,-0.0014708614757632035
4549,0.027244530244530264,0.0843706563706564,0.07448147048362314,-0.009889185887033261,0.047236940239092876
4550,0.03200128700128702,0.05462419562419564,0.04632453459723983,-0.008299661026955812,0.014323247595952805
4551,0.028951093951093965,0.049266409266409274,0.03774310996684311,-0.011523299299566164,0.008792016015749145
4552,0.024097812097812112,0.06973616473616473,0.05818661786108634,-0.011549546875078393,0.03408880576327422
4553,0.030314028314028334,0.03953281853281854,0.032432162882535816,-0.007100655650282721,0.0021181345685074814
4554,0.030906048906048922,0.05517117117117118,0.044385187069000784,-0.010785984102170396,0.013479138162951862
4555,0.03380051480051482,0.04700257400257398,0.03537318537092494,-0.011629388631649043,0.0015726705704101201
4556,0.03569369369369371,0.0344993564993565,0.028458843680919093,-0.0060405128184374095,-0.007234850012774619
4557,0.03194079794079795,0.06390990990990994,0.05128673219303959,-0.012623177716870347,0.01934593425224164
4558,0.03476447876447877,0.052936936936936935,0.04058990450245451,-0.012347032434482423,0.005825425737975738
4559,0.028576576576576595,0.06596911196911198,0.05550515475330251,-0.01046395721580947,0.026928578176725917
4560,0.02873230373230375,0.048935649935649965,0.03621409594549935,-0.012721553990150618,0.007481792213195598
4561,0.027249678249678267,0.0944324324324324,0.08462153555852402,-0.00981089687390839,0.05737185730884575
4562,0.029480051480051502,0.0690604890604891,0.055780875952434604,-0.013279613108054499,0.026300824472383102
4563,0.02983397683397685,0.05593050193050193,0.04673741898718193,-0.009193082943320004,0.016903442153205078
4564,0.02985328185328187,0.03842342342342344,0.03329695909521213,-0.0051264643282113095,0.0034436772419302597
4565,0.032666666666666684,0.04681595881595882,0.036898687359300054,-0.009917271456658765,0.00423202069263337
4566,0.0320810810810811,0.07223938223938224,0.060435651384396785,-0.011803730854985456,0.028354570303315688
4567,0.03145817245817247,0.07022007722007724,0.05845856476017445,-0.011761512459902791,0.027000392302001977
4568,0.027509652509652528,0.052512226512226486,0.04365946425759592,-0.008852762254630567,0.01614981174794339
4569,0.027122265122265142,0.05591377091377098,0.043363307527591766,-0.012550463386179211,0.016241042405326624
4570,0.03337451737451739,0.05482496782496785,0.041519964941740845,-0.013305002883227009,0.008145447567223456
4571,0.029628056628056645,0.048579150579150625,0.03751019079509748,-0.011068959784053145,0.007882134167040835
4572,0.025737451737451754,0.050960102960102976,0.04263546696564882,-0.008324635994454155,0.016898015228197068
4573,0.026895752895752915,0.05313642213642214,0.042526426493628984,-0.010609995642793156,0.01563067359787607
4574,0.027305019305019322,0.061261261261261246,0.04926872976111616,-0.011992531500145086,0.021963710456096838
4575,0.030638352638352653,0.036607464607464606,0.030882398026894572,-0.005725066580570034,0.00024404538854191915
4576,0.02484684684684686,0.050175032175032185,0.04021533375677194,-0.009959698418260242,0.015368486909925084
4577,0.02663320463320465,0.06549935649935648,0.05566791193431108,-0.009831444565045401,0.02903470730110643
4578,0.03144658944658947,0.057009009009008994,0.04433845650132189,-0.012670552507687102,0.012891867054732421
4579,0.03440154440154442,0.07390090090090093,0.06466491572684444,-0.009235985174056494,0.030263371325300013
4580,0.02493822393822396,0.07467696267696272,0.06037825407527208,-0.014298708601690642,0.03544003013704812
4581,0.03104375804375806,0.06837451737451737,0.05694325634750246,-0.01143126102701491,0.0258994983037444
4582,0.03068983268983271,0.08083397683397679,0.06926989755471227,-0.01156407927926452,0.03858006486487957
4583,0.031857142857142876,0.048611325611325626,0.046951187990063904,-0.0016601376212617217,0.015094045132921029
4584,0.024840411840411854,0.07923037323037324,0.06810863567772761,-0.01112173755264563,0.04326822383731575
4585,0.026666666666666686,0.0405817245817246,0.03505005488421093,-0.005531669697513668,0.008383388217544245
4586,0.024465894465894485,0.05908365508365509,0.04673006504572719,-0.012353590037927902,0.022264170579832702
4587,0.03080180180180182,0.05182882882882883,0.04455677029268975,-0.007272058536139082,0.01375496849088793
4588,0.02566023166023168,0.05623166023166028,0.04106913826110476,-0.015162521970555516,0.01540890660087308
4589,0.027824967824967843,0.046163449163449166,0.03540170701284144,-0.010761742150607725,0.007576739187873598
4590,0.03042213642213644,0.049831402831402825,0.04224984919715161,-0.007581553634251219,0.011827712775015167
4591,0.029066924066924085,0.05582496782496781,0.044768853482112764,-0.011056114342855049,0.01570192941518868
4592,0.03140411840411842,0.04607979407979411,0.03395206631857114,-0.012127727761222971,0.0025479479144527167
4593,0.03156499356499358,0.07286100386100389,0.062451109118539926,-0.010409894742463961,0.030886115553546346
4594,0.03194208494208496,0.051970398970399,0.04206829214313413,-0.009902106827264869,0.010126207201049169
4595,0.02470527670527672,0.057944658944658986,0.04756940692675724,-0.010375252017901744,0.02286413022148052
4596,0.026984555984556007,0.04216731016731018,0.033777469565818355,-0.008389840601491824,0.006792913581262348
4597,0.028508365508365528,0.054446589446589456,0.04427167946318682,-0.01017490998340264,0.01576331395482129
4598,0.026169884169884184,0.0785109395109395,0.07206845678769065,-0.006442482723248849,0.04589857261780647
4599,0.030595881595881613,0.034039897039897044,0.028011944326409167,-0.006027952713487876,-0.002583937269472446
4600,0.034805662805662815,0.0518944658944659,0.04198184543516079,-0.009912620459305105,0.007176182629497978
4601,0.033220077220077235,0.05536036036036038,0.04741145094796801,-0.007948909412392367,0.014191373727890776
4602,0.026676962676962693,0.06646332046332049,0.056234582803611696,-0.01022873765970879,0.029557620126649004
4603,0.0307812097812098,0.05304890604890603,0.043153503102095245,-0.009895402946810787,0.012372293320885446
4604,0.02776319176319178,0.05931660231660235,0.048743021127308654,-0.010573581189293697,0.020979829364116874
4605,0.03041698841698843,0.04783268983268982,0.03732273578825302,-0.010509954044436796,0.006905747371264592
4606,0.028850707850707865,0.044445302445302426,0.034972933846504774,-0.009472368598797652,0.006122225995796909
4607,0.02812226512226514,0.07575418275418276,0.06510585819319346,-0.010648324560989297,0.03698359307092833
4608,0.03017503217503219,0.06522651222651223,0.05446078772433244,-0.010765724502179788,0.024285755549300247
4609,0.025204633204633217,0.05495366795366796,0.044497621452752385,-0.010456046500915576,0.019292988248119168
4610,0.026469755469755482,0.06251093951093954,0.04966322595727275,-0.01284771355366679,0.02319347048751727
4611,0.027987129987130006,0.06280823680823681,0.05162336885492917,-0.011184867953307642,0.023636238867799166
4612,0.029288288288288312,0.04771814671814672,0.0388135249439426,-0.008904621774204119,0.009525236655654287
4613,0.027962676962676982,0.0697477477477478,0.05622980339060611,-0.013517944357141681,0.02826712642792913
4614,0.03215444015444017,0.060311454311454314,0.048817454448383535,-0.01149399986307078,0.016663014293943366
4615,0.028954954954954974,0.05912355212355214,0.049152745706117704,-0.009970806417434433,0.02019779075116273
4616,0.034866151866151884,0.04858944658944663,0.0369400360173281,-0.011649410572118532,0.0020738841511762154
4617,0.029655083655083674,0.0700733590733591,0.05771188056594002,-0.012361478507419081,0.028056796910856344
4618,0.03000514800514802,0.06294851994851997,0.04954602972663069,-0.013402490221889274,0.019540881721482672
4619,0.030427284427284443,0.06611196911196911,0.057299511509789916,-0.008812457602179191,0.026872227082505473
4620,0.022920205920205935,0.04488416988416989,0.03488416753345483,-0.010000002350715062,0.011963961613248895
4621,0.03022651222651224,0.05193050193050195,0.040333112658750975,-0.011597389271750976,0.010106600432238735
4622,0.02987129987129989,0.04257014157014157,0.035654710438942645,-0.006915431131198926,0.005783410567642755
4623,0.02746074646074648,0.05091377091377093,0.04008156591984362,-0.010832204993927314,0.012620819459097137
4624,0.03445045045045046,0.07733075933075935,0.06543853481808945,-0.0118922245126699,0.030988084367638988
4625,0.03429472329472331,0.07726769626769629,0.06720053924799337,-0.010067157019702927,0.03290581595327006
4626,0.02849420849420851,0.054173745173745194,0.04333639716746492,-0.010837348006280272,0.014842188673256412
4627,0.02474259974259976,0.03700772200772202,0.028999201525240187,-0.00800852048248183,0.004256601782640427
4628,0.03267181467181469,0.0680913770913771,0.054922479714747396,-0.013168897376629699,0.02225066504293271
4629,0.029090090090090108,0.05407078507078509,0.0417878912064902,-0.012282893864294889,0.012697801116400093
4630,0.02996396396396398,0.06285199485199483,0.04957991877219493,-0.013272076079799904,0.019615954808230945
4631,0.03184942084942086,0.05479021879021875,0.0442040044235737,-0.010586214366645051,0.012354583574152839
4632,0.03143500643500645,0.05330115830115831,0.04259768935822439,-0.01070346894293392,0.01116268292321794
4633,0.02540797940797943,0.07299227799227802,0.05942867776065927,-0.013563600231618747,0.034020698352679846
4634,0.03094594594594596,0.08045559845559845,0.07139502732722852,-0.00906057112836993,0.04044908138128256
4635,0.03543371943371945,0.043694980694980706,0.03638141430835032,-0.007313566386630388,0.0009476948746308667
4636,0.032625482625482635,0.05607850707850707,0.04373816266124642,-0.012340344417260646,0.011112680035763788
4637,0.03014671814671817,0.056930501930501934,0.04422276486679634,-0.012707737063705593,0.014076046720078172
4638,0.028413127413127435,0.05899099099099097,0.05027832688606153,-0.008712664104929442,0.021865199472934093
4639,0.0355830115830116,0.059065637065637076,0.048557138875052315,-0.010508498190584761,0.012974127292040713
4640,0.030105534105534123,0.052182754182754205,0.04129042686521252,-0.010892327317541688,0.011184892759678395
4641,0.03384684684684686,0.061742599742599734,0.04790996252069364,-0.013832637221906093,0.014063115673846778
4642,0.031019305019305044,0.052081081081081095,0.03948345472718557,-0.012597626353895525,0.008464149707880526
4643,0.02715444015444017,0.0496113256113256,0.04015988197790668,-0.009451443633418918,0.01300544182346651
4644,0.027175032175032195,0.05164736164736164,0.04072320924694344,-0.010924152400418198,0.013548177071911246
4645,0.033297297297297315,0.07780566280566281,0.06792242629300745,-0.009883236512655366,0.03462512899571013
4646,0.023845559845559867,0.0542882882882883,0.044644614580271524,-0.009643673708016776,0.020799054734711657
4647,0.027196911196911217,0.076978120978121,0.06651636541998293,-0.010461755558138067,0.03931945422307172
4648,0.023051480051480073,0.05849292149292148,0.04799388265455404,-0.01049903883836744,0.024942402603073965
4649,0.024993564993565014,0.06841956241956243,0.059314928386075064,-0.009104634033487366,0.034321363392510046
4650,0.03033719433719435,0.06487644787644788,0.055686221614656105,-0.009190226261791772,0.025349027277461755
4651,0.03230759330759332,0.07293050193050195,0.061766458955449494,-0.011164042975052454,0.029458865647856172
4652,0.025697554697554713,0.06822007722007725,0.05802908916882102,-0.010190988051256233,0.032331534471266306
4653,0.026050193050193068,0.05492020592020592,0.043911746220017665,-0.011008459700188253,0.017861553169824598
4654,0.0283848133848134,0.07765894465894466,0.06670839331887089,-0.010950551340073764,0.038323579934057495
4655,0.028976833976834,0.04285070785070787,0.04209111540239866,-0.0007595924483092056,0.013114281425564662
4656,0.03379536679536681,0.061882882882882906,0.049766386390849494,-0.012116496492033411,0.015971019595482687
4657,0.029257400257400274,0.04568211068211072,0.03568339393151192,-0.009998716750598803,0.006425993674111643
4658,0.02578764478764481,0.07819047619047614,0.07054965419379843,-0.0076408219966777186,0.044762009406153616
4659,0.03666409266409268,0.03905148005148005,0.03270663788126153,-0.006344842170218516,-0.003957454782831146
4660,0.027182754182754204,0.04633719433719437,0.03671776832734747,-0.009619426009846894,0.00953501414459327
4661,0.030028314028314042,0.06357786357786356,0.05190584402456523,-0.01167201955329833,0.02187752999625119
4662,0.027366795366795385,0.06583655083655081,0.056104086153391665,-0.009732464683159144,0.02873729078659628
4663,0.025755469755469777,0.07953667953667957,0.0681259283555847,-0.011410751181094872,0.04237045860011493
4664,0.027239382239382253,0.04418018018018018,0.03344201678844925,-0.010738163391730934,0.006202634549066995
4665,0.030379665379665396,0.05159330759330758,0.04039679318394928,-0.011196514409358302,0.010017127804283883
4666,0.029662805662805682,0.06223680823680823,0.05157977454562388,-0.010657033691184349,0.0219169688828182
4667,0.032534105534105545,0.044359073359073374,0.03369607072389472,-0.010663002635178657,0.0011619651897891714
4668,0.031483912483912496,0.06871943371943375,0.057415320713618524,-0.011304113005815221,0.025931408229706028
4669,0.029548262548262566,0.06545688545688548,0.05409930553894387,-0.011357579917941611,0.024551042990681303
4670,0.03155341055341057,0.04576190476190476,0.03553569873993805,-0.010226206021966708,0.0039822881865274815
4671,0.024665379665379687,0.06414929214929217,0.05358598201662694,-0.010563310132665232,0.028920602351247254
4672,0.03208108108108109,0.05530115830115835,0.044786491486504924,-0.010514666814653427,0.012705410405423834
4673,0.029213642213642237,0.05679922779922782,0.04561958042698535,-0.011179647372242467,0.016405938213343112
4674,0.03580051480051482,0.04984942084942088,0.039075263472679776,-0.010774157376741103,0.0032747486721649566
4675,0.025362934362934377,0.05286872586872585,0.04156057802938883,-0.011308147839337014,0.016197643666454455
4676,0.02593436293436295,0.05525997425997423,0.0455864888583933,-0.00967348540158093,0.01965212592403035
4677,0.025523809523809546,0.04389060489060491,0.0370873923857116,-0.006803212504893311,0.011563582861902053
4678,0.02503217503217505,0.04603346203346205,0.03453796482275955,-0.011495497210702497,0.009505789790584501
4679,0.030616473616473634,0.0440694980694981,0.038643446918074094,-0.0054260511514240065,0.00802697330160046
4680,0.027366795366795385,0.070965250965251,0.061018868270945624,-0.009946382694305374,0.03365207290415024
4681,0.030180180180180195,0.0658648648648649,0.05452485086952984,-0.01134001399533506,0.024344670689349642
4682,0.03625225225225227,0.05275160875160876,0.0462359631539854,-0.006515645597623361,0.009983710901733125
4683,0.03596525096525098,0.03918018018018018,0.03722843167684504,-0.0019517485033351406,0.0012631807115940571
4684,0.023929214929214942,0.07943114543114543,0.06815059265720784,-0.011280552773937594,0.044221377727992894
4685,0.03474774774774776,0.0574195624195624,0.04788539342527779,-0.009534168994284609,0.013137645677530028
4686,0.026537966537966556,0.07336808236808234,0.06340110603791821,-0.009966976330164135,0.03686313949995165
4687,0.02939639639639641,0.04425740025740027,0.03754107822631335,-0.0067163220310869215,0.008144681829916938
4688,0.026342342342342364,0.09303989703989705,0.08481558520746804,-0.008224311832429013,0.058473242865125674
4689,0.027066924066924083,0.05366537966537969,0.04475221576082434,-0.008913163904555349,0.017685291693900256
4690,0.02953153153153155,0.05111711711711715,0.03600491849664346,-0.015112198620473694,0.006473386965111908
4691,0.03152380952380954,0.043963963963964,0.03431207170823412,-0.009651892255729884,0.0027882621844245795
4692,0.028092664092664112,0.05500000000000001,0.04413040520128719,-0.010869594798712814,0.01603774110862308
4693,0.02784041184041186,0.05799356499356498,0.04522298217188242,-0.012770582821682558,0.01738257033147056
4694,0.028088803088803103,0.04460875160875163,0.03161440372597272,-0.012994347882778909,0.003525600637169616
4695,0.0240823680823681,0.05961518661518661,0.04647339448722214,-0.013141792127964472,0.02239102640485404
4696,0.02821492921492923,0.06766023166023163,0.05754484844730136,-0.010115383212930276,0.029329919232372128
4697,0.0298867438867439,0.06610682110682109,0.05607127533791025,-0.010035545768910838,0.02618453145116635
4698,0.03372329472329474,0.06014414414414416,0.04829966781636105,-0.011844476327783106,0.014576373093066315
4699,0.026310167310167325,0.03847104247104249,0.035546777347201526,-0.0029242651238409606,0.009236610037034201
4700,0.031765765765765785,0.08053796653796652,0.072571113832188,-0.007966852705778515,0.04080534806642222
4701,0.03677734877734879,0.05536808236808237,0.043224608355573006,-0.012143474012509363,0.006447259578224215
4702,0.030770913770913788,0.065992277992278,0.055429355877907434,-0.010562922114370564,0.024658442106993646
4703,0.027719433719433736,0.06366795366795373,0.05283055487476473,-0.010837398793189006,0.02511112115533099
4704,0.02292277992277994,0.07237065637065639,0.06094330885238531,-0.011427347518271076,0.03802052892960537
4705,0.026102960102960118,0.06188545688545684,0.0499793678965835,-0.01190608898887334,0.02387640779362338
4706,0.028464607464607484,0.05220334620334624,0.04278818199572422,-0.00941516420762202,0.014323574531116736
4707,0.024316602316602334,0.06545302445302449,0.05311153922365907,-0.012341485229365422,0.028794936907056735
4708,0.02792277992277994,0.042068211068211084,0.03653486340357619,-0.005533347664634897,0.008612083480796246
4709,0.02456241956241958,0.0458468468468469,0.034135546776251226,-0.011711300070595676,0.009573127213831644
4710,0.025958815958815974,0.04413513513513516,0.036669932451892706,-0.007465202683242453,0.010711116493076732
4711,0.02650836550836553,0.0627001287001287,0.049301877345069016,-0.013398251355059683,0.022793511836703487
4712,0.029395109395109413,0.05122779922779921,0.04113030907753422,-0.010097490150264989,0.011735199682424806
4713,0.03339768339768341,0.06836293436293436,0.05897384875807905,-0.00938908560485531,0.025576165360395642
4714,0.027987129987130006,0.07252252252252253,0.06222740585652069,-0.010295116666001844,0.034240275869390685
4715,0.02891119691119693,0.06746589446589446,0.0553559249788098,-0.012109969487084662,0.026444728067612867
4716,0.02918661518661521,0.07163577863577866,0.060112638266908894,-0.01152314036886977,0.030926023080293685
4717,0.029602316602316617,0.043101673101673114,0.03789952065287981,-0.005202152448793303,0.008297204050563195
4718,0.027440154440154456,0.05314929214929218,0.043368951231945015,-0.009780340917347162,0.01592879679179056
4719,0.03291377091377093,0.06802960102960105,0.0565728629697312,-0.011456738059869853,0.02365909205596027
4720,0.03215958815958817,0.0698095238095238,0.05786755981525297,-0.011941963994270825,0.025707971655664796
4721,0.029302445302445315,0.05536036036036035,0.04465270197705849,-0.010707658383301857,0.015350256674613177
4722,0.029655083655083674,0.05489446589446591,0.04440829084542596,-0.010486175049039946,0.014753207190342288
4723,0.0312779922779923,0.04028828828828829,0.030166396946841874,-0.010121891341446414,-0.0011115953311504265
4724,0.02948906048906051,0.0716344916344916,0.06020565316885166,-0.011428838465639947,0.03071659267979115
4725,0.03491634491634494,0.038532818532818536,0.03318418419658292,-0.005348634336235614,-0.0017321607197620173
4726,0.03120592020592022,0.0358867438867439,0.035231441482119534,-0.0006553024046243652,0.004025521276199314
4727,0.02600643500643502,0.037172458172458206,0.029542191153752985,-0.007630267018705221,0.0035357561473179644
4728,0.03336679536679538,0.0542947232947233,0.04224912671967547,-0.012045596575047827,0.008882331352880087
4729,0.030763191763191786,0.08107464607464607,0.07327148629654213,-0.0078031597781039325,0.04250829453335035
4730,0.0392870012870013,0.047283140283140325,0.03635443647745704,-0.010928703805683282,-0.0029325648095442566
4731,0.03757142857142859,0.059940797940797944,0.04948496736413461,-0.010455830576663334,0.01191353879270602
4732,0.023208494208494225,0.05516988416988417,0.0445138083546555,-0.01065607581522867,0.021305314146161276
4733,0.02450836550836553,0.07244272844272846,0.05923176154918982,-0.013210966893538643,0.03472339604082429
4734,0.03267824967824969,0.06893951093951095,0.056414387244225636,-0.012525123695285315,0.023736137565975944
4735,0.02709652509652511,0.07004375804375808,0.0601156932288296,-0.00992806481492848,0.03301916813230449
4736,0.02983268983268985,0.04716344916344919,0.03653023184073282,-0.010633217322716368,0.00669754200804297
4737,0.028763191763191785,0.08109395109395111,0.07345854207220598,-0.007635409021745129,0.0446953503090142
4738,0.026830115830115853,0.05953539253539255,0.0476033222808421,-0.011932070254550446,0.02077320645072625
4739,0.032150579150579166,0.04655469755469757,0.03531604715492312,-0.011238650399774452,0.0031654680043439534
4740,0.032208494208494226,0.03303989703989707,0.03069567597234895,-0.0023442210675481204,-0.001512818236145276
4741,0.03319047619047621,0.04986872586872592,0.038888626485667335,-0.010980099383058585,0.0056981502951911275
4742,0.024728442728442747,0.08147747747747748,0.07164169117021602,-0.009835786307261465,0.04691324844177327
4743,0.0286782496782497,0.03871171171171175,0.030095177762610916,-0.008616533949100832,0.0014169280843612173
4744,0.034460746460746476,0.05064478764478767,0.04000120714536447,-0.010643580499423204,0.005540460684617991
4745,0.031299871299871315,0.05259202059202062,0.043601919454816264,-0.00899010113720436,0.012302048154944949
4746,0.03274774774774776,0.05917503217503217,0.04808758747231944,-0.01108744470271273,0.015339839724571681
4747,0.031577863577863595,0.0497722007722008,0.042715816957620736,-0.0070563838145800625,0.011137953379757141
4748,0.025557271557271572,0.043446589446589474,0.03570602407981285,-0.007740565366776628,0.010148752522541275
4749,0.030106821106821124,0.08325353925353929,0.07362246378435865,-0.009631075469180642,0.04351564267753752
4750,0.026606177606177627,0.052701415701415726,0.041644363329695254,-0.011057052371720472,0.015038185723517627
4751,0.03633976833976836,0.044141570141570184,0.034722139262953096,-0.009419430878617088,-0.0016176290768152649
4752,0.02900772200772203,0.05977220077220079,0.049158126114872865,-0.010614074657327922,0.020150404107150834
4753,0.026736164736164754,0.043396396396396426,0.036043729492407264,-0.007352666903989162,0.00930756475624251
4754,0.034402831402831416,0.07624453024453023,0.067028140781069,-0.009216389463461233,0.032625309378237585
4755,0.027602316602316622,0.04645559845559845,0.04360116587757695,-0.0028544325780214957,0.01599884927526033
4756,0.03382496782496785,0.055231660231660235,0.044563002379820214,-0.01066865785184002,0.010738034554852366
4757,0.024263835263835278,0.08778635778635782,0.07871356696333837,-0.009072790823019455,0.05444973169950309
4758,0.030213642213642235,0.08306435006435005,0.07282670813508428,-0.010237641929265767,0.042613065921442046
4759,0.02535263835263837,0.059105534105534124,0.04961114632043423,-0.009494387785099895,0.02425850796779586
4760,0.029759330759330776,0.05152252252252252,0.041322353946333386,-0.010200168576189134,0.01156302318700261
4761,0.03256499356499358,0.06676190476190474,0.05448436443887173,-0.012277540323033014,0.02191937087387815
4762,0.02754954954954957,0.04990604890604892,0.04001498643373728,-0.00989106247231164,0.012465436884187709
4763,0.02994465894465896,0.05832561132561132,0.04890216328246778,-0.009423448043143545,0.018957504337808816
4764,0.027908622908622928,0.05763577863577865,0.04522597709677642,-0.01240980153900223,0.017317354188153493
4765,0.028812097812097825,0.06459974259974263,0.054362374444358236,-0.010237368155384396,0.02555027663226041
4766,0.025758043758043775,0.058594594594594616,0.04773441357660161,-0.010860181017993006,0.021976369818557835
4767,0.02927027027027029,0.07767567567567567,0.06711752788428553,-0.010558147791390138,0.03784725761401524
4768,0.0310836550836551,0.061586872586872565,0.051440665935628474,-0.010146206651244091,0.020357010851973376
4769,0.022181467181467195,0.05731531531531531,0.043760267772102325,-0.013555047543212982,0.02157880059063513
4770,0.02400514800514802,0.05977992277992282,0.04533813464310342,-0.0144417881368194,0.0213329866379554
4771,0.027495495495495518,0.033948519948519953,0.03753859259239162,0.003590072643871664,0.0100430970968961
4772,0.0337889317889318,0.0708738738738739,0.06016288766365018,-0.010710986210223712,0.02637395587471838
4773,0.03407593307593309,0.051375804375804406,0.04048353749863863,-0.010892266877165775,0.0064076044227055415
4774,0.03101673101673104,0.053523809523809494,0.043415066532472596,-0.010108742991336898,0.012398335515741557
4775,0.02956885456885458,0.05014414414414416,0.03966058827636909,-0.010483555867775066,0.01009173370751451
4776,0.02637194337194339,0.047831402831402865,0.03897498370572772,-0.008856419125675148,0.012603040333784326
4777,0.02833075933075935,0.05700128700128702,0.04455317810929848,-0.012448108891988538,0.016222418778539128
4778,0.028724581724581744,0.05132561132561132,0.04091525919991335,-0.01041035212569797,0.012190677475331608
4779,0.03293822393822396,0.07079794079794077,0.0597793598415905,-0.01101858095635027,0.026841135903366543
4780,0.02518918918918921,0.08654440154440157,0.07602082000043087,-0.010523581543970706,0.05083163081124166
4781,0.031947232947232965,0.08928571428571432,0.0800303067847623,-0.00925540750095201,0.04808307383752934
4782,0.032503217503217524,0.052347490347490346,0.042864533139632094,-0.009482957207858252,0.01036131563641457
4783,0.029628056628056645,0.05919948519948521,0.05003214324837143,-0.00916734195111378,0.020404086620314784
4784,0.025755469755469773,0.06716602316602314,0.05581075793032449,-0.011355265235698658,0.030055288174854713
4785,0.02892020592020594,0.043075933075933104,0.03422240618992282,-0.008853526886010286,0.005302200269716877
4786,0.028842985842985853,0.04940797940797941,0.038241939460669686,-0.011166039947309726,0.009398953617683833
4787,0.036307593307593325,0.04544530244530244,0.03472533480499634,-0.010719967640306104,-0.001582258502596988
4788,0.02495881595881598,0.05479407979407982,0.04258016043580459,-0.012213919358275226,0.017621344476988612
4789,0.03165765765765767,0.06445431145431145,0.05303431663286327,-0.011419994821448183,0.021376658975205597
4790,0.026303732303732324,0.06654568854568853,0.055754245199699,-0.010791443345989526,0.029450512895966677
4791,0.03158043758043759,0.038701415701415706,0.029750561876490795,-0.008950853824924911,-0.0018298757039467949
4792,0.02536422136422138,0.06288674388674391,0.050848100179222255,-0.012038643707521654,0.025483878815000874
4793,0.030056628056628072,0.04349292149292152,0.03334460851427204,-0.01014831297864948,0.0032879804576439672
4794,0.028907335907335928,0.04610296010296013,0.036718524428617234,-0.009384435674342897,0.0078111885212813065
4795,0.027265122265122285,0.051537966537966544,0.0411419815966154,-0.010395984941351147,0.013876859331493113
4796,0.02725482625482627,0.043723294723294705,0.03406042521462926,-0.009662869508665448,0.006805598959802987
4797,0.030346203346203367,0.05315315315315315,0.03943252382256927,-0.013720629330583885,0.0090863204763659
4798,0.027166023166023186,0.049140283140283174,0.03482159826338691,-0.014318684876896262,0.007655575097363726
4799,0.039796653796653814,0.09064993564993568,0.08220052117515972,-0.008449414474775957,0.042403867378505905
4800,0.03169884169884172,0.06348005148005147,0.053155079197897394,-0.010324972282154073,0.021456237499055675
4801,0.029846846846846863,0.050810810810810854,0.039126805975487976,-0.011684004835322878,0.009279959128641112
4802,0.027380952380952398,0.06183912483912482,0.050871259637097585,-0.010967865202027235,0.023490307256145187
4803,0.03023423423423425,0.04704375804375802,0.03871448944590691,-0.00832926859785111,0.008480255211672665
4804,0.0316821106821107,0.07115315315315311,0.05883758335261501,-0.0123155698005381,0.027155472670504312
4805,0.03192149292149293,0.04818146718146718,0.046008026335541095,-0.002173440845926085,0.014086533414048162
4806,0.03474517374517375,0.05691248391248394,0.04511405189095865,-0.011798432021525293,0.010368878145784896
4807,0.028975546975546995,0.06593564993564996,0.05564312203101888,-0.010292527904631081,0.026667575055471883
4808,0.026714285714285732,0.04145817245817245,0.033557595741960725,-0.007900576716211728,0.0068433100276749925
4809,0.028115830115830135,0.05824066924066925,0.047389658431018944,-0.010851010809650306,0.01927382831518881
4810,0.029953667953667967,0.07776576576576576,0.06926018891722456,-0.008505576848541196,0.03930652096355659
4811,0.026190476190476215,0.06428957528957532,0.053373853784949354,-0.01091572150462597,0.02718337759447314
4812,0.029456885456885476,0.05343629343629343,0.04279237791630268,-0.010643915519990749,0.013335492459417203
4813,0.02813127413127415,0.08040926640926646,0.07055797010777093,-0.009851296301495532,0.04242669597649678
4814,0.03021235521235523,0.053092664092664124,0.04100759891670042,-0.012085065175963701,0.010795243704345193
4815,0.029314028314028327,0.03963449163449167,0.03361106192935321,-0.006023429705138458,0.0042970336153248835
4816,0.028438867438867456,0.044895752895752906,0.03513237342304997,-0.009763379472702935,0.006693505984182516
4817,0.030352638352638368,0.07332432432432434,0.06368431185101306,-0.009640012473311282,0.033331673498374695
4818,0.03604761904761906,0.08134491634491633,0.07274331823107547,-0.00860159811384087,0.03669569918345641
4819,0.032501930501930516,0.04140926640926642,0.032420726892778605,-0.008988539516487815,-8.120360915191138e-05
4820,0.03067052767052769,0.05219176319176323,0.039614959247552456,-0.012576803944210777,0.008944431577024767
4821,0.025676962676962695,0.06702316602316602,0.055096861307262206,-0.011926304715903814,0.02941989863029951
4822,0.028325611325611344,0.05870398970398969,0.04689997377089338,-0.01180401593309631,0.018574362445282037
4823,0.02728828828828831,0.05138996138996139,0.04165354473223861,-0.009736416657722777,0.0143652564439503
4824,0.026532818532818553,0.05759459459459459,0.048184164812864756,-0.009410429781729832,0.021651346280046203
4825,0.023536679536679553,0.052057915057915065,0.042891581700832106,-0.00916633335708296,0.019354902164152553
4826,0.029387387387387404,0.047747747747747774,0.04109419482534328,-0.006653552922404493,0.011706807437955876
4827,0.034460746460746476,0.07292921492921489,0.06403699806067578,-0.00889221686853911,0.029576251599929305
4828,0.027181467181467196,0.057943371943371916,0.048919722748121855,-0.00902364919525006,0.02173825556665466
4829,0.029817245817245836,0.05371943371943374,0.042647284226379555,-0.011072149493054184,0.012830038409133718
4830,0.028722007722007743,0.05876705276705281,0.048401770622049506,-0.010365282145003304,0.019679762900041763
4831,0.02592020592020594,0.06251737451737456,0.05166984051066823,-0.010847534006706329,0.02574963459046229
4832,0.029471042471042486,0.06270913770913772,0.05143214215583785,-0.01127699555329987,0.021961099684795364
4833,0.02589189189189191,0.05654311454311456,0.04653979260001192,-0.01000332194310264,0.020647900708120007
4834,0.026402831402831416,0.05152380952380954,0.03975819460053001,-0.01176561492327953,0.013355363197698596
4835,0.0294813384813385,0.04745688545688544,0.03558028936120563,-0.011876596095679814,0.006098950879867129
4836,0.024137709137709157,0.05635135135135135,0.04487177415253167,-0.01147957719881968,0.020734065014822514
4837,0.030823680823680845,0.050311454311454326,0.0383372078357796,-0.011974246475674723,0.0075135270120987585
4838,0.02769111969111971,0.093010296010296,0.08477703684151663,-0.008233259168779372,0.057085917150396924
4839,0.026568854568854588,0.05510939510939508,0.043828730352343206,-0.011280664757051875,0.01725987578348862
4840,0.03125611325611327,0.06939768339768333,0.05653905752256551,-0.012858625875117824,0.025282944266452237
4841,0.031137709137709156,0.04646846846846847,0.03514266890532718,-0.011325799563141288,0.004004959767618027
4842,0.022590733590733606,0.06387773487773486,0.0538242336798507,-0.01005350119788416,0.031233500089117096
4843,0.029356499356499373,0.06255984555984556,0.05066212722105713,-0.01189771833878843,0.02130562786455776
4844,0.02818790218790221,0.06150193050193053,0.04826726473915448,-0.01323466576277605,0.02007936255125227
4845,0.026047619047619066,0.08253410553410553,0.07335341724067176,-0.00918068829343377,0.047305798193052695
4846,0.029178893178893193,0.07216344916344915,0.060946698216744206,-0.011216750946704941,0.03176780503785101
4847,0.031972972972972996,0.04995624195624197,0.04116991279766333,-0.008786329158578646,0.009196939824690331
4848,0.03607722007722009,0.09824453024453023,0.08856120054246483,-0.009683329702065396,0.05248398046524474
4849,0.022357786357786374,0.053011583011583006,0.03902448880420206,-0.013987094207380944,0.016666702446415688
4850,0.030006435006435024,0.06194337194337199,0.05075661183846346,-0.01118676010490853,0.020750176832028434
4851,0.022734877734877753,0.03996525096525101,0.03024734761342383,-0.009717903351827182,0.007512469878546077
4852,0.03881853281853283,0.05577734877734877,0.045091140597256954,-0.010686208180091819,0.006272607778724126
4853,0.02981338481338483,0.07098584298584303,0.06049670218583597,-0.010489140800007055,0.03068331737245114
4854,0.03107722007722009,0.035880308880308874,0.028796409976779538,-0.007083898903529336,-0.002280810100440553
4855,0.034095238095238116,0.050463320463320464,0.04290109728115366,-0.007562223182166802,0.008805859185915546
4856,0.028867438867438883,0.07092664092664096,0.06153937217535058,-0.009387268751290374,0.032671933307911696
4857,0.03090476190476192,0.03246846846846846,0.03744485885923386,0.004976390390765403,0.006540096954471941
4858,0.02644272844272846,0.034267696267696275,0.028389434713592235,-0.00587826155410404,0.0019467062708637753
4859,0.030209781209781232,0.05692406692406692,0.04550981653875517,-0.011414250385311756,0.015300035328973935
4860,0.030136422136422158,0.07503603603603605,0.06296545901197864,-0.012070577024057408,0.03282903687555648
4861,0.02705534105534107,0.065990990990991,0.057707758398083,-0.008283232592907995,0.030652417342741933
4862,0.03262676962676965,0.05623294723294723,0.04503120997222969,-0.011201737260717541,0.012404440345460038
4863,0.029624195624195642,0.053894465894465865,0.04251325321877901,-0.011381212675686855,0.012889057594583368
4864,0.030577863577863594,0.05002960102960103,0.039402703325244356,-0.010626897704356673,0.008824839747380762
4865,0.02982882882882884,0.04700643500643504,0.03772328416862529,-0.009283150837809749,0.00789445533979645
4866,0.028173745173745192,0.058339768339768325,0.04703382504355953,-0.011305943296208792,0.01886007986981434
4867,0.033204633204633224,0.05890090090090092,0.050017163861678135,-0.008883737039222787,0.01681253065704491
4868,0.03483655083655085,0.07667824967824972,0.06862201620305408,-0.008056233475195643,0.03378546536650323
4869,0.02616473616473618,0.04952380952380952,0.03987379774008865,-0.009650011783720866,0.013709061575352472
4870,0.03016602316602318,0.06271171171171169,0.053221341145909304,-0.009490370565802389,0.023055317979886122
4871,0.0290836550836551,0.042208494208494214,0.03931179770918249,-0.002896696499311721,0.010228142625527393
4872,0.031651222651222666,0.05663063063063065,0.046135788374831906,-0.010494842255798748,0.01448456572360924
4873,0.02732561132561134,0.09905148005148005,0.09113065000518271,-0.007920830046297345,0.06380503867957137
4874,0.032961389961389975,0.060667953667953675,0.052396979631874126,-0.00827097403607955,0.01943558967048415
4875,0.028145431145431162,0.07303861003861006,0.06195668247345866,-0.011081927565151403,0.033811251328027495
4876,0.026510939510939528,0.05524195624195628,0.04341567215892626,-0.01182628408303002,0.016904732647986736
4877,0.02994980694980697,0.041498069498069494,0.03325110841160116,-0.008246961086468337,0.0033013014617941858
4878,0.027806949806949824,0.051100386100386044,0.03953884528636047,-0.011561540814025571,0.01173189547941065
4879,0.038065637065637085,0.08112612612612613,0.07115987888542512,-0.009966247240701012,0.03309424181978803
4880,0.033334620334620355,0.05255984555984557,0.04330221607654492,-0.009257629483300646,0.009967595741924566
4881,0.03142213642213644,0.047500643500643515,0.037495942413327585,-0.01000470108731593,0.006073805991191145
4882,0.025398970398970416,0.0566036036036036,0.04491872755687291,-0.011684876046730693,0.019519757157902492
4883,0.028895752895752917,0.04332175032175033,0.0371796804870919,-0.006142069834658426,0.008283927591338985
4884,0.03370270270270271,0.06269240669240668,0.053224679626189896,-0.009467727066216784,0.019521976923487186
4885,0.026797940797940817,0.08313127413127411,0.07220745006384348,-0.01092382406743063,0.04540950926590266
4886,0.023384813384813404,0.06430373230373232,0.055256983705988735,-0.009046748597743584,0.03187217032117533
4887,0.025776061776061794,0.06984813384813383,0.0591160053005476,-0.010732128547586234,0.033339943524485806
4888,0.03413642213642215,0.04969498069498072,0.03726539347506624,-0.012429587219914481,0.0031289713386440862
4889,0.029198198198198213,0.03986357786357788,0.029777955117378452,-0.010085622746199428,0.0005797569191802396
4890,0.024296010296010313,0.05870913770913769,0.04835188981281296,-0.01035724789632473,0.024055879516802645
4891,0.03045431145431148,0.04854697554697557,0.039748206555795626,-0.008798768991179942,0.009293895101484147
4892,0.0291866151866152,0.05433976833976834,0.04317632081969667,-0.011163447520071673,0.013989705633081467
4893,0.02940154440154442,0.06697168597168598,0.056133556892215164,-0.01083812907947082,0.026732012490670743
4894,0.0317786357786358,0.047566280566280573,0.03704010093847531,-0.010526179627805263,0.00526146515983951
4895,0.03284555984555986,0.06394723294723298,0.053654814346856844,-0.010292418600376135,0.020809254501296982
4896,0.029194337194337203,0.06630630630630634,0.0535114335898917,-0.012794872716414635,0.0243170963955545
4897,0.034275418275418294,0.0678018018018018,0.05611282198360327,-0.011688979818198532,0.021837403708184974
4898,0.030168597168597187,0.06556499356499358,0.05301458185383353,-0.012550411711160052,0.022845984685236343
4899,0.031574002574002585,0.046396396396396436,0.036889680496647426,-0.00950671589974901,0.00531567792264484
4900,0.03162290862290864,0.0639613899613899,0.051466795764088843,-0.012494594197301062,0.019843887141180204
4901,0.033279279279279296,0.0748944658944659,0.06215752379385348,-0.012736942100612415,0.028878244514574186
4902,0.025756756756756777,0.061086229086229085,0.05172494855866439,-0.009361280527564693,0.025968191801907615
4903,0.02862033462033464,0.04566666666666666,0.036976117294071416,-0.008690549372595245,0.008355782673736777
4904,0.031722007722007735,0.055392535392535414,0.043858780710997414,-0.011533754681538,0.012136772988989679
4905,0.02234877734877737,0.05381081081081085,0.04345440478453652,-0.010356406026274328,0.021105627435759153
4906,0.02620592020592022,0.05225868725868728,0.04348391113252849,-0.00877477612615879,0.01727799092660827
4907,0.0315868725868726,0.04817245817245819,0.04055407002287773,-0.007618388149580456,0.008967197436005131
4908,0.027111969111969128,0.06336679536679542,0.05341412150423729,-0.009952673862558124,0.026302152392268165
4909,0.029046332046332064,0.06342084942084943,0.05281981083627324,-0.010601038584576186,0.023773478789941176
4910,0.03011969111969114,0.04362805662805666,0.037870277275101234,-0.005757779352955426,0.007750586155410095
4911,0.028755469755469772,0.059069498069498065,0.04825579080328085,-0.010813707266217214,0.01950032104781108
4912,0.03635392535392537,0.07051351351351352,0.06252243445299244,-0.007991079060521086,0.026168509099067067
4913,0.030674388674388695,0.06894723294723296,0.05735579431336339,-0.011591438633869564,0.026681405638974698
4914,0.03633719433719435,0.03511711711711711,0.03336098942162466,-0.0017561276954924515,-0.0029762049155696926
4915,0.029023166023166035,0.03647876447876449,0.03041753435211802,-0.006061230126646472,0.0013943683289519837
4916,0.025969111969111988,0.04018146718146719,0.03139514517258193,-0.00878632200888526,0.005426033203469939
4917,0.03037323037323039,0.042743886743886746,0.03592077187925837,-0.006823114864628374,0.005547541506027983
4918,0.04025225225225227,0.11106692406692409,0.10532761818833183,-0.005739305878592255,0.06507536593607957
4919,0.02973616473616475,0.0747837837837838,0.06880115396694941,-0.005982629816834381,0.039064989230784664
4920,0.02944401544401546,0.07495752895752894,0.06459435195583214,-0.010363177001696797,0.035150336511816684
4921,0.029474903474903492,0.0705958815958816,0.05908431814347479,-0.011511563452406802,0.0296094146685713
4922,0.029393822393822405,0.06993564993564996,0.060101466604321,-0.00983418333132896,0.030707644210498597
4923,0.027965250965250987,0.05740283140283138,0.045795338010047475,-0.011607493392783906,0.017830087044796487
4924,0.02660102960102962,0.05890862290862293,0.04714490206232547,-0.011763720846297461,0.020543872461295846
4925,0.031545688545688566,0.04422522522522523,0.03301474396146593,-0.0112104812637593,0.0014690554157773608
4926,0.028105534105534125,0.07178507078507076,0.0630330792306095,-0.00875199155446127,0.03492754512507537
4927,0.025406692406692424,0.05613770913770917,0.04606119729492417,-0.010076511842785005,0.020654504888231742
4928,0.0255791505791506,0.06272844272844272,0.04986141220633839,-0.012867030522104327,0.02428226162718779
4929,0.02876319176319178,0.07090733590733586,0.06076041301993497,-0.010146922887400892,0.03199722125674319
4930,0.02634362934362936,0.08248777348777347,0.07195262178560301,-0.010535151702170467,0.045608992441973646
4931,0.027858429858429876,0.04996267696267697,0.040890382915577075,-0.009072294047099895,0.013031953057147199
4932,0.0340849420849421,0.036025740025740036,0.03197468622901647,-0.004051053796723568,-0.0021102558559256343
4933,0.03173616473616476,0.059921492921492944,0.04748300525748664,-0.012438487664006306,0.01574684052132188
4934,0.025111969111969133,0.06951866151866154,0.061178098086227345,-0.008340563432434195,0.03606612897425821
4935,0.0343770913770914,0.07021492921492922,0.05777413114502072,-0.012440798069908506,0.02339703976792932
4936,0.027021879021879042,0.04258815958815957,0.03288837727057037,-0.009699782317589202,0.005866498248691326
4937,0.03253024453024455,0.05451480051480055,0.044072828993296224,-0.010441971521504327,0.011542584463051675
4938,0.03161003861003863,0.05756885456885456,0.04414833809726491,-0.013420516471589657,0.012538299487226276
4939,0.029432432432432445,0.032118404118404116,0.03253894566717723,0.0004205415487731137,0.0031065132347447844
4940,0.024387387387387407,0.06333075933075931,0.055560498644331734,-0.0077702606864275756,0.031173111256944327
4941,0.025972972972972994,0.06290218790218792,0.05316990376888578,-0.009732284133302141,0.027196930795912785
4942,0.027760617760617775,0.05304504504504506,0.041924271851247225,-0.011120773193797832,0.01416365409062945
4943,0.030355212355212373,0.05433333333333334,0.044129316490261146,-0.010204016843072192,0.013774104135048773
4944,0.02589317889317891,0.05423294723294724,0.04240927541912603,-0.011823671813821213,0.01651609652594712
4945,0.02571171171171173,0.053673101673101666,0.044967919742900916,-0.008705181930200749,0.019256208031189187
4946,0.02984298584298585,0.043034749034749055,0.0440563663210599,0.0010216172863108455,0.01421338047807405
4947,0.025588159588159604,0.04970398970398974,0.04060337336827901,-0.009100616335710729,0.015015213780119406
4948,0.02846203346203348,0.04461776061776065,0.03319658633859124,-0.011421174279169409,0.00473455287655776
4949,0.03145945945945947,0.05629601029601032,0.044087975777793144,-0.012208034518217177,0.012628516318333671
4950,0.03267438867438869,0.05160875160875165,0.0417034793675935,-0.009905272241158149,0.00902909069320481
4951,0.035202059202059224,0.0795662805662806,0.06968063554273835,-0.00988564502354225,0.03447857634067912
4952,0.02929729729729732,0.06897039897039904,0.05735802329337746,-0.011612375677021579,0.028060725996080144
4953,0.02619305019305021,0.056604890604890594,0.046008150402844394,-0.0105967402020462,0.019815100209794184
4954,0.032782496782496805,0.050129987129987154,0.04345449049531681,-0.006675496634670347,0.010671993712820002
4955,0.028831402831402852,0.0642689832689833,0.04989192406183191,-0.014377059207151384,0.02106052123042906
4956,0.02997812097812099,0.042490347490347476,0.03585821744726468,-0.006632130043082794,0.0058800964691436905
4957,0.031091377091377107,0.07045431145431147,0.06040349244112424,-0.010050819013187232,0.02931211534974713
4958,0.02611454311454313,0.04462676962676966,0.03249462810963878,-0.012132141517130879,0.006380084995095653
4959,0.03567181467181468,0.05101801801801803,0.04115778491360104,-0.009860233104416992,0.0054859702417863546
4960,0.027334620334620353,0.046530244530244555,0.03659943768968684,-0.009930806840557714,0.009264817355066488
4961,0.028607464607464626,0.051292149292149265,0.0422250609545107,-0.009067088337638564,0.013617596347046075
4962,0.02604247104247106,0.04199485199485204,0.03430789547253444,-0.007686956522317601,0.008265424430063381
4963,0.02982239382239384,0.07013384813384811,0.05957664076277433,-0.010557207371073782,0.02975424694038049
4964,0.028436293436293458,0.06830115830115834,0.05576816896525707,-0.012532989335901266,0.02733187552896361
4965,0.031509652509652535,0.04077992277992279,0.03834520248240803,-0.002434720297514757,0.0068355499727554975
4966,0.03007078507078509,0.05422265122265125,0.04330882993205302,-0.01091382129059823,0.01323804486126793
4967,0.03472329472329474,0.04814414414414418,0.03941414124232276,-0.008730002901821424,0.0046908465190280205
4968,0.025314028314028337,0.05378635778635781,0.04208456121329643,-0.011701796573061383,0.016770532899268092
4969,0.032129987129987145,0.04717760617760621,0.036928104060310364,-0.010249502117295847,0.004798116930323219
4970,0.03589703989703992,0.04723938223938225,0.037753658621264764,-0.009485723618117482,0.0018566187242248441
4971,0.026926640926640943,0.07170398970398972,0.062204205910570125,-0.009499783793419599,0.035277564983929185
4972,0.03270270270270272,0.061725868725868736,0.050665794153910364,-0.011060074571958373,0.01796309145120764
4973,0.03167567567567569,0.054180180180180185,0.04401655445602351,-0.010163625724156675,0.01234087878034782
4974,0.02834105534105536,0.05137065637065638,0.041729332434008275,-0.009641323936648107,0.013388277092952913
4975,0.029737451737451757,0.05862033462033462,0.04969461517133036,-0.008925719449004263,0.0199571634338786
4976,0.029579150579150598,0.06206306306306309,0.05143743085238804,-0.01062563221067505,0.021858280273237444
4977,0.028377091377091396,0.0534195624195624,0.044351112321892594,-0.009068450097669808,0.015974020944801198
4978,0.02996911196911199,0.07100772200772201,0.05759502613328007,-0.013412695874441945,0.027625914164168076
4979,0.0333770913770914,0.04904118404118405,0.04023734315499899,-0.008803840886185063,0.00686025177790759
4980,0.027093951093951112,0.07845173745173747,0.06596505279558174,-0.012486684656155739,0.03887110170163062
4981,0.03064350064350066,0.0510926640926641,0.04130593000485542,-0.009786734087808682,0.01066242936135476
4982,0.02733075933075935,0.06284684684684687,0.050300898517759235,-0.012545948329087633,0.022970139186999885
4983,0.03430888030888033,0.08331274131274131,0.07412477575659666,-0.00918796555614465,0.03981589544771633
4984,0.030849420849420866,0.04438223938223939,0.0418484965435912,-0.002533742838648191,0.010999075694170333
4985,0.02931274131274133,0.06817503217503214,0.055441322595184174,-0.012733709579847964,0.026128581282442845
4986,0.03163963963963966,0.07326383526383522,0.06031218930573663,-0.012951645958098584,0.028672549666096975
4987,0.028934362934362957,0.057173745173745225,0.043980491806659555,-0.01319325336708567,0.015046128872296598
4988,0.034907335907335926,0.06478378378378376,0.053110381457565595,-0.011673402326218163,0.01820304555022967
4989,0.025871299871299887,0.06461132561132563,0.05585198826089846,-0.008759337350427165,0.029980688389598574
4990,0.030223938223938242,0.04491763191763196,0.03425126330863044,-0.010666368609001525,0.004027325084692196
4991,0.035046332046332056,0.07090090090090088,0.05853399728867243,-0.012366903612228454,0.023487665242340375
4992,0.024100386100386118,0.0659021879021879,0.05604974779214358,-0.009852440110044318,0.03194936169175746
4993,0.023853281853281866,0.046351351351351364,0.0334274769836014,-0.012923874367749964,0.009574195130319534
4994,0.03230888030888033,0.05846589446589446,0.04720114598858707,-0.011264748477307386,0.014892265679706744
4995,0.03363706563706566,0.054422136422136363,0.04085609952745104,-0.013566036894685322,0.007219033890385383
4996,0.03019305019305021,0.059341055341055354,0.049742239841842575,-0.009598815499212779,0.019549189648792365
4997,0.029438867438867457,0.05577606177606182,0.04406881944388257,-0.011707242332179249,0.014629952005015115
4998,0.027746460746460765,0.06419176319176322,0.05270914432647828,-0.011482618865284934,0.024962683580017516
4999,0.02755212355212357,0.059209781209781216,0.04669081324388538,-0.012518967965895834,0.01913868969176181
