rho_global,regime,regime_label,horizon,sigma_weighted_member_mean,ambiguity_weighted_variance_raw,ambiguity_weighted_std_raw,mc_noise_contribution_plugin,mc_noise_contribution_worstcase_expected,ambiguity_variance_plugin_corrected,ambiguity_std_plugin_corrected,ambiguity_member_min,ambiguity_member_max,ambiguity_member_range,retained_weight_ess,n_retained_hypotheses,interpretation,sigma_m1,sigma_m2_mean,sigma_m3_B2000,sigma_whitebox,abs_error_m1,abs_error_m2,abs_error_m3_B2000
0.95,G0,R_easy,60.0,0.9604344644058789,0.00018630517070282443,0.013649365212449421,0.00019574836073369108,0.0014673756194154889,0.0,0.0,0.6666666666666666,1.0,0.33333333333333337,2.957231764306276,14,posthoc retained-member spread; corrected field removes a plug-in estimate of expected member-MC contribution; min-max is descriptive only and is not an uncertainty interval,1.0,0.98,0.9604344644058797,0.94,0.06000000000000005,0.040000000000000036,0.020434464405879704
0.95,G0,R_easy,65.0,0.9674461327774059,0.0002121481099981277,0.014565305008757204,0.0001654480217641673,0.0014673756194154889,4.670008823396039e-05,0.006833746281064318,0.6666666666666666,1.0,0.33333333333333337,2.957231764306276,14,posthoc retained-member spread; corrected field removes a plug-in estimate of expected member-MC contribution; min-max is descriptive only and is not an uncertainty interval,1.0,0.98,0.9674461327774064,0.945,0.05500000000000005,0.03500000000000003,0.02244613277740648
0.95,G0,R_easy,70.0,0.9671514126348892,0.000516876979449812,0.022734928622052283,0.00016428937326016263,0.0014673756194154889,0.0003525876061896494,0.01877731626696556,0.0,1.0,1.0,2.957231764306276,14,posthoc retained-member spread; corrected field removes a plug-in estimate of expected member-MC contribution; min-max is descriptive only and is not an uncertainty interval,1.0,0.98,0.96715141263489,0.945,0.05500000000000005,0.03500000000000003,0.022151412634890066
0.95,G0,R_easy,75.0,0.9651516877866226,0.0004957823442210277,0.02226617039863451,0.00016704910344516788,0.0014673756194154889,0.00032873324077585986,0.01813100219998497,0.0,1.0,1.0,2.957231764306276,14,posthoc retained-member spread; corrected field removes a plug-in estimate of expected member-MC contribution; min-max is descriptive only and is not an uncertainty interval,1.0,0.981111111111111,0.9651516877866232,0.945,0.05500000000000005,0.036111111111111094,0.02015168778662324
0.95,G0,R_easy,80.0,0.9651522781713118,0.00048662957890627267,0.022059682203202126,0.0001675184653052363,0.0014673756194154889,0.00031911111360103636,0.01786368141232474,0.0,1.0,1.0,2.957231764306276,14,posthoc retained-member spread; corrected field removes a plug-in estimate of expected member-MC contribution; min-max is descriptive only and is not an uncertainty interval,1.0,0.98,0.9651522781713124,0.95,0.050000000000000044,0.030000000000000027,0.015152278171312483
0.95,G0,R_easy,85.0,0.9731992994412748,0.00034780458660447485,0.018649519741925656,2.455283760183971e-05,0.0014673756194154889,0.00032325174900263513,0.01797920323603455,0.0,1.0,1.0,2.957231764306276,14,posthoc retained-member spread; corrected field removes a plug-in estimate of expected member-MC contribution; min-max is descriptive only and is not an uncertainty interval,1.0,0.98,0.9731992994412754,0.955,0.04500000000000004,0.025000000000000022,0.018199299441275407
0.95,G0,R_easy,90.0,0.9741987190768913,0.00036010326440910395,0.018976387022009853,2.279991172176778e-05,0.0014673756194154889,0.00033730335268733616,0.018365820229092306,0.0,1.0,1.0,2.957231764306276,14,posthoc retained-member spread; corrected field removes a plug-in estimate of expected member-MC contribution; min-max is descriptive only and is not an uncertainty interval,1.0,0.9774074074074072,0.974198719076892,0.95,0.050000000000000044,0.027407407407407214,0.024198719076892083
0.95,G0,R_easy,95.0,0.978700561160498,0.0003238244607158724,0.017995123248143438,1.9489980664300703e-05,0.0014673756194154889,0.0003043344800515717,0.017445185010528597,0.0,1.0,1.0,2.957231764306276,14,posthoc retained-member spread; corrected field removes a plug-in estimate of expected member-MC contribution; min-max is descriptive only and is not an uncertainty interval,1.0,0.9792592592592592,0.9787005611604984,0.95,0.050000000000000044,0.029259259259259207,0.02870056116049846
0.95,G0,R_easy,100.0,0.9787017476716902,0.00031446154480170373,0.017733063604513002,2.0666903085146457e-05,0.0014673756194154889,0.0002937946417165573,0.017140438784248122,0.0,1.0,1.0,2.957231764306276,14,posthoc retained-member spread; corrected field removes a plug-in estimate of expected member-MC contribution; min-max is descriptive only and is not an uncertainty interval,1.0,0.98,0.9787017476716908,0.945,0.05500000000000005,0.03500000000000003,0.033701747671690874
0.95,G0,R_easy,105.0,0.9832026984364493,0.0003017140020048401,0.017369916580249892,1.6379723131468442e-05,0.0014673756194154889,0.00028533427887337165,0.016891840600519875,0.0,1.0,1.0,2.957231764306276,14,posthoc retained-member spread; corrected field removes a plug-in estimate of expected member-MC contribution; min-max is descriptive only and is not an uncertainty interval,1.0,0.9822222222222222,0.9832026984364496,0.95,0.050000000000000044,0.03222222222222226,0.03320269843644963
0.95,G0,R_easy,110.0,0.9837027005756946,0.00030971418308885804,0.017598698335071775,1.5619056639343325e-05,0.0014673756194154889,0.00029409512644951473,0.01714920191873414,0.0,1.0,1.0,2.957231764306276,14,posthoc retained-member spread; corrected field removes a plug-in estimate of expected member-MC contribution; min-max is descriptive only and is not an uncertainty interval,1.0,0.9833333333333334,0.9837027005756952,0.955,0.04500000000000004,0.028333333333333433,0.02870270057569524
0.95,G0,R_easy,115.0,0.984497428599271,1.1824899733653133e-05,0.0034387351938835204,1.624753265692735e-05,0.0014673756194154889,0.0,0.0,0.9822866344605476,1.0,0.017713365539452353,2.957231764306276,14,posthoc retained-member spread; corrected field removes a plug-in estimate of expected member-MC contribution; min-max is descriptive only and is not an uncertainty interval,1.0,0.9866666666666668,0.9844974285992716,0.96,0.040000000000000036,0.02666666666666684,0.02449742859927162
0.95,G0,R_easy,120.0,0.9859977474347955,8.875823867085954e-06,0.0029792320935244296,1.4876554570639134e-05,0.0014673756194154889,0.0,0.0,0.9847328244274808,1.0,0.01526717557251922,2.957231764306276,14,posthoc retained-member spread; corrected field removes a plug-in estimate of expected member-MC contribution; min-max is descriptive only and is not an uncertainty interval,1.0,0.9866666666666668,0.985997747434796,0.96,0.040000000000000036,0.02666666666666684,0.025997747434795992
0.95,G0,R_easy,125.0,0.9874977710779752,1.2400717598878875e-05,0.0035214652630515715,1.3251310029333803e-05,0.0014673756194154889,0.0,0.0,0.9847328244274808,1.0,0.01526717557251922,2.957231764306276,14,posthoc retained-member spread; corrected field removes a plug-in estimate of expected member-MC contribution; min-max is descriptive only and is not an uncertainty interval,1.0,0.9866666666666668,0.9874977710779758,0.96,0.040000000000000036,0.02666666666666684,0.027497771077975797
0.95,G0,R_easy,130.0,0.9879980741513795,1.0762913947242307e-05,0.00328068802955147,1.2954209477990243e-05,0.0014673756194154889,0.0,0.0,0.9847328244274808,1.0,0.01526717557251922,2.957231764306276,14,posthoc retained-member spread; corrected field removes a plug-in estimate of expected member-MC contribution; min-max is descriptive only and is not an uncertainty interval,1.0,0.9866666666666668,0.9879980741513804,0.955,0.04500000000000004,0.03166666666666684,0.03299807415138045
0.95,G0,R_easy,135.0,0.9889986802981884,9.320841475118112e-06,0.0030530053185538527,1.2357971114379717e-05,0.0014673756194154889,0.0,0.0,0.9847328244274808,1.0,0.01526717557251922,2.957231764306276,14,posthoc retained-member spread; corrected field removes a plug-in estimate of expected member-MC contribution; min-max is descriptive only and is not an uncertainty interval,1.0,0.9866666666666668,0.9889986802981892,0.955,0.04500000000000004,0.03166666666666684,0.0339986802981892
0.95,G0,R_easy,140.0,0.9879986645360687,8.862462498314773e-06,0.0029769888307339637,1.3443255423040164e-05,0.0014673756194154889,0.0,0.0,0.9847328244274808,1.0,0.01526717557251922,2.957231764306276,14,posthoc retained-member spread; corrected field removes a plug-in estimate of expected member-MC contribution; min-max is descriptive only and is not an uncertainty interval,1.0,0.99,0.9879986645360694,0.96,0.040000000000000036,0.030000000000000027,0.027998664536069473
0.95,G0,R_easy,145.0,0.9894977911185862,6.2968446700194555e-06,0.0025093514441025307,1.0664806613935258e-05,0.0014673756194154889,0.0,0.0,0.9877777777777778,1.0,0.012222222222222245,2.957231764306276,14,posthoc retained-member spread; corrected field removes a plug-in estimate of expected member-MC contribution; min-max is descriptive only and is not an uncertainty interval,1.0,0.99,0.9894977911185868,0.965,0.03500000000000003,0.025000000000000022,0.024497791118586854
0.95,G0,R_easy,150.0,0.9899980941919907,4.881377887137357e-06,0.0022093840515259805,1.036634788864273e-05,0.0014673756194154889,0.0,0.0,0.9888888888888888,1.0,0.011111111111111183,2.957231764306276,14,posthoc retained-member spread; corrected field removes a plug-in estimate of expected member-MC contribution; min-max is descriptive only and is not an uncertainty interval,1.0,0.9866666666666668,0.9899980941919914,0.965,0.03500000000000003,0.021666666666666834,0.024998094191991393
0.95,G0,R_easy,155.0,0.9884980762906254,6.209811292097857e-06,0.0024919492956514697,1.2206754385349783e-05,0.0014673756194154889,0.0,0.0,0.9872773536895676,1.0,0.012722646310432406,2.957231764306276,14,posthoc retained-member spread; corrected field removes a plug-in estimate of expected member-MC contribution; min-max is descriptive only and is not an uncertainty interval,1.0,0.99,0.988498076290626,0.965,0.03500000000000003,0.025000000000000022,0.023498076290626058
0.95,G0,R_easy,160.0,0.9874977653361611,7.061196755434703e-06,0.002657291243999179,1.3046282204102917e-05,0.0014673756194154889,0.0,0.0,0.9866666666666668,1.0,0.013333333333333197,2.957231764306276,14,posthoc retained-member spread; corrected field removes a plug-in estimate of expected member-MC contribution; min-max is descriptive only and is not an uncertainty interval,1.0,0.99,0.9874977653361616,0.965,0.03500000000000003,0.025000000000000022,0.022497765336161657
0.95,G0,R_easy,165.0,0.9909987003387998,3.883979152521735e-06,0.0019707813558387786,9.767393177134115e-06,0.0014673756194154889,0.0,0.0,0.989821882951654,1.0,0.010178117048346036,2.957231764306276,14,posthoc retained-member spread; corrected field removes a plug-in estimate of expected member-MC contribution; min-max is descriptive only and is not an uncertainty interval,1.0,0.99,0.9909987003388004,0.965,0.03500000000000003,0.025000000000000022,0.025998700338800473
0.95,G0,R_easy,170.0,0.9904983972653952,4.077089381304725e-06,0.0020191803736429106,1.0067210076375673e-05,0.0014673756194154889,0.0,0.0,0.989821882951654,1.0,0.010178117048346036,2.957231764306276,14,posthoc retained-member spread; corrected field removes a plug-in estimate of expected member-MC contribution; min-max is descriptive only and is not an uncertainty interval,1.0,0.991111111111111,0.990498397265396,0.965,0.03500000000000003,0.026111111111111085,0.025498397265396044
0.95,G0,R_easy,175.0,0.9904983972653952,4.077089381304725e-06,0.0020191803736429106,1.0067210076375673e-05,0.0014673756194154889,0.0,0.0,0.989821882951654,1.0,0.010178117048346036,2.957231764306276,14,posthoc retained-member spread; corrected field removes a plug-in estimate of expected member-MC contribution; min-max is descriptive only and is not an uncertainty interval,1.0,0.991111111111111,0.990498397265396,0.97,0.030000000000000027,0.02111111111111108,0.02049839726539604
0.95,G0,R_easy,180.0,0.9909984051464552,4.472011630366307e-06,0.0021147131319321556,9.521886000360107e-06,0.0014673756194154889,0.0,0.0,0.989821882951654,1.0,0.010178117048346036,2.957231764306276,14,posthoc retained-member spread; corrected field removes a plug-in estimate of expected member-MC contribution; min-max is descriptive only and is not an uncertainty interval,1.0,0.9922222222222222,0.9909984051464558,0.97,0.030000000000000027,0.022222222222222254,0.02099840514645579
0.95,G0,R_easy,185.0,0.994499039214935,1.6054645509253592e-06,0.0012670692762928786,5.759008389437855e-06,0.0014673756194154889,0.0,0.0,0.9935587761674718,1.0,0.006441223832528209,2.957231764306276,14,posthoc retained-member spread; corrected field removes a plug-in estimate of expected member-MC contribution; min-max is descriptive only and is not an uncertainty interval,1.0,0.9933333333333332,0.9944990392149357,0.97,0.030000000000000027,0.023333333333333206,0.02449903921493568
0.95,G0,R_easy,190.0,0.995498754042896,2.154102406942393e-06,0.0014676860723405374,4.19609659272764e-06,0.0014673756194154889,0.0,0.0,0.9944444444444444,1.0,0.005555555555555647,2.957231764306276,14,posthoc retained-member spread; corrected field removes a plug-in estimate of expected member-MC contribution; min-max is descriptive only and is not an uncertainty interval,1.0,0.9933333333333332,0.9954987540428968,0.97,0.030000000000000027,0.023333333333333206,0.02549875404289681
0.95,G0,R_easy,195.0,0.9959993523086453,3.1520184523053267e-06,0.0017753924783848012,4.139250983069995e-06,0.0014673756194154889,0.0,0.0,0.9935587761674718,1.0,0.006441223832528209,2.957231764306276,14,posthoc retained-member spread; corrected field removes a plug-in estimate of expected member-MC contribution; min-max is descriptive only and is not an uncertainty interval,1.0,0.9955555555555556,0.995999352308646,0.97,0.030000000000000027,0.025555555555555665,0.02599935230864603
0.95,G0,R_easy,200.0,0.9964993601897051,1.266561631339326e-06,0.0011254162036061707,3.5903510114739995e-06,0.0014673756194154889,0.0,0.0,0.9951690821256038,1.0,0.004830917874396157,2.957231764306276,14,posthoc retained-member spread; corrected field removes a plug-in estimate of expected member-MC contribution; min-max is descriptive only and is not an uncertainty interval,1.0,0.9966666666666668,0.9964993601897058,0.97,0.030000000000000027,0.02666666666666684,0.02649936018970578
0.95,G0,R_easy,205.0,0.9969996632631096,1.7395586591121502e-06,0.0013189232953861078,3.286459590385506e-06,0.0014673756194154889,0.0,0.0,0.9951690821256038,1.0,0.004830917874396157,2.957231764306276,14,posthoc retained-member spread; corrected field removes a plug-in estimate of expected member-MC contribution; min-max is descriptive only and is not an uncertainty interval,1.0,0.9966666666666668,0.9969996632631102,0.97,0.030000000000000027,0.02666666666666684,0.026999663263110207
0.95,G0,R_easy,210.0,0.9969996632631096,1.7395586591121502e-06,0.0013189232953861078,3.286459590385506e-06,0.0014673756194154889,0.0,0.0,0.9951690821256038,1.0,0.004830917874396157,2.957231764306276,14,posthoc retained-member spread; corrected field removes a plug-in estimate of expected member-MC contribution; min-max is descriptive only and is not an uncertainty interval,1.0,0.9966666666666668,0.9969996632631102,0.975,0.025000000000000022,0.021666666666666834,0.021999663263110203
0.95,G0,R_easy,215.0,0.9974996711441696,4.64106456628185e-07,0.0006812535920112165,2.735771670999258e-06,0.0014673756194154889,0.0,0.0,0.996779388083736,1.0,0.0032206119162639935,2.957231764306276,14,posthoc retained-member spread; corrected field removes a plug-in estimate of expected member-MC contribution; min-max is descriptive only and is not an uncertainty interval,1.0,0.9966666666666668,0.9974996711441702,0.975,0.025000000000000022,0.021666666666666834,0.022499671144170175
0.95,G0,R_easy,220.0,0.9979993780910706,1.441743872580115e-06,0.0012007263937217818,1.716559785243604e-06,0.0014673756194154889,0.0,0.0,0.996779388083736,1.0,0.0032206119162639935,2.957231764306276,14,posthoc retained-member spread; corrected field removes a plug-in estimate of expected member-MC contribution; min-max is descriptive only and is not an uncertainty interval,1.0,0.9966666666666668,0.9979993780910712,0.975,0.025000000000000022,0.021666666666666834,0.02299937809107122
0.95,G0,R_easy,225.0,0.9974990750176661,1.969067646720995e-06,0.0014032347083510282,2.0204512063320977e-06,0.0014673756194154889,0.0,0.0,0.9966666666666668,1.0,0.0033333333333331883,2.957231764306276,14,posthoc retained-member spread; corrected field removes a plug-in estimate of expected member-MC contribution; min-max is descriptive only and is not an uncertainty interval,1.0,1.0,0.9974990750176668,0.975,0.025000000000000022,0.025000000000000022,0.022499075017666792
0.95,G0,R_easy,230.0,0.9979993780910706,1.441743872580115e-06,0.0012007263937217818,1.716559785243604e-06,0.0014673756194154889,0.0,0.0,0.996779388083736,1.0,0.0032206119162639935,2.957231764306276,14,posthoc retained-member spread; corrected field removes a plug-in estimate of expected member-MC contribution; min-max is descriptive only and is not an uncertainty interval,1.0,1.0,0.9979993780910712,0.975,0.025000000000000022,0.025000000000000022,0.02299937809107122
0.95,G0,R_easy,235.0,0.9979993780910706,1.441743872580115e-06,0.0012007263937217818,1.716559785243604e-06,0.0014673756194154889,0.0,0.0,0.996779388083736,1.0,0.0032206119162639935,2.957231764306276,14,posthoc retained-member spread; corrected field removes a plug-in estimate of expected member-MC contribution; min-max is descriptive only and is not an uncertainty interval,1.0,1.0,0.9979993780910712,0.975,0.025000000000000022,0.025000000000000022,0.02299937809107122
0.95,G0,R_easy,240.0,0.998499681164475,1.5255983754886713e-06,0.0012351511549153291,1.4119892771805804e-06,0.0014673756194154889,1.136090983080909e-07,0.00033705948778826997,0.996779388083736,1.0,0.0032206119162639935,2.957231764306276,14,posthoc retained-member spread; corrected field removes a plug-in estimate of expected member-MC contribution; min-max is descriptive only and is not an uncertainty interval,1.0,1.0,0.9984996811644756,0.98,0.020000000000000018,0.020000000000000018,0.018499681164475645
0.95,G1,R_mid,60.0,0.8551024379779006,0.0005206386895526693,0.022817508399311903,0.000560977477644798,0.0014673756194154889,0.0,0.0,0.0,1.0,1.0,2.957231764306276,14,posthoc retained-member spread; corrected field removes a plug-in estimate of expected member-MC contribution; min-max is descriptive only and is not an uncertainty interval,1.0,0.9499999999999998,0.8551024379779013,0.81,0.18999999999999995,0.1399999999999998,0.045102437977901255
0.95,G1,R_mid,65.0,0.8707516279632916,0.0008347205885794325,0.02889153143361273,0.0004994696719292462,0.0014673756194154889,0.00033525091665018636,0.018309858455219864,0.0,1.0,1.0,2.957231764306276,14,posthoc retained-member spread; corrected field removes a plug-in estimate of expected member-MC contribution; min-max is descriptive only and is not an uncertainty interval,1.0,0.9466666666666668,0.8707516279632922,0.825,0.17500000000000004,0.12166666666666681,0.04575162796329224
0.95,G1,R_mid,70.0,0.8707862898085127,0.000821087814445009,0.028654629895446374,0.0004360858953595197,0.0014673756194154889,0.0003850019190854893,0.01962146577311413,0.0,1.0,1.0,2.957231764306276,14,posthoc retained-member spread; corrected field removes a plug-in estimate of expected member-MC contribution; min-max is descriptive only and is not an uncertainty interval,1.0,0.9477777777777776,0.8707862898085131,0.83,0.17000000000000004,0.11777777777777765,0.040786289808513176
0.95,G1,R_mid,75.0,0.8732857273454947,0.0008180751767116993,0.028602013507997986,0.00043331852106045425,0.0014673756194154889,0.0003847566556512451,0.01961521490198986,0.0,1.0,1.0,2.957231764306276,14,posthoc retained-member spread; corrected field removes a plug-in estimate of expected member-MC contribution; min-max is descriptive only and is not an uncertainty interval,1.0,0.9437037037037036,0.8732857273454953,0.83,0.17000000000000004,0.11370370370370364,0.043285727345495295
0.95,G1,R_mid,80.0,0.8718117003241752,0.0009162005492637421,0.030268804886611267,0.0003320988083487875,0.0014673756194154889,0.0005841017409149546,0.02416819689002377,0.0,1.0,1.0,2.957231764306276,14,posthoc retained-member spread; corrected field removes a plug-in estimate of expected member-MC contribution; min-max is descriptive only and is not an uncertainty interval,1.0,0.9488888888888888,0.8718117003241758,0.83,0.17000000000000004,0.11888888888888882,0.041811700324175805
0.95,G1,R_mid,85.0,0.8822992423154624,0.0008784743545852519,0.02963906804515371,0.00029734220649984324,0.0014673756194154889,0.0005811321480854086,0.02410668264372783,0.0,1.0,1.0,2.957231764306276,14,posthoc retained-member spread; corrected field removes a plug-in estimate of expected member-MC contribution; min-max is descriptive only and is not an uncertainty interval,1.0,0.9518518518518518,0.882299242315463,0.845,0.15500000000000003,0.10685185185185186,0.037299242315463
0.95,G1,R_mid,90.0,0.8793098789723853,0.0010409673878560986,0.03226402621893459,0.00027653868267643123,0.0014673756194154889,0.0007644287051796674,0.0276483038391086,0.0,1.0,1.0,2.957231764306276,14,posthoc retained-member spread; corrected field removes a plug-in estimate of expected member-MC contribution; min-max is descriptive only and is not an uncertainty interval,1.0,0.9514814814814816,0.879309878972386,0.855,0.14500000000000002,0.09648148148148161,0.024309878972386012
0.95,G1,R_mid,95.0,0.8788092864484507,0.0010201734392071852,0.031940154026040404,0.0002767861462801066,0.0014673756194154889,0.0007433872929270787,0.027265129615079382,0.0,1.0,1.0,2.957231764306276,14,posthoc retained-member spread; corrected field removes a plug-in estimate of expected member-MC contribution; min-max is descriptive only and is not an uncertainty interval,1.0,0.9544444444444444,0.8788092864484512,0.84,0.16000000000000003,0.11444444444444446,0.038809286448451275
0.95,G1,R_mid,100.0,0.8731521400293195,0.0007837499812507376,0.027995535023477184,0.00028227924885671006,0.0014673756194154889,0.0005014707323940275,0.02239354220292153,0.0,1.0,1.0,2.957231764306276,14,posthoc retained-member spread; corrected field removes a plug-in estimate of expected member-MC contribution; min-max is descriptive only and is not an uncertainty interval,1.0,0.9548148148148148,0.8731521400293201,0.845,0.15500000000000003,0.10981481481481481,0.028152140029320094
0.95,G1,R_mid,105.0,0.8841681266212563,0.0007110587084815304,0.026665684099260054,0.00029942727054097754,0.0014673756194154889,0.00041163143794055283,0.020288702224157976,0.0,1.0,1.0,2.957231764306276,14,posthoc retained-member spread; corrected field removes a plug-in estimate of expected member-MC contribution; min-max is descriptive only and is not an uncertainty interval,1.0,0.9522222222222224,0.8841681266212569,0.865,0.135,0.08722222222222242,0.019168126621256887
0.95,G1,R_mid,110.0,0.8851690394440385,0.0006838148809182894,0.026149854319255574,0.0002995212291642921,0.0014673756194154889,0.0003842936517539973,0.01960340918702656,0.0,1.0,1.0,2.957231764306276,14,posthoc retained-member spread; corrected field removes a plug-in estimate of expected member-MC contribution; min-max is descriptive only and is not an uncertainty interval,1.0,0.9566666666666666,0.8851690394440389,0.86,0.14,0.09666666666666657,0.02516903944403892
0.95,G1,R_mid,115.0,0.8896541368074787,0.0006908331887429216,0.026283705765034762,0.00026848497987494284,0.0014673756194154889,0.0004223482088679788,0.020551112107814965,0.0,1.0,1.0,2.957231764306276,14,posthoc retained-member spread; corrected field removes a plug-in estimate of expected member-MC contribution; min-max is descriptive only and is not an uncertainty interval,1.0,0.9577777777777776,0.8896541368074793,0.87,0.13,0.08777777777777762,0.019654136807479294
0.95,G1,R_mid,120.0,0.8961559931898821,0.0006317714614382097,0.025135064381023767,0.00026349735950387975,0.0014673756194154889,0.00036827410193433,0.019190469038935187,0.0,1.0,1.0,2.957231764306276,14,posthoc retained-member spread; corrected field removes a plug-in estimate of expected member-MC contribution; min-max is descriptive only and is not an uncertainty interval,1.0,0.9588888888888888,0.8961559931898827,0.87,0.13,0.0888888888888888,0.02615599318988271
0.95,G1,R_mid,125.0,0.9046604425005148,0.0006868165795209062,0.02620718564670587,0.00024215005078614997,0.0014673756194154889,0.00044466652873475626,0.02108711760138773,0.0,1.0,1.0,2.957231764306276,14,posthoc retained-member spread; corrected field removes a plug-in estimate of expected member-MC contribution; min-max is descriptive only and is not an uncertainty interval,1.0,0.9577777777777776,0.9046604425005152,0.865,0.135,0.09277777777777763,0.03966044250051526
0.95,G1,R_mid,130.0,0.9001713135131767,0.0006311544627293121,0.02512278771811186,0.0002869688502933931,0.0014673756194154889,0.000344185612435919,0.018552240092126852,0.0,1.0,1.0,2.957231764306276,14,posthoc retained-member spread; corrected field removes a plug-in estimate of expected member-MC contribution; min-max is descriptive only and is not an uncertainty interval,1.0,0.9585185185185184,0.9001713135131771,0.86,0.14,0.09851851851851845,0.040171313513177154
0.95,G1,R_mid,135.0,0.9001587359367196,0.0006231733829035098,0.024963440926753462,0.0002624276336317206,0.0014673756194154889,0.0003607457492717892,0.018993308012870986,0.0,1.0,1.0,2.957231764306276,14,posthoc retained-member spread; corrected field removes a plug-in estimate of expected member-MC contribution; min-max is descriptive only and is not an uncertainty interval,1.0,0.9588888888888888,0.9001587359367202,0.86,0.14,0.0988888888888888,0.04015873593672026
0.95,G1,R_mid,140.0,0.9001575494255273,0.0006465851999195075,0.025428039639726605,0.00026144611965623417,0.0014673756194154889,0.0003851390802632733,0.01962496064361081,0.0,1.0,1.0,2.957231764306276,14,posthoc retained-member spread; corrected field removes a plug-in estimate of expected member-MC contribution; min-max is descriptive only and is not an uncertainty interval,1.0,0.9588888888888888,0.9001575494255278,0.865,0.135,0.0938888888888888,0.035157549425527845
0.95,G1,R_mid,145.0,0.9101606474865425,0.0005996456233746014,0.02448766267683793,0.00025415174246140853,0.0014673756194154889,0.00034549388091319286,0.018587465693665525,0.0,1.0,1.0,2.957231764306276,14,posthoc retained-member spread; corrected field removes a plug-in estimate of expected member-MC contribution; min-max is descriptive only and is not an uncertainty interval,1.0,0.9566666666666666,0.9101606474865432,0.855,0.14500000000000002,0.10166666666666657,0.05516064748654326
0.95,G1,R_mid,150.0,0.9066597182257181,0.0006532815551320911,0.025559373136524517,0.00025699980646222984,0.0014673756194154889,0.0003962817486698613,0.01990682668508121,0.0,1.0,1.0,2.957231764306276,14,posthoc retained-member spread; corrected field removes a plug-in estimate of expected member-MC contribution; min-max is descriptive only and is not an uncertainty interval,1.0,0.9555555555555556,0.9066597182257188,0.855,0.14500000000000002,0.10055555555555562,0.0516597182257188
0.95,G1,R_mid,155.0,0.9051596945825384,0.0006246334112019145,0.024992667148624106,0.0002583836780518562,0.0014673756194154889,0.0003662497331500583,0.01913765223714911,0.0,1.0,1.0,2.957231764306276,14,posthoc retained-member spread; corrected field removes a plug-in estimate of expected member-MC contribution; min-max is descriptive only and is not an uncertainty interval,1.0,0.9622222222222222,0.9051596945825388,0.855,0.14500000000000002,0.10722222222222222,0.05015969458253877
0.95,G1,R_mid,160.0,0.9066611941874408,0.0005979149539512221,0.024452299563665215,0.0002580664742313756,0.0014673756194154889,0.0003398484797198465,0.01843497978626086,0.0,1.0,1.0,2.957231764306276,14,posthoc retained-member spread; corrected field removes a plug-in estimate of expected member-MC contribution; min-max is descriptive only and is not an uncertainty interval,1.0,0.96,0.9066611941874414,0.855,0.14500000000000002,0.10499999999999998,0.05166119418744142
0.95,G1,R_mid,165.0,0.9161628026638592,0.0005820585995854707,0.024125890648543334,0.0002499307050722147,0.0014673756194154889,0.000332127894513256,0.018224376382012526,0.0,1.0,1.0,2.957231764306276,14,posthoc retained-member spread; corrected field removes a plug-in estimate of expected member-MC contribution; min-max is descriptive only and is not an uncertainty interval,1.0,0.9611111111111112,0.91616280266386,0.855,0.14500000000000002,0.10611111111111127,0.06116280266385998
0.95,G1,R_mid,170.0,0.9116621585750737,0.0006361745852171945,0.025222501565411677,0.0002540907843937852,0.0014673756194154889,0.00038208380082340923,0.019546963979692838,0.0,1.0,1.0,2.957231764306276,14,posthoc retained-member spread; corrected field removes a plug-in estimate of expected member-MC contribution; min-max is descriptive only and is not an uncertainty interval,1.0,0.9611111111111112,0.9116621585750744,0.86,0.14,0.10111111111111126,0.05166215857507439
0.95,G1,R_mid,175.0,0.9131644197208268,0.0006636913018495351,0.02576220685130711,0.0002372459781100809,0.0014673756194154889,0.00042644532373945415,0.020650552625522015,0.0,1.0,1.0,2.957231764306276,14,posthoc retained-member spread; corrected field removes a plug-in estimate of expected member-MC contribution; min-max is descriptive only and is not an uncertainty interval,1.0,0.9633333333333334,0.9131644197208276,0.855,0.14500000000000002,0.10833333333333339,0.05816441972082764
0.95,G1,R_mid,180.0,0.9181644755641688,0.0006113780768224868,0.024726060681444725,0.0002320062778988599,0.0014673756194154889,0.00037937179892362694,0.019477469007127875,0.0,1.0,1.0,2.957231764306276,14,posthoc retained-member spread; corrected field removes a plug-in estimate of expected member-MC contribution; min-max is descriptive only and is not an uncertainty interval,1.0,0.9577777777777778,0.9181644755641696,0.86,0.14,0.09777777777777785,0.05816447556416959
0.95,G1,R_mid,185.0,0.9251657494429433,0.0005767475105136012,0.02401556808642263,0.0002257976659436961,0.0014673756194154889,0.0003509498445699051,0.018733655397970388,0.0,1.0,1.0,2.957231764306276,14,posthoc retained-member spread; corrected field removes a plug-in estimate of expected member-MC contribution; min-max is descriptive only and is not an uncertainty interval,1.0,0.9633333333333334,0.9251657494429438,0.87,0.13,0.09333333333333338,0.055165749442943834
0.95,G1,R_mid,190.0,0.9241648423619754,0.0005728258601930239,0.02393378073336981,0.00022593519803733975,0.0014673756194154889,0.00034689066215568416,0.018625000997468003,0.0,1.0,1.0,2.957231764306276,14,posthoc retained-member spread; corrected field removes a plug-in estimate of expected member-MC contribution; min-max is descriptive only and is not an uncertainty interval,1.0,0.9611111111111112,0.924164842361976,0.86,0.14,0.10111111111111126,0.06416484236197606
0.95,G1,R_mid,195.0,0.9236654363492333,0.0005930121430447545,0.02435184065003618,0.00022716002375494936,0.0014673756194154889,0.00036585211928980515,0.019127261154953813,0.0,1.0,1.0,2.957231764306276,14,posthoc retained-member spread; corrected field removes a plug-in estimate of expected member-MC contribution; min-max is descriptive only and is not an uncertainty interval,1.0,0.9544444444444444,0.923665436349234,0.865,0.135,0.08944444444444444,0.058665436349234046
0.95,G1,R_mid,200.0,0.9281648939268263,0.0005709957752258539,0.023895517889885833,0.00022178612590276594,0.0014673756194154889,0.000349209649323088,0.018687151985337092,0.0,1.0,1.0,2.957231764306276,14,posthoc retained-member spread; corrected field removes a plug-in estimate of expected member-MC contribution; min-max is descriptive only and is not an uncertainty interval,1.0,0.9577777777777778,0.928164893926827,0.855,0.14500000000000002,0.10277777777777786,0.07316489392682701
0.95,G1,R_mid,205.0,0.9331661420231752,0.0005412535501973446,0.023264856547964025,0.00021751628396592012,0.0014673756194154889,0.0003237372662314245,0.01799270035962986,0.0,1.0,1.0,2.957231764306276,14,posthoc retained-member spread; corrected field removes a plug-in estimate of expected member-MC contribution; min-max is descriptive only and is not an uncertainty interval,1.0,0.9633333333333334,0.9331661420231756,0.875,0.125,0.08833333333333337,0.058166142023175604
0.95,G1,R_mid,210.0,0.933666450838394,0.0005579697761358839,0.023621383874275526,0.00021741546260804366,0.0014673756194154889,0.00034055431352784027,0.018454113729134768,0.0,1.0,1.0,2.957231764306276,14,posthoc retained-member spread; corrected field removes a plug-in estimate of expected member-MC contribution; min-max is descriptive only and is not an uncertainty interval,1.0,0.965925925925926,0.9336664508383944,0.86,0.14,0.10592592592592598,0.0736664508383944
0.95,G1,R_mid,215.0,0.9366679683446619,0.0005281609657132669,0.022981752886002123,0.0002154449731684998,0.0014673756194154889,0.0003127159925447671,0.017683777666120074,0.0,1.0,1.0,2.957231764306276,14,posthoc retained-member spread; corrected field removes a plug-in estimate of expected member-MC contribution; min-max is descriptive only and is not an uncertainty interval,1.0,0.9681481481481482,0.9366679683446624,0.87,0.13,0.0981481481481482,0.06666796834466238
0.95,G1,R_mid,220.0,0.9366673722181584,0.0005231913149081409,0.022873375678026647,0.00021483202547058423,0.0014673756194154889,0.0003083592894375567,0.01756016199918317,0.0,1.0,1.0,2.957231764306276,14,posthoc retained-member spread; corrected field removes a plug-in estimate of expected member-MC contribution; min-max is descriptive only and is not an uncertainty interval,1.0,0.9692592592592594,0.9366673722181592,0.87,0.13,0.09925925925925938,0.06666737221815922
0.95,G1,R_mid,225.0,0.9396533429990812,0.0005525285356326899,0.02350592554299213,0.00018085767456412313,0.0014673756194154889,0.0003716708610685668,0.019278767104474466,0.0,1.0,1.0,2.957231764306276,14,posthoc retained-member spread; corrected field removes a plug-in estimate of expected member-MC contribution; min-max is descriptive only and is not an uncertainty interval,1.0,0.97,0.9396533429990818,0.875,0.125,0.09499999999999997,0.06465334299908176
0.95,G1,R_mid,230.0,0.9351532892949845,0.0005780308781681591,0.024042272733004237,0.00018574578586260136,0.0014673756194154889,0.0003922850923055577,0.019806188232609465,0.0,1.0,1.0,2.957231764306276,14,posthoc retained-member spread; corrected field removes a plug-in estimate of expected member-MC contribution; min-max is descriptive only and is not an uncertainty interval,1.0,0.9707407407407408,0.9351532892949852,0.87,0.13,0.1007407407407408,0.0651532892949852
0.95,G1,R_mid,235.0,0.9351532892949845,0.0005780308781681591,0.024042272733004237,0.00018574578586260136,0.0014673756194154889,0.0003922850923055577,0.019806188232609465,0.0,1.0,1.0,2.957231764306276,14,posthoc retained-member spread; corrected field removes a plug-in estimate of expected member-MC contribution; min-max is descriptive only and is not an uncertainty interval,1.0,0.9718518518518516,0.9351532892949852,0.86,0.14,0.11185185185185165,0.07515328929498521
0.95,G1,R_mid,240.0,0.9376548104038214,0.0005966682094121682,0.02442679285973024,0.00018456618011184584,0.0014673756194154889,0.0004121020293003224,0.02030029628602308,0.0,1.0,1.0,2.957231764306276,14,posthoc retained-member spread; corrected field removes a plug-in estimate of expected member-MC contribution; min-max is descriptive only and is not an uncertainty interval,1.0,0.972962962962963,0.937654810403822,0.865,0.135,0.10796296296296304,0.07265481040382205
0.95,G2,R_stress,60.0,0.7011435168489089,0.0013545478442303742,0.0368041824285009,0.0007379044958190401,0.0014673756194154889,0.0006166433484113341,0.024832304532832514,0.0,1.0,1.0,2.957231764306276,14,posthoc retained-member spread; corrected field removes a plug-in estimate of expected member-MC contribution; min-max is descriptive only and is not an uncertainty interval,1.0,0.8637037037037039,0.7011435168489093,0.65,0.35,0.21370370370370384,0.051143516848909276
0.95,G2,R_stress,65.0,0.725648284971499,0.0011672931768870714,0.03416567249282636,0.0007274797321867205,0.0014673756194154889,0.0004398134447003509,0.02097172965447416,0.0,1.0,1.0,2.957231764306276,14,posthoc retained-member spread; corrected field removes a plug-in estimate of expected member-MC contribution; min-max is descriptive only and is not an uncertainty interval,1.0,0.8748148148148149,0.7256482849714997,0.645,0.355,0.22981481481481492,0.08064828497149967
0.95,G2,R_stress,70.0,0.715150397164514,0.0014739110041275417,0.038391548602883185,0.0007216388658023465,0.0014673756194154889,0.0007522721383251952,0.02742757988458324,0.0,1.0,1.0,2.957231764306276,14,posthoc retained-member spread; corrected field removes a plug-in estimate of expected member-MC contribution; min-max is descriptive only and is not an uncertainty interval,1.0,0.8848148148148147,0.7151503971645146,0.635,0.365,0.2498148148148147,0.08015039716451455
0.95,G2,R_stress,75.0,0.7051342055165871,0.0016517285676267207,0.04064146365015316,0.0007790870801604369,0.0014673756194154889,0.0008726414874662838,0.029540505876952814,0.0,1.0,1.0,2.957231764306276,14,posthoc retained-member spread; corrected field removes a plug-in estimate of expected member-MC contribution; min-max is descriptive only and is not an uncertainty interval,1.0,0.8881481481481481,0.7051342055165877,0.645,0.355,0.2431481481481481,0.06013420551658766
0.95,G2,R_stress,80.0,0.6931647050762147,0.001536977246137996,0.03920430137291055,0.0008362005997081502,0.0014673756194154889,0.0007007766464298458,0.026472186279751165,0.0,1.0,1.0,2.957231764306276,14,posthoc retained-member spread; corrected field removes a plug-in estimate of expected member-MC contribution; min-max is descriptive only and is not an uncertainty interval,1.0,0.8877777777777779,0.6931647050762153,0.625,0.375,0.2627777777777779,0.0681647050762153
0.95,G2,R_stress,85.0,0.7156954813389131,0.0013818350974528736,0.037173042617639915,0.0007703396119257985,0.0014673756194154889,0.000611495485527075,0.02472843475691648,0.0,1.0,1.0,2.957231764306276,14,posthoc retained-member spread; corrected field removes a plug-in estimate of expected member-MC contribution; min-max is descriptive only and is not an uncertainty interval,1.0,0.8925925925925926,0.7156954813389137,0.66,0.33999999999999997,0.23259259259259257,0.055695481338913666
0.95,G2,R_stress,90.0,0.7027153138025618,0.0015388129093835661,0.03922770588988816,0.0007631584937303981,0.0014673756194154889,0.000775654415653168,0.027850572986083573,0.0,1.0,1.0,2.957231764306276,14,posthoc retained-member spread; corrected field removes a plug-in estimate of expected member-MC contribution; min-max is descriptive only and is not an uncertainty interval,1.0,0.8833333333333334,0.7027153138025624,0.64,0.36,0.2433333333333334,0.06271531380256234
0.95,G2,R_stress,95.0,0.6977008146171265,0.0014112742057802968,0.03756692968263838,0.0007922151583771489,0.0014673756194154889,0.0006190590474031479,0.02488089723870801,0.0,1.0,1.0,2.957231764306276,14,posthoc retained-member spread; corrected field removes a plug-in estimate of expected member-MC contribution; min-max is descriptive only and is not an uncertainty interval,1.0,0.8877777777777779,0.6977008146171271,0.645,0.355,0.24277777777777787,0.052700814617127056
0.95,G2,R_stress,100.0,0.6897027149432308,0.0014577080563072764,0.03817994311555842,0.0007385000138154758,0.0014673756194154889,0.0007192080424918006,0.026818054412872695,0.0,1.0,1.0,2.957231764306276,14,posthoc retained-member spread; corrected field removes a plug-in estimate of expected member-MC contribution; min-max is descriptive only and is not an uncertainty interval,1.0,0.8814814814814815,0.6897027149432313,0.66,0.33999999999999997,0.2214814814814815,0.02970271494323129
0.95,G2,R_stress,105.0,0.7092043168119646,0.001337332546198611,0.03656955764291675,0.000718601629161561,0.0014673756194154889,0.00061873091703705,0.024874302342720086,0.0,1.0,1.0,2.957231764306276,14,posthoc retained-member spread; corrected field removes a plug-in estimate of expected member-MC contribution; min-max is descriptive only and is not an uncertainty interval,1.0,0.8966666666666667,0.7092043168119653,0.685,0.31499999999999995,0.21166666666666667,0.02420431681196522
0.95,G2,R_stress,110.0,0.7036842570668679,0.0014278825509897218,0.03778733320822894,0.0006846549061180342,0.0014673756194154889,0.0007432276448716877,0.02726220176126073,0.0,1.0,1.0,2.957231764306276,14,posthoc retained-member spread; corrected field removes a plug-in estimate of expected member-MC contribution; min-max is descriptive only and is not an uncertainty interval,1.0,0.9007407407407406,0.7036842570668684,0.695,0.30500000000000005,0.20574074074074067,0.008684257066868484
0.95,G2,R_stress,115.0,0.703714563386775,0.001624310875639678,0.040302740299385076,0.0006281816764678211,0.0014673756194154889,0.000996129199171857,0.03156151452595165,0.0,1.0,1.0,2.957231764306276,14,posthoc retained-member spread; corrected field removes a plug-in estimate of expected member-MC contribution; min-max is descriptive only and is not an uncertainty interval,1.0,0.9025925925925926,0.7037145633867756,0.675,0.32499999999999996,0.22759259259259257,0.028714563386775582
0.95,G2,R_stress,120.0,0.692227774473109,0.002122463928221376,0.046070206513769564,0.0006138011255979265,0.0014673756194154889,0.0015086628026234495,0.0388415087583303,0.0,1.0,1.0,2.957231764306276,14,posthoc retained-member spread; corrected field removes a plug-in estimate of expected member-MC contribution; min-max is descriptive only and is not an uncertainty interval,1.0,0.8962962962962963,0.6922277744731093,0.65,0.35,0.24629629629629624,0.042227774473109325
0.95,G2,R_stress,125.0,0.7122348975503376,0.002055860993710363,0.04534160334296046,0.0005858757836591949,0.0014673756194154889,0.0014699852100511683,0.03834038614895745,0.0,1.0,1.0,2.957231764306276,14,posthoc retained-member spread; corrected field removes a plug-in estimate of expected member-MC contribution; min-max is descriptive only and is not an uncertainty interval,1.0,0.8955555555555555,0.7122348975503381,0.66,0.33999999999999997,0.23555555555555552,0.052234897550338055
0.95,G2,R_stress,130.0,0.7082359142023107,0.00219180058968194,0.046816669997789676,0.0005763137574308643,0.0014673756194154889,0.0016154868322510755,0.04019311921524722,0.0,1.0,1.0,2.957231764306276,14,posthoc retained-member spread; corrected field removes a plug-in estimate of expected member-MC contribution; min-max is descriptive only and is not an uncertainty interval,1.0,0.8962962962962964,0.7082359142023111,0.64,0.36,0.25629629629629636,0.06823591420231112
0.95,G2,R_stress,135.0,0.7017196259614426,0.0018959789620734118,0.04354284053749149,0.0006099942907384881,0.0014673756194154889,0.0012859846713349238,0.035860628429169,0.0,1.0,1.0,2.957231764306276,14,posthoc retained-member spread; corrected field removes a plug-in estimate of expected member-MC contribution; min-max is descriptive only and is not an uncertainty interval,1.0,0.9003703703703702,0.7017196259614432,0.66,0.33999999999999997,0.24037037037037012,0.041719625961443185
0.95,G2,R_stress,140.0,0.6947074216240956,0.002285602708880121,0.04780797746067199,0.0005803761779201622,0.0014673756194154889,0.001705226530959959,0.041294388613466106,0.0,1.0,1.0,2.957231764306276,14,posthoc retained-member spread; corrected field removes a plug-in estimate of expected member-MC contribution; min-max is descriptive only and is not an uncertainty interval,1.0,0.8925925925925926,0.6947074216240962,0.655,0.345,0.23759259259259258,0.03970742162409613
0.95,G2,R_stress,145.0,0.710204940304081,0.0020926556008454985,0.04574555279855626,0.0005715644138156529,0.0014673756194154889,0.0015210911870298456,0.03900116904696378,0.0,1.0,1.0,2.957231764306276,14,posthoc retained-member spread; corrected field removes a plug-in estimate of expected member-MC contribution; min-max is descriptive only and is not an uncertainty interval,1.0,0.8962962962962963,0.7102049403040815,0.67,0.32999999999999996,0.22629629629629622,0.040204940304081505
0.95,G2,R_stress,150.0,0.7041708087217158,0.0019375526698427023,0.044017640439290955,0.0006392409984570499,0.0014673756194154889,0.0012983116713856523,0.03603209224268905,0.0,1.0,1.0,2.957231764306276,14,posthoc retained-member spread; corrected field removes a plug-in estimate of expected member-MC contribution; min-max is descriptive only and is not an uncertainty interval,1.0,0.8996296296296298,0.7041708087217162,0.67,0.32999999999999996,0.22962962962962974,0.034170808721716184
0.95,G2,R_stress,155.0,0.7027007808877888,0.0021707989044675875,0.04659183302326264,0.0006302426040161938,0.0014673756194154889,0.0015405563004513936,0.03924992102477906,0.0,1.0,1.0,2.957231764306276,14,posthoc retained-member spread; corrected field removes a plug-in estimate of expected member-MC contribution; min-max is descriptive only and is not an uncertainty interval,1.0,0.8959259259259258,0.7027007808877892,0.665,0.33499999999999996,0.23092592592592576,0.037700780887789165
0.95,G2,R_stress,160.0,0.6981882606027137,0.0019869051672615806,0.04457471443836271,0.0006525315121422704,0.0014673756194154889,0.0013343736551193102,0.03652907958215359,0.0,1.0,1.0,2.957231764306276,14,posthoc retained-member spread; corrected field removes a plug-in estimate of expected member-MC contribution; min-max is descriptive only and is not an uncertainty interval,1.0,0.8996296296296298,0.6981882606027143,0.645,0.355,0.25462962962962976,0.05318826060271431
0.95,G2,R_stress,165.0,0.7090663053295944,0.0025275431291822688,0.05027467681827769,0.0005276237448957893,0.0014673756194154889,0.0019999193842864795,0.0447204582298357,0.0,1.0,1.0,2.957231764306276,14,posthoc retained-member spread; corrected field removes a plug-in estimate of expected member-MC contribution; min-max is descriptive only and is not an uncertainty interval,1.0,0.8966666666666666,0.7090663053295949,0.66,0.33999999999999997,0.23666666666666658,0.049066305329594884
0.95,G2,R_stress,170.0,0.7020763115206061,0.0029392783142766724,0.05421511149372168,0.0005077582447224477,0.0014673756194154889,0.0024315200695542247,0.04931044584623247,0.0,1.0,1.0,2.957231764306276,14,posthoc retained-member spread; corrected field removes a plug-in estimate of expected member-MC contribution; min-max is descriptive only and is not an uncertainty interval,1.0,0.8977777777777776,0.7020763115206066,0.665,0.33499999999999996,0.23277777777777753,0.03707631152060653
0.95,G2,R_stress,175.0,0.7035813764009002,0.0029652534383435097,0.05445414069052518,0.0005090719465195432,0.0014673756194154889,0.0024561814918239665,0.049559877843109806,0.0,1.0,1.0,2.957231764306276,14,posthoc retained-member spread; corrected field removes a plug-in estimate of expected member-MC contribution; min-max is descriptive only and is not an uncertainty interval,1.0,0.902962962962963,0.7035813764009008,0.67,0.32999999999999996,0.23296296296296293,0.03358137640090075
0.95,G2,R_stress,180.0,0.7005325870364488,0.0027387728944075697,0.05233328667690927,0.0006165199296493193,0.0014673756194154889,0.0021222529647582505,0.04606791687018472,0.0,1.0,1.0,2.957231764306276,14,posthoc retained-member spread; corrected field removes a plug-in estimate of expected member-MC contribution; min-max is descriptive only and is not an uncertainty interval,1.0,0.8992592592592592,0.7005325870364494,0.65,0.35,0.24925925925925918,0.05053258703644936
0.95,G2,R_stress,185.0,0.7145370771042262,0.002816744655712873,0.05307301249894218,0.0005960571270521606,0.0014673756194154889,0.0022206875286607123,0.04712417138434067,0.0,1.0,1.0,2.957231764306276,14,posthoc retained-member spread; corrected field removes a plug-in estimate of expected member-MC contribution; min-max is descriptive only and is not an uncertainty interval,1.0,0.8959259259259258,0.7145370771042268,0.675,0.32499999999999996,0.22092592592592575,0.039537077104226714
0.95,G2,R_stress,190.0,0.7085497358204758,0.0025102646985999946,0.05010254183771513,0.0006356716973495788,0.0014673756194154889,0.001874593001250416,0.043296570317409855,0.0,1.0,1.0,2.957231764306276,14,posthoc retained-member spread; corrected field removes a plug-in estimate of expected member-MC contribution; min-max is descriptive only and is not an uncertainty interval,1.0,0.8981481481481481,0.7085497358204764,0.665,0.33499999999999996,0.2331481481481481,0.04354973582047639
0.95,G2,R_stress,195.0,0.706577938527917,0.0025107047084705304,0.05010693273859946,0.0005835402211577024,0.0014673756194154889,0.001927164487312828,0.043899481629204096,0.0,1.0,1.0,2.957231764306276,14,posthoc retained-member spread; corrected field removes a plug-in estimate of expected member-MC contribution; min-max is descriptive only and is not an uncertainty interval,1.0,0.8955555555555555,0.7065779385279176,0.65,0.35,0.24555555555555553,0.05657793852791759
0.95,G2,R_stress,200.0,0.7045788040643396,0.002578389408140292,0.05077784367359736,0.0005848485086847224,0.0014673756194154889,0.0019935408994555693,0.044649086210756535,0.0,1.0,1.0,2.957231764306276,14,posthoc retained-member spread; corrected field removes a plug-in estimate of expected member-MC contribution; min-max is descriptive only and is not an uncertainty interval,1.0,0.8985185185185186,0.7045788040643401,0.64,0.36,0.2585185185185186,0.06457880406434013
0.95,G2,R_stress,205.0,0.7202554064726304,0.0027117214985884026,0.052074192250945214,0.0005234616985724279,0.0014673756194154889,0.0021882598000159746,0.04677883923331119,0.0,1.0,1.0,2.957231764306276,14,posthoc retained-member spread; corrected field removes a plug-in estimate of expected member-MC contribution; min-max is descriptive only and is not an uncertainty interval,1.0,0.8992592592592591,0.7202554064726311,0.65,0.35,0.24925925925925907,0.07025540647263107
0.95,G2,R_stress,210.0,0.7210977376717035,0.0025541262113742574,0.05053836375837921,0.0005227072869671506,0.0014673756194154889,0.0020314189244071065,0.04507126495237411,0.0,1.0,1.0,2.957231764306276,14,posthoc retained-member spread; corrected field removes a plug-in estimate of expected member-MC contribution; min-max is descriptive only and is not an uncertainty interval,1.0,0.8977777777777777,0.7210977376717042,0.655,0.345,0.24277777777777765,0.06609773767170413
0.95,G2,R_stress,215.0,0.7135982730004509,0.0026266026693842993,0.05125039189493383,0.0005273967638570813,0.0014673756194154889,0.002099205905527218,0.04581709184930028,0.0,1.0,1.0,2.957231764306276,14,posthoc retained-member spread; corrected field removes a plug-in estimate of expected member-MC contribution; min-max is descriptive only and is not an uncertainty interval,1.0,0.8948148148148148,0.7135982730004516,0.665,0.33499999999999996,0.2298148148148148,0.04859827300045161
0.95,G2,R_stress,220.0,0.7126007899332489,0.0029081700339936806,0.05392745158074578,0.0005134931574808905,0.0014673756194154889,0.00239467687651279,0.048935435795676635,0.0,1.0,1.0,2.957231764306276,14,posthoc retained-member spread; corrected field removes a plug-in estimate of expected member-MC contribution; min-max is descriptive only and is not an uncertainty interval,1.0,0.898888888888889,0.7126007899332496,0.645,0.355,0.25388888888888894,0.06760078993324958
0.95,G2,R_stress,225.0,0.7306445046179446,0.0023028447395332485,0.047987964527923546,0.0005046198744360372,0.0014673756194154889,0.0017982248650972113,0.04240548154539943,0.0,1.0,1.0,2.957231764306276,14,posthoc retained-member spread; corrected field removes a plug-in estimate of expected member-MC contribution; min-max is descriptive only and is not an uncertainty interval,1.0,0.9092592592592592,0.7306445046179452,0.62,0.38,0.2892592592592592,0.11064450461794517
0.95,G2,R_stress,230.0,0.7217999982009439,0.002613210865824805,0.05111957419447863,0.0005087343479183239,0.0014673756194154889,0.0021044765179064812,0.04587457376266815,0.0,1.0,1.0,2.957231764306276,14,posthoc retained-member spread; corrected field removes a plug-in estimate of expected member-MC contribution; min-max is descriptive only and is not an uncertainty interval,1.0,0.9129629629629628,0.7217999982009444,0.625,0.375,0.28796296296296275,0.09679999820094443
0.95,G2,R_stress,235.0,0.7188011546512196,0.0026958602718117116,0.05192167439337556,0.0005108653492623435,0.0014673756194154889,0.002184994922549368,0.04674392925877507,0.0,1.0,1.0,2.957231764306276,14,posthoc retained-member spread; corrected field removes a plug-in estimate of expected member-MC contribution; min-max is descriptive only and is not an uncertainty interval,1.0,0.9125925925925924,0.7188011546512202,0.61,0.39,0.3025925925925924,0.1088011546512202
0.95,G2,R_stress,240.0,0.7172978609249927,0.002693131447732031,0.05189538946507706,0.0005101077852411634,0.0014673756194154889,0.0021830236624908674,0.046722838767468605,0.0,1.0,1.0,2.957231764306276,14,posthoc retained-member spread; corrected field removes a plug-in estimate of expected member-MC contribution; min-max is descriptive only and is not an uncertainty interval,1.0,0.9125925925925924,0.7172978609249931,0.615,0.385,0.2975925925925924,0.10229786092499316
0.975,G0,R_easy,60.0,0.9674777392239832,6.194178919758425e-05,0.007870310616334291,6.766547614688812e-05,0.0014673756194154889,0.0,0.0,0.9523809523809524,1.0,0.04761904761904756,2.957231764306276,14,posthoc retained-member spread; corrected field removes a plug-in estimate of expected member-MC contribution; min-max is descriptive only and is not an uncertainty interval,1.0,0.9766666666666666,0.9674777392239838,0.955,0.04500000000000004,0.021666666666666612,0.012477739223983875
0.975,G0,R_easy,65.0,0.9679768500443808,9.691114049374752e-05,0.009844345610234716,6.597681380162226e-05,0.0014673756194154889,3.0934326692125255e-05,0.005561863598842141,0.9523809523809524,1.0,0.04761904761904756,2.957231764306276,14,posthoc retained-member spread; corrected field removes a plug-in estimate of expected member-MC contribution; min-max is descriptive only and is not an uncertainty interval,1.0,0.98,0.9679768500443816,0.955,0.04500000000000004,0.025000000000000022,0.01297685004438165
0.975,G0,R_easy,70.0,0.966683016942221,0.0003621930952594205,0.019031371344688235,6.724630687445835e-05,0.0014673756194154889,0.00029494678838496216,0.017174014917454863,0.0,1.0,1.0,2.957231764306276,14,posthoc retained-member spread; corrected field removes a plug-in estimate of expected member-MC contribution; min-max is descriptive only and is not an uncertainty interval,1.0,0.9766666666666666,0.9666830169422216,0.95,0.050000000000000044,0.026666666666666616,0.01668301694222163
0.975,G0,R_easy,75.0,0.9686952141132805,0.0003570270188627799,0.018895158609092962,4.32123648318965e-05,0.0014673756194154889,0.00031381465403088337,0.017714814535605035,0.0,1.0,1.0,2.957231764306276,14,posthoc retained-member spread; corrected field removes a plug-in estimate of expected member-MC contribution; min-max is descriptive only and is not an uncertainty interval,1.0,0.9766666666666666,0.9686952141132812,0.95,0.050000000000000044,0.026666666666666616,0.018695214113281233
0.975,G0,R_easy,80.0,0.9646948616142708,0.00036862382434945176,0.01919957875447927,4.7333463299905075e-05,0.0014673756194154889,0.0003212903610495467,0.01792457422226667,0.0,1.0,1.0,2.957231764306276,14,posthoc retained-member spread; corrected field removes a plug-in estimate of expected member-MC contribution; min-max is descriptive only and is not an uncertainty interval,1.0,0.9766666666666666,0.9646948616142714,0.95,0.050000000000000044,0.026666666666666616,0.01469486161427147
0.975,G0,R_easy,85.0,0.9706964264068985,0.0003360087831814241,0.018330542359172686,4.207693141053325e-05,0.0014673756194154889,0.0002939318517708909,0.017144440841593257,0.0,1.0,1.0,2.957231764306276,14,posthoc retained-member spread; corrected field removes a plug-in estimate of expected member-MC contribution; min-max is descriptive only and is not an uncertainty interval,1.0,0.98,0.970696426406899,0.955,0.04500000000000004,0.025000000000000022,0.015696426406899056
0.975,G0,R_easy,90.0,0.9736955766325959,0.0003652745033271001,0.019112155904740316,3.77612417792172e-05,0.0014673756194154889,0.00032751326154788294,0.018097327469764227,0.0,1.0,1.0,2.957231764306276,14,posthoc retained-member spread; corrected field removes a plug-in estimate of expected member-MC contribution; min-max is descriptive only and is not an uncertainty interval,1.0,0.9822222222222224,0.9736955766325964,0.955,0.04500000000000004,0.02722222222222248,0.018695576632596467
0.975,G0,R_easy,95.0,0.9726952656781314,0.00037163002653872295,0.019277708020890943,3.857288427615868e-05,0.0014673756194154889,0.00033305714226256424,0.018249853212082674,0.0,1.0,1.0,2.957231764306276,14,posthoc retained-member spread; corrected field removes a plug-in estimate of expected member-MC contribution; min-max is descriptive only and is not an uncertainty interval,1.0,0.9822222222222224,0.972695265678132,0.955,0.04500000000000004,0.02722222222222248,0.017695265678132066
0.975,G0,R_easy,100.0,0.9754906041270078,5.865674539739983e-05,0.007658769182930103,3.714510391227344e-05,0.0014673756194154889,2.1511641485126396e-05,0.004638064411489603,0.967741935483871,1.0,0.032258064516129004,2.957231764306276,14,posthoc retained-member spread; corrected field removes a plug-in estimate of expected member-MC contribution; min-max is descriptive only and is not an uncertainty interval,1.0,0.9833333333333334,0.9754906041270084,0.955,0.04500000000000004,0.028333333333333433,0.020490604127008427
0.975,G0,R_easy,105.0,0.9794933353902168,1.642241157777543e-05,0.004052457473900921,3.5511215216647976e-05,0.0014673756194154889,0.0,0.0,0.967741935483871,1.0,0.032258064516129004,2.957231764306276,14,posthoc retained-member spread; corrected field removes a plug-in estimate of expected member-MC contribution; min-max is descriptive only and is not an uncertainty interval,1.0,0.9833333333333334,0.9794933353902172,0.96,0.040000000000000036,0.023333333333333428,0.019493335390217248
0.975,G0,R_easy,110.0,0.9784936205622558,1.5233605798112168e-05,0.003903025211052597,3.70250471716062e-05,0.0014673756194154889,0.0,0.0,0.967741935483871,1.0,0.032258064516129004,2.957231764306276,14,posthoc retained-member spread; corrected field removes a plug-in estimate of expected member-MC contribution; min-max is descriptive only and is not an uncertainty interval,1.0,0.9833333333333334,0.9784936205622564,0.96,0.040000000000000036,0.023333333333333428,0.018493620562256452
0.975,G0,R_easy,115.0,0.9799945297824691,1.5835077973940733e-05,0.003979331347593555,3.6145969083116515e-05,0.0014673756194154889,0.0,0.0,0.967741935483871,1.0,0.032258064516129004,2.957231764306276,14,posthoc retained-member spread; corrected field removes a plug-in estimate of expected member-MC contribution; min-max is descriptive only and is not an uncertainty interval,1.0,0.9855555555555556,0.97999452978247,0.965,0.03500000000000003,0.02055555555555566,0.014994529782470067
0.975,G0,R_easy,120.0,0.9789939236356603,1.4822918246338714e-05,0.003850054317323161,3.6732700229084135e-05,0.0014673756194154889,0.0,0.0,0.967741935483871,1.0,0.032258064516129004,2.957231764306276,14,posthoc retained-member spread; corrected field removes a plug-in estimate of expected member-MC contribution; min-max is descriptive only and is not an uncertainty interval,1.0,0.9833333333333334,0.978993923635661,0.965,0.03500000000000003,0.018333333333333424,0.013993923635660988
0.975,G0,R_easy,125.0,0.979495123769727,1.9639176448952732e-05,0.0044316110444118095,3.756497133002677e-05,0.0014673756194154889,0.0,0.0,0.967741935483871,1.0,0.032258064516129004,2.957231764306276,14,posthoc retained-member spread; corrected field removes a plug-in estimate of expected member-MC contribution; min-max is descriptive only and is not an uncertainty interval,1.0,0.9855555555555556,0.9794951237697276,0.96,0.040000000000000036,0.025555555555555665,0.019495123769727618
0.975,G0,R_easy,130.0,0.982498305619322,2.6434924040639115e-05,0.00514149044933851,1.992773642103196e-05,0.0014673756194154889,6.507187619607154e-06,0.0025509189755080724,0.9745547073791349,1.0,0.025445292620865145,2.957231764306276,14,posthoc retained-member spread; corrected field removes a plug-in estimate of expected member-MC contribution; min-max is descriptive only and is not an uncertainty interval,1.0,0.9833333333333334,0.9824983056193228,0.95,0.050000000000000044,0.03333333333333344,0.032498305619322876
0.975,G0,R_easy,135.0,0.982498305619322,2.6434924040639115e-05,0.00514149044933851,1.992773642103196e-05,0.0014673756194154889,6.507187619607154e-06,0.0025509189755080724,0.9745547073791349,1.0,0.025445292620865145,2.957231764306276,14,posthoc retained-member spread; corrected field removes a plug-in estimate of expected member-MC contribution; min-max is descriptive only and is not an uncertainty interval,1.0,0.9833333333333334,0.9824983056193228,0.95,0.050000000000000044,0.03333333333333344,0.032498305619322876
0.975,G0,R_easy,140.0,0.9829983077585679,2.0315433394575983e-05,0.00450726451349108,1.9195967040720662e-05,0.0014673756194154889,1.1194663538553206e-06,0.0010580483702814917,0.9770992366412212,1.0,0.022900763358778775,2.957231764306276,14,posthoc retained-member spread; corrected field removes a plug-in estimate of expected member-MC contribution; min-max is descriptive only and is not an uncertainty interval,1.0,0.9855555555555556,0.9829983077585684,0.945,0.05500000000000005,0.04055555555555568,0.037998307758568495
0.975,G0,R_easy,145.0,0.9829974164397198,1.5114361769367318e-05,0.003887719353215625,1.827277697084786e-05,0.0014673756194154889,0.0,0.0,0.979643765903308,1.0,0.02035623409669196,2.957231764306276,14,posthoc retained-member spread; corrected field removes a plug-in estimate of expected member-MC contribution; min-max is descriptive only and is not an uncertainty interval,1.0,0.9866666666666666,0.9829974164397204,0.955,0.04500000000000004,0.03166666666666662,0.027997416439720424
0.975,G0,R_easy,150.0,0.9829974164397198,1.5114361769367318e-05,0.003887719353215625,1.827277697084786e-05,0.0014673756194154889,0.0,0.0,0.979643765903308,1.0,0.02035623409669196,2.957231764306276,14,posthoc retained-member spread; corrected field removes a plug-in estimate of expected member-MC contribution; min-max is descriptive only and is not an uncertainty interval,1.0,0.9866666666666666,0.9829974164397204,0.95,0.050000000000000044,0.036666666666666625,0.03299741643972043
0.975,G0,R_easy,155.0,0.984999224859841,2.5749315807976274e-05,0.005074378366655001,1.7768281049625592e-05,0.0014673756194154889,7.981034758350681e-06,0.002825072522670999,0.9770992366412212,1.0,0.022900763358778775,2.957231764306276,14,posthoc retained-member spread; corrected field removes a plug-in estimate of expected member-MC contribution; min-max is descriptive only and is not an uncertainty interval,1.0,0.9866666666666666,0.9849992248598416,0.965,0.03500000000000003,0.021666666666666612,0.019999224859841624
0.975,G0,R_easy,160.0,0.9839995100318802,3.582423049163633e-05,0.005985334618184378,1.9277076726671205e-05,0.0014673756194154889,1.6547153764965126e-05,0.0040678192886318245,0.9745547073791349,1.0,0.025445292620865145,2.957231764306276,14,posthoc retained-member spread; corrected field removes a plug-in estimate of expected member-MC contribution; min-max is descriptive only and is not an uncertainty interval,1.0,0.9866666666666666,0.9839995100318808,0.965,0.03500000000000003,0.021666666666666612,0.01899951003188083
0.975,G0,R_easy,165.0,0.9869983535816044,9.213260596311245e-06,0.003035335335067815,1.4281674380977576e-05,0.0014673756194154889,0.0,0.0,0.9847328244274808,1.0,0.01526717557251922,2.957231764306276,14,posthoc retained-member spread; corrected field removes a plug-in estimate of expected member-MC contribution; min-max is descriptive only and is not an uncertainty interval,1.0,0.9877777777777778,0.9869983535816048,0.965,0.03500000000000003,0.022777777777777786,0.021998353581604846
0.975,G0,R_easy,170.0,0.9889986745563742,7.316691690254185e-06,0.002704938389363829,1.2150906028225332e-05,0.0014673756194154889,0.0,0.0,0.9871175523349436,1.0,0.012882447665056418,2.957231764306276,14,posthoc retained-member spread; corrected field removes a plug-in estimate of expected member-MC contribution; min-max is descriptive only and is not an uncertainty interval,1.0,0.9888888888888888,0.9889986745563748,0.965,0.03500000000000003,0.02388888888888885,0.023998674556374833
0.975,G0,R_easy,175.0,0.9889986745563742,7.316691690254185e-06,0.002704938389363829,1.2150906028225332e-05,0.0014673756194154889,0.0,0.0,0.9871175523349436,1.0,0.012882447665056418,2.957231764306276,14,posthoc retained-member spread; corrected field removes a plug-in estimate of expected member-MC contribution; min-max is descriptive only and is not an uncertainty interval,1.0,0.9888888888888888,0.9889986745563748,0.965,0.03500000000000003,0.02388888888888885,0.023998674556374833
0.975,G0,R_easy,180.0,0.989498086310931,5.096460256557706e-06,0.0022575341097218677,1.0909884016868043e-05,0.0014673756194154889,0.0,0.0,0.9887278582930756,1.0,0.011272141706924366,2.957231764306276,14,posthoc retained-member spread; corrected field removes a plug-in estimate of expected member-MC contribution; min-max is descriptive only and is not an uncertainty interval,1.0,0.99,0.9894980863109316,0.965,0.03500000000000003,0.025000000000000022,0.024498086310931644
0.975,G0,R_easy,185.0,0.9904980963312363,5.637891644875299e-06,0.0023744244870863547,9.607134500770118e-06,0.0014673756194154889,0.0,0.0,0.9887278582930756,1.0,0.011272141706924366,2.957231764306276,14,posthoc retained-member spread; corrected field removes a plug-in estimate of expected member-MC contribution; min-max is descriptive only and is not an uncertainty interval,1.0,0.99,0.990498096331237,0.97,0.030000000000000027,0.020000000000000018,0.020498096331237003
0.975,G0,R_easy,190.0,0.989997793257832,6.441879034138827e-06,0.0025380857026780688,9.906272313037176e-06,0.0014673756194154889,0.0,0.0,0.9887278582930756,1.0,0.011272141706924366,2.957231764306276,14,posthoc retained-member spread; corrected field removes a plug-in estimate of expected member-MC contribution; min-max is descriptive only and is not an uncertainty interval,1.0,0.99,0.9899977932578324,0.97,0.030000000000000027,0.020000000000000018,0.019997793257832464
0.975,G0,R_easy,195.0,0.989497785376772,8.266991804624526e-06,0.0028752376953261665,1.044802049347231e-05,0.0014673756194154889,0.0,0.0,0.9871175523349436,1.0,0.012882447665056418,2.957231764306276,14,posthoc retained-member spread; corrected field removes a plug-in estimate of expected member-MC contribution; min-max is descriptive only and is not an uncertainty interval,1.0,0.9933333333333332,0.9894977853767728,0.97,0.030000000000000027,0.023333333333333206,0.019497785376772825
0.975,G0,R_easy,200.0,0.989497785376772,8.266991804624526e-06,0.0028752376953261665,1.044802049347231e-05,0.0014673756194154889,0.0,0.0,0.9871175523349436,1.0,0.012882447665056418,2.957231764306276,14,posthoc retained-member spread; corrected field removes a plug-in estimate of expected member-MC contribution; min-max is descriptive only and is not an uncertainty interval,1.0,0.9933333333333332,0.9894977853767728,0.965,0.03500000000000003,0.02833333333333321,0.02449778537677283
0.975,G0,R_easy,205.0,0.9899974923236731,1.215574923770029e-05,0.003486509606712749,9.439208728999878e-06,0.0014673756194154889,2.7165405087004117e-06,0.0016481931041902862,0.9871175523349436,1.0,0.012882447665056418,2.957231764306276,14,posthoc retained-member spread; corrected field removes a plug-in estimate of expected member-MC contribution; min-max is descriptive only and is not an uncertainty interval,1.0,0.9933333333333332,0.9899974923236736,0.97,0.030000000000000027,0.023333333333333206,0.01999749232367365
0.975,G0,R_easy,210.0,0.9914984015438865,1.1578225250766039e-05,0.0034026791283878117,8.539758031275237e-06,0.0014673756194154889,3.038467219490802e-06,0.0017431199670392172,0.9871175523349436,1.0,0.012882447665056418,2.957231764306276,14,posthoc retained-member spread; corrected field removes a plug-in estimate of expected member-MC contribution; min-max is descriptive only and is not an uncertainty interval,1.0,0.9933333333333332,0.9914984015438872,0.975,0.025000000000000022,0.0183333333333332,0.016498401543887264
0.975,G0,R_easy,215.0,0.9914984015438865,1.1578225250766039e-05,0.0034026791283878117,8.539758031275237e-06,0.0014673756194154889,3.038467219490802e-06,0.0017431199670392172,0.9871175523349436,1.0,0.012882447665056418,2.957231764306276,14,posthoc retained-member spread; corrected field removes a plug-in estimate of expected member-MC contribution; min-max is descriptive only and is not an uncertainty interval,1.0,0.9933333333333332,0.9914984015438872,0.975,0.025000000000000022,0.0183333333333332,0.016498401543887264
0.975,G0,R_easy,220.0,0.9924996038171988,1.5612607380236457e-05,0.003951279208083941,8.643007315252531e-06,0.0014673756194154889,6.969600064983926e-06,0.0026400000123075616,0.9871175523349436,1.0,0.012882447665056418,2.957231764306276,14,posthoc retained-member spread; corrected field removes a plug-in estimate of expected member-MC contribution; min-max is descriptive only and is not an uncertainty interval,1.0,0.9966666666666668,0.9924996038171996,0.98,0.020000000000000018,0.01666666666666683,0.012499603817199612
0.975,G0,R_easy,225.0,0.9919993007437943,1.2860392425010141e-05,0.003586138929964948,8.945540562392118e-06,0.0014673756194154889,3.914851862618023e-06,0.001978598459166999,0.9871175523349436,1.0,0.012882447665056418,2.957231764306276,14,posthoc retained-member spread; corrected field removes a plug-in estimate of expected member-MC contribution; min-max is descriptive only and is not an uncertainty interval,1.0,0.9966666666666668,0.9919993007437948,0.98,0.020000000000000018,0.01666666666666683,0.01199930074379485
0.975,G0,R_easy,230.0,0.9919993007437943,1.2860392425010141e-05,0.003586138929964948,8.945540562392118e-06,0.0014673756194154889,3.914851862618023e-06,0.001978598459166999,0.9871175523349436,1.0,0.012882447665056418,2.957231764306276,14,posthoc retained-member spread; corrected field removes a plug-in estimate of expected member-MC contribution; min-max is descriptive only and is not an uncertainty interval,1.0,0.9966666666666668,0.9919993007437948,0.975,0.025000000000000022,0.021666666666666834,0.016999300743794854
0.975,G0,R_easy,235.0,0.9924987124983508,8.282002378426801e-06,0.002877846830258136,7.696834777649606e-06,0.0014673756194154889,5.851676007771952e-07,0.0007649624832481624,0.9887278582930756,1.0,0.011272141706924366,2.957231764306276,14,posthoc retained-member spread; corrected field removes a plug-in estimate of expected member-MC contribution; min-max is descriptive only and is not an uncertainty interval,1.0,0.9966666666666668,0.9924987124983514,0.975,0.025000000000000022,0.021666666666666834,0.017498712498351443
0.975,G0,R_easy,240.0,0.9919987046172908,1.2608073809220266e-05,0.0035507849567694557,8.23858295808474e-06,0.0014673756194154889,4.369490851135526e-06,0.002090332713023342,0.9871175523349436,1.0,0.012882447665056418,2.957231764306276,14,posthoc retained-member spread; corrected field removes a plug-in estimate of expected member-MC contribution; min-max is descriptive only and is not an uncertainty interval,1.0,0.9966666666666668,0.9919987046172914,0.975,0.025000000000000022,0.021666666666666834,0.01699870461729147
0.975,G1,R_mid,60.0,0.8796551075511698,0.0005612320636796147,0.023690336926257816,0.00044547001788267587,0.0014673756194154889,0.00011576204579693883,0.010759277196770183,0.0,1.0,1.0,2.957231764306276,14,posthoc retained-member spread; corrected field removes a plug-in estimate of expected member-MC contribution; min-max is descriptive only and is not an uncertainty interval,1.0,0.9151851851851852,0.8796551075511705,0.83,0.17000000000000004,0.08518518518518525,0.04965510755117053
0.975,G1,R_mid,65.0,0.8808110137550121,0.0008300293998829668,0.02881023081967527,0.0004432964745783247,0.0014673756194154889,0.00038673292530464214,0.019665526316492068,0.0,1.0,1.0,2.957231764306276,14,posthoc retained-member spread; corrected field removes a plug-in estimate of expected member-MC contribution; min-max is descriptive only and is not an uncertainty interval,1.0,0.9274074074074072,0.8808110137550126,0.835,0.16500000000000004,0.09240740740740727,0.04581101375501262
0.975,G1,R_mid,70.0,0.8733100386711511,0.0008603344452771582,0.029331458287598967,0.0004498137477451275,0.0014673756194154889,0.00041052069753203066,0.020261310360685725,0.0,1.0,1.0,2.957231764306276,14,posthoc retained-member spread; corrected field removes a plug-in estimate of expected member-MC contribution; min-max is descriptive only and is not an uncertainty interval,1.0,0.914074074074074,0.8733100386711516,0.83,0.17000000000000004,0.08407407407407408,0.043310038671151685
0.975,G1,R_mid,75.0,0.8778241631388701,0.0010018241082835997,0.03165160514545194,0.0004618049249039734,0.0014673756194154889,0.0005400191833796262,0.02323831283418885,0.0,1.0,1.0,2.957231764306276,14,posthoc retained-member spread; corrected field removes a plug-in estimate of expected member-MC contribution; min-max is descriptive only and is not an uncertainty interval,1.0,0.934074074074074,0.8778241631388707,0.86,0.14,0.07407407407407396,0.017824163138870697
0.975,G1,R_mid,80.0,0.866822837695245,0.0009910571627722178,0.031481060381953745,0.0004710174873347519,0.0014673756194154889,0.000520039675437466,0.02280437842690447,0.0,1.0,1.0,2.957231764306276,14,posthoc retained-member spread; corrected field removes a plug-in estimate of expected member-MC contribution; min-max is descriptive only and is not an uncertainty interval,1.0,0.9207407407407407,0.8668228376952455,0.845,0.15500000000000003,0.07574074074074078,0.02182283769524551
0.975,G1,R_mid,85.0,0.8752958409446994,0.0009079749591647036,0.030132622839120785,0.0004099329479144748,0.0014673756194154889,0.0004980420112502288,0.02231685486913935,0.0,1.0,1.0,2.957231764306276,14,posthoc retained-member spread; corrected field removes a plug-in estimate of expected member-MC contribution; min-max is descriptive only and is not an uncertainty interval,1.0,0.94,0.8752958409446998,0.86,0.14,0.07999999999999996,0.015295840944699823
0.975,G1,R_mid,90.0,0.8768108591068552,0.000958049601988896,0.030952376354472302,0.00032628741049859755,0.0014673756194154889,0.0006317621914902985,0.025134879977638615,0.0,1.0,1.0,2.957231764306276,14,posthoc retained-member spread; corrected field removes a plug-in estimate of expected member-MC contribution; min-max is descriptive only and is not an uncertainty interval,1.0,0.9466666666666668,0.8768108591068556,0.86,0.14,0.08666666666666678,0.016810859106855647
0.975,G1,R_mid,95.0,0.8708085327733769,0.000890229091653168,0.02983670711813165,0.00034597874100801166,0.0014673756194154889,0.0005442503506451564,0.02332917380974209,0.0,1.0,1.0,2.957231764306276,14,posthoc retained-member spread; corrected field removes a plug-in estimate of expected member-MC contribution; min-max is descriptive only and is not an uncertainty interval,1.0,0.9355555555555556,0.8708085327733776,0.845,0.15500000000000003,0.09055555555555561,0.02580853277337758
0.975,G1,R_mid,100.0,0.8786392593406083,0.0006173064735898895,0.024845653011943348,0.00031408265719044966,0.0014673756194154889,0.00030322381639943984,0.017413322956846573,0.0,1.0,1.0,2.957231764306276,14,posthoc retained-member spread; corrected field removes a plug-in estimate of expected member-MC contribution; min-max is descriptive only and is not an uncertainty interval,1.0,0.9433333333333336,0.8786392593406089,0.85,0.15000000000000002,0.0933333333333336,0.028639259340608958
0.975,G1,R_mid,105.0,0.8831451387899271,0.0006361251109229877,0.02522152078925828,0.00029894775168896713,0.0014673756194154889,0.00033717735923402054,0.01836238980182102,0.0,1.0,1.0,2.957231764306276,14,posthoc retained-member spread; corrected field removes a plug-in estimate of expected member-MC contribution; min-max is descriptive only and is not an uncertainty interval,1.0,0.951111111111111,0.8831451387899276,0.86,0.14,0.09111111111111103,0.023145138789927633
0.975,G1,R_mid,110.0,0.8766597319353455,0.0006463903617635219,0.02542420818360961,0.0003318396372964174,0.0014673756194154889,0.00031455072446710445,0.017735577928759592,0.0,1.0,1.0,2.957231764306276,14,posthoc retained-member spread; corrected field removes a plug-in estimate of expected member-MC contribution; min-max is descriptive only and is not an uncertainty interval,1.0,0.9496296296296296,0.8766597319353461,0.85,0.15000000000000002,0.09962962962962962,0.026659731935346098
0.975,G1,R_mid,115.0,0.8831592267789925,0.000587081718390052,0.024229769259942448,0.0003255644967486202,0.0014673756194154889,0.00026151722164143183,0.0161714941066505,0.0,1.0,1.0,2.957231764306276,14,posthoc retained-member spread; corrected field removes a plug-in estimate of expected member-MC contribution; min-max is descriptive only and is not an uncertainty interval,1.0,0.9462962962962964,0.8831592267789932,0.86,0.14,0.08629629629629643,0.02315922677899318
0.975,G1,R_mid,120.0,0.8771554072583488,0.0005437586311464686,0.023318632703194,0.0003438338282263623,0.0014673756194154889,0.0001999248029201063,0.014139476755527635,0.0,1.0,1.0,2.957231764306276,14,posthoc retained-member spread; corrected field removes a plug-in estimate of expected member-MC contribution; min-max is descriptive only and is not an uncertainty interval,1.0,0.9418518518518518,0.8771554072583494,0.855,0.14500000000000002,0.08685185185185185,0.022155407258349413
0.975,G1,R_mid,125.0,0.8836417283990355,0.0005318621970371464,0.02306213773779756,0.0003123051859222322,0.0014673756194154889,0.00021955701111491416,0.014817456297047553,0.0,1.0,1.0,2.957231764306276,14,posthoc retained-member spread; corrected field removes a plug-in estimate of expected member-MC contribution; min-max is descriptive only and is not an uncertainty interval,1.0,0.9451851851851854,0.8836417283990363,0.87,0.13,0.07518518518518535,0.013641728399036324
0.975,G1,R_mid,130.0,0.890153099438972,0.0006580611874107661,0.02565270331584502,0.0002836396521597476,0.0014673756194154889,0.0003744215352510185,0.01934997507106969,0.0,1.0,1.0,2.957231764306276,14,posthoc retained-member spread; corrected field removes a plug-in estimate of expected member-MC contribution; min-max is descriptive only and is not an uncertainty interval,1.0,0.95,0.8901530994389726,0.86,0.14,0.08999999999999997,0.030153099438972597
0.975,G1,R_mid,135.0,0.8836524180841325,0.0006497635032645683,0.02549045906343329,0.0002891870753850252,0.0014673756194154889,0.0003605764278795431,0.01898885009366136,0.0,1.0,1.0,2.957231764306276,14,posthoc retained-member spread; corrected field removes a plug-in estimate of expected member-MC contribution; min-max is descriptive only and is not an uncertainty interval,1.0,0.9433333333333336,0.8836524180841331,0.855,0.14500000000000002,0.0883333333333336,0.028652418084133102
0.975,G1,R_mid,140.0,0.8846399672652738,0.0005996239232755513,0.0244872195905446,0.0003100816629910824,0.0014673756194154889,0.00028954226028446884,0.0170159413575761,0.0,1.0,1.0,2.957231764306276,14,posthoc retained-member spread; corrected field removes a plug-in estimate of expected member-MC contribution; min-max is descriptive only and is not an uncertainty interval,1.0,0.9466666666666668,0.8846399672652745,0.855,0.14500000000000002,0.09166666666666679,0.029639967265274514
0.975,G1,R_mid,145.0,0.8866408843665472,0.000581513655975549,0.02411459425276629,0.00030895221501208526,0.0014673756194154889,0.00027256144096346376,0.016509434907454094,0.0,1.0,1.0,2.957231764306276,14,posthoc retained-member spread; corrected field removes a plug-in estimate of expected member-MC contribution; min-max is descriptive only and is not an uncertainty interval,1.0,0.9366666666666668,0.8866408843665479,0.85,0.15000000000000002,0.08666666666666678,0.03664088436654789
0.975,G1,R_mid,150.0,0.8801405096876808,0.0006144470787043878,0.02478804305919263,0.0003149148229989338,0.0014673756194154889,0.000299532255705454,0.017307000193720865,0.0,1.0,1.0,2.957231764306276,14,posthoc retained-member spread; corrected field removes a plug-in estimate of expected member-MC contribution; min-max is descriptive only and is not an uncertainty interval,1.0,0.9288888888888888,0.8801405096876813,0.84,0.16000000000000003,0.0888888888888888,0.04014050968768135
0.975,G1,R_mid,155.0,0.8881410205622813,0.00048022394178937923,0.021914012452980382,0.00032241280063271074,0.0014673756194154889,0.0001578111411566685,0.012562290442298668,0.0,1.0,1.0,2.957231764306276,14,posthoc retained-member spread; corrected field removes a plug-in estimate of expected member-MC contribution; min-max is descriptive only and is not an uncertainty interval,1.0,0.9292592592592592,0.888141020562282,0.855,0.14500000000000002,0.07425925925925925,0.033141020562281964
0.975,G1,R_mid,160.0,0.8836406716658403,0.0005066755922906179,0.022509455619597243,0.00032652420316528464,0.0014673756194154889,0.00018015138912533322,0.013422048618796359,0.0,1.0,1.0,2.957231764306276,14,posthoc retained-member spread; corrected field removes a plug-in estimate of expected member-MC contribution; min-max is descriptive only and is not an uncertainty interval,1.0,0.9192592592592594,0.8836406716658409,0.85,0.15000000000000002,0.06925925925925946,0.03364067166584095
0.975,G1,R_mid,165.0,0.8831423223862933,0.0005510821042403515,0.023475138002583745,0.0003134100963418558,0.0014673756194154889,0.00023767200789849574,0.015416614670494159,0.0,1.0,1.0,2.957231764306276,14,posthoc retained-member spread; corrected field removes a plug-in estimate of expected member-MC contribution; min-max is descriptive only and is not an uncertainty interval,1.0,0.928148148148148,0.883142322386294,0.855,0.14500000000000002,0.07314814814814796,0.028142322386293994
0.975,G1,R_mid,170.0,0.8886542508233561,0.0005936945157386058,0.02436584732240202,0.00028560765360172846,0.0014673756194154889,0.0003080868621368773,0.017552403315126888,0.0,1.0,1.0,2.957231764306276,14,posthoc retained-member spread; corrected field removes a plug-in estimate of expected member-MC contribution; min-max is descriptive only and is not an uncertainty interval,1.0,0.9381481481481482,0.8886542508233568,0.855,0.14500000000000002,0.0831481481481482,0.033654250823356824
0.975,G1,R_mid,175.0,0.883151507400596,0.0006355334120005887,0.025209788019747183,0.00028855990207932625,0.0014673756194154889,0.00034697350992126243,0.018627224965658797,0.0,1.0,1.0,2.957231764306276,14,posthoc retained-member spread; corrected field removes a plug-in estimate of expected member-MC contribution; min-max is descriptive only and is not an uncertainty interval,1.0,0.935925925925926,0.8831515074005967,0.85,0.15000000000000002,0.08592592592592607,0.03315150740059669
0.975,G1,R_mid,180.0,0.8906518978415823,0.0006152113583080794,0.02480345456399329,0.00028162751517513915,0.0014673756194154889,0.0003335838431329403,0.018264277788430077,0.0,1.0,1.0,2.957231764306276,14,posthoc retained-member spread; corrected field removes a plug-in estimate of expected member-MC contribution; min-max is descriptive only and is not an uncertainty interval,1.0,0.932962962962963,0.8906518978415828,0.85,0.15000000000000002,0.08296296296296302,0.04065189784158285
0.975,G1,R_mid,185.0,0.8971542263143061,0.0006817413250074421,0.02611017665599837,0.00026103402917573853,0.0014673756194154889,0.00042070729583170357,0.02051115052432953,0.0,1.0,1.0,2.957231764306276,14,posthoc retained-member spread; corrected field removes a plug-in estimate of expected member-MC contribution; min-max is descriptive only and is not an uncertainty interval,1.0,0.9411111111111112,0.8971542263143066,0.85,0.15000000000000002,0.09111111111111125,0.04715422631430666
0.975,G1,R_mid,190.0,0.8891544298605776,0.000688381403564848,0.02623702352716192,0.0002692857892137509,0.0014673756194154889,0.00041909561435109715,0.020471824890592856,0.0,1.0,1.0,2.957231764306276,14,posthoc retained-member spread; corrected field removes a plug-in estimate of expected member-MC contribution; min-max is descriptive only and is not an uncertainty interval,1.0,0.9370370370370372,0.8891544298605782,0.845,0.15500000000000003,0.09203703703703725,0.04415442986057827
0.975,G1,R_mid,195.0,0.8966568981316043,0.0006201416818126542,0.02490264407272156,0.00026400839704817183,0.0014673756194154889,0.0003561332847644824,0.01887149397277498,0.0,1.0,1.0,2.957231764306276,14,posthoc retained-member spread; corrected field removes a plug-in estimate of expected member-MC contribution; min-max is descriptive only and is not an uncertainty interval,1.0,0.9370370370370372,0.8966568981316049,0.855,0.14500000000000002,0.08203703703703724,0.04165689813160489
0.975,G1,R_mid,200.0,0.8916574384147655,0.0006561492570511538,0.025615410538407418,0.00026957838575768586,0.0014673756194154889,0.0003865708712934679,0.019661405628628587,0.0,1.0,1.0,2.957231764306276,14,posthoc retained-member spread; corrected field removes a plug-in estimate of expected member-MC contribution; min-max is descriptive only and is not an uncertainty interval,1.0,0.9300000000000002,0.8916574384147662,0.85,0.15000000000000002,0.08000000000000018,0.04165743841476621
0.975,G1,R_mid,205.0,0.8976578166962007,0.000655076347124499,0.025594459305179687,0.00026418483006577836,0.0014673756194154889,0.0003908915170587207,0.019770976633912668,0.0,1.0,1.0,2.957231764306276,14,posthoc retained-member spread; corrected field removes a plug-in estimate of expected member-MC contribution; min-max is descriptive only and is not an uncertainty interval,1.0,0.9425925925925926,0.8976578166962011,0.855,0.14500000000000002,0.08759259259259267,0.04265781669620117
0.975,G1,R_mid,210.0,0.9076556851384973,0.0005520758144363917,0.02349629363189845,0.0002682565262302592,0.0014673756194154889,0.00028381928820613245,0.016846937057107218,0.0,1.0,1.0,2.957231764306276,14,posthoc retained-member spread; corrected field removes a plug-in estimate of expected member-MC contribution; min-max is descriptive only and is not an uncertainty interval,1.0,0.9470370370370368,0.907655685138498,0.84,0.16000000000000003,0.10703703703703682,0.06765568513849807
0.975,G1,R_mid,215.0,0.9041559423888651,0.0005634463827897758,0.023737025567450016,0.00027212615663845365,0.0014673756194154889,0.00029132022615132214,0.01706810552320679,0.0,1.0,1.0,2.957231764306276,14,posthoc retained-member spread; corrected field removes a plug-in estimate of expected member-MC contribution; min-max is descriptive only and is not an uncertainty interval,1.0,0.9448148148148148,0.9041559423888658,0.835,0.16500000000000004,0.10981481481481481,0.0691559423888658
0.975,G1,R_mid,220.0,0.9096582550994692,0.000592415358727643,0.02433958419381159,0.0002523040167792662,0.0014673756194154889,0.00034011134194837677,0.018442107849928023,0.0,1.0,1.0,2.957231764306276,14,posthoc retained-member spread; corrected field removes a plug-in estimate of expected member-MC contribution; min-max is descriptive only and is not an uncertainty interval,1.0,0.9507407407407408,0.9096582550994696,0.84,0.16000000000000003,0.1107407407407408,0.06965825509946966
0.975,G1,R_mid,225.0,0.9131609727398038,0.0005498369250252187,0.02344860177121908,0.0002511530925163854,0.0014673756194154889,0.0002986838325088333,0.017282471828671767,0.0,1.0,1.0,2.957231764306276,14,posthoc retained-member spread; corrected field removes a plug-in estimate of expected member-MC contribution; min-max is descriptive only and is not an uncertainty interval,1.0,0.9522222222222224,0.9131609727398045,0.83,0.17000000000000004,0.12222222222222245,0.0831609727398045
0.975,G1,R_mid,230.0,0.9061599997951885,0.0005977006295666706,0.02444791667129677,0.0002575450824911129,0.0014673756194154889,0.0003401555470755577,0.018443306294576297,0.0,1.0,1.0,2.957231764306276,14,posthoc retained-member spread; corrected field removes a plug-in estimate of expected member-MC contribution; min-max is descriptive only and is not an uncertainty interval,1.0,0.9455555555555556,0.9061599997951892,0.83,0.17000000000000004,0.11555555555555563,0.07615999979518928
0.975,G1,R_mid,235.0,0.913164118786668,0.0006445107738829571,0.02538721674156025,0.00023689443501480388,0.0014673756194154889,0.00040761633886815323,0.020189510614875072,0.0,1.0,1.0,2.957231764306276,14,posthoc retained-member spread; corrected field removes a plug-in estimate of expected member-MC contribution; min-max is descriptive only and is not an uncertainty interval,1.0,0.9496296296296296,0.9131641187866688,0.855,0.14500000000000002,0.09462962962962962,0.05816411878666883
0.975,G1,R_mid,240.0,0.9111635026195535,0.0006686744604850069,0.025858740504614813,0.00023845953792492254,0.0014673756194154889,0.0004302149225600843,0.020741622949038592,0.0,1.0,1.0,2.957231764306276,14,posthoc retained-member spread; corrected field removes a plug-in estimate of expected member-MC contribution; min-max is descriptive only and is not an uncertainty interval,1.0,0.9462962962962964,0.911163502619554,0.85,0.15000000000000002,0.09629629629629644,0.061163502619554055
0.975,G2,R_stress,60.0,0.7171240881974944,0.001049172840168368,0.03239093762410048,0.0008189057491496686,0.0014673756194154889,0.00023026709101869934,0.015174554063256664,0.0,1.0,1.0,2.957231764306276,14,posthoc retained-member spread; corrected field removes a plug-in estimate of expected member-MC contribution; min-max is descriptive only and is not an uncertainty interval,1.0,0.8344444444444444,0.717124088197495,0.68,0.31999999999999995,0.15444444444444438,0.03712408819749491
0.975,G2,R_stress,65.0,0.7346052179822331,0.0012617267418576037,0.03552079309161894,0.0008071703518653534,0.0014673756194154889,0.00045455638999225025,0.021320328092978548,0.0,1.0,1.0,2.957231764306276,14,posthoc retained-member spread; corrected field removes a plug-in estimate of expected member-MC contribution; min-max is descriptive only and is not an uncertainty interval,1.0,0.8362962962962963,0.7346052179822335,0.695,0.30500000000000005,0.14129629629629636,0.0396052179822336
0.975,G2,R_stress,70.0,0.710587234375794,0.001647850557256256,0.04059372558975409,0.0008182150548316217,0.0014673756194154889,0.0008296355024246343,0.02880339393933698,0.0,1.0,1.0,2.957231764306276,14,posthoc retained-member spread; corrected field removes a plug-in estimate of expected member-MC contribution; min-max is descriptive only and is not an uncertainty interval,1.0,0.8118518518518518,0.7105872343757945,0.68,0.31999999999999995,0.13185185185185178,0.03058723437579447
0.975,G2,R_stress,75.0,0.7161333605329834,0.001318516540951764,0.03631138307682267,0.0008280975402350567,0.0014673756194154889,0.0004904190007167072,0.02214540586028414,0.0,1.0,1.0,2.957231764306276,14,posthoc retained-member spread; corrected field removes a plug-in estimate of expected member-MC contribution; min-max is descriptive only and is not an uncertainty interval,1.0,0.8318518518518518,0.7161333605329839,0.695,0.30500000000000005,0.1368518518518519,0.02113336053298398
0.975,G2,R_stress,80.0,0.6830727870528899,0.0013325700557108976,0.03650438406151921,0.0008888464405135546,0.0014673756194154889,0.0004437236151973431,0.0210647481636345,0.0,1.0,1.0,2.957231764306276,14,posthoc retained-member spread; corrected field removes a plug-in estimate of expected member-MC contribution; min-max is descriptive only and is not an uncertainty interval,1.0,0.8129629629629629,0.6830727870528903,0.675,0.32499999999999996,0.13796296296296284,0.008072787052890273
0.975,G2,R_stress,85.0,0.687617541741932,0.0011667767865612474,0.034158114505359445,0.0008813265496556026,0.0014673756194154889,0.00028545023690564476,0.016895272620045074,0.0,1.0,1.0,2.957231764306276,14,posthoc retained-member spread; corrected field removes a plug-in estimate of expected member-MC contribution; min-max is descriptive only and is not an uncertainty interval,1.0,0.8096296296296296,0.6876175417419326,0.67,0.32999999999999996,0.13962962962962955,0.01761754174193253
0.975,G2,R_stress,90.0,0.6921399854143331,0.0009407313440069906,0.03067134402022498,0.0008835081241762793,0.0014673756194154889,5.722321983071138e-05,0.00756460308480963,0.0,1.0,1.0,2.957231764306276,14,posthoc retained-member spread; corrected field removes a plug-in estimate of expected member-MC contribution; min-max is descriptive only and is not an uncertainty interval,1.0,0.8307407407407408,0.6921399854143334,0.685,0.31499999999999995,0.14574074074074073,0.007139985414333361
0.975,G2,R_stress,95.0,0.6641354745421105,0.0009284173357784377,0.030469941512553608,0.0008938827058819423,0.0014673756194154889,3.4534629896495334e-05,0.005876617215413586,0.0,1.0,1.0,2.957231764306276,14,posthoc retained-member spread; corrected field removes a plug-in estimate of expected member-MC contribution; min-max is descriptive only and is not an uncertainty interval,1.0,0.8081481481481482,0.6641354745421111,0.66,0.33999999999999997,0.14814814814814814,0.004135474542111051
0.975,G2,R_stress,100.0,0.675668170919898,0.0009294122089922265,0.0304862626274889,0.0008455449298099805,0.0014673756194154889,8.386727918224606e-05,0.009157908013419116,0.0,1.0,1.0,2.957231764306276,14,posthoc retained-member spread; corrected field removes a plug-in estimate of expected member-MC contribution; min-max is descriptive only and is not an uncertainty interval,1.0,0.8277777777777777,0.6756681709198985,0.675,0.32499999999999996,0.15277777777777768,0.0006681709198984587
0.975,G2,R_stress,105.0,0.6877123206628785,0.001372069287547768,0.03704145363707758,0.00075296162905331,0.0014673756194154889,0.000619107658494458,0.024881874095301945,0.0,1.0,1.0,2.957231764306276,14,posthoc retained-member spread; corrected field removes a plug-in estimate of expected member-MC contribution; min-max is descriptive only and is not an uncertainty interval,1.0,0.8477777777777779,0.687712320662879,0.675,0.32499999999999996,0.1727777777777778,0.012712320662878973
0.975,G2,R_stress,110.0,0.6722058474162496,0.001323134408345305,0.03637491454760142,0.0007724333193618613,0.0014673756194154889,0.0005507010889834437,0.023467021306153104,0.0,1.0,1.0,2.957231764306276,14,posthoc retained-member spread; corrected field removes a plug-in estimate of expected member-MC contribution; min-max is descriptive only and is not an uncertainty interval,1.0,0.8237037037037036,0.6722058474162501,0.665,0.33499999999999996,0.15870370370370357,0.007205847416250077
0.975,G2,R_stress,115.0,0.6837058669937147,0.001261488770595143,0.035517443187751324,0.0007249294400812356,0.0014673756194154889,0.0005365593305139075,0.023163750355111055,0.0,1.0,1.0,2.957231764306276,14,posthoc retained-member spread; corrected field removes a plug-in estimate of expected member-MC contribution; min-max is descriptive only and is not an uncertainty interval,1.0,0.8392592592592593,0.6837058669937153,0.675,0.32499999999999996,0.16425925925925922,0.008705866993715228
0.975,G2,R_stress,120.0,0.6627029309344254,0.0013256891461401752,0.03641001436610778,0.0007329554698656686,0.0014673756194154889,0.0005927336762745066,0.024346122407367186,0.0,1.0,1.0,2.957231764306276,14,posthoc retained-member spread; corrected field removes a plug-in estimate of expected member-MC contribution; min-max is descriptive only and is not an uncertainty interval,1.0,0.8248148148148148,0.662702930934426,0.64,0.36,0.18481481481481477,0.02270293093442599
0.975,G2,R_stress,125.0,0.6702036280513849,0.0013151789248671095,0.036265395694340764,0.0007301915047979961,0.0014673756194154889,0.0005849874200691134,0.024186513185432773,0.0,1.0,1.0,2.957231764306276,14,posthoc retained-member spread; corrected field removes a plug-in estimate of expected member-MC contribution; min-max is descriptive only and is not an uncertainty interval,1.0,0.8181481481481482,0.6702036280513853,0.65,0.35,0.16814814814814816,0.020203628051385314
0.975,G2,R_stress,130.0,0.6862270438379204,0.0013969603793646233,0.03737593315710824,0.0006991173522928621,0.0014673756194154889,0.0006978430270717612,0.02641671870372551,0.0,1.0,1.0,2.957231764306276,14,posthoc retained-member spread; corrected field removes a plug-in estimate of expected member-MC contribution; min-max is descriptive only and is not an uncertainty interval,1.0,0.827037037037037,0.686227043837921,0.655,0.345,0.172037037037037,0.031227043837920965
0.975,G2,R_stress,135.0,0.6662116569597727,0.001365542459384769,0.03695324693967729,0.0007221467426329791,0.0014673756194154889,0.0006433957167517898,0.02536524623873756,0.0,1.0,1.0,2.957231764306276,14,posthoc retained-member spread; corrected field removes a plug-in estimate of expected member-MC contribution; min-max is descriptive only and is not an uncertainty interval,1.0,0.7992592592592592,0.6662116569597732,0.64,0.36,0.1592592592592592,0.026211656959773233
0.975,G2,R_stress,140.0,0.6772284375290656,0.0015542232399081697,0.03942363808564818,0.0006279654138345122,0.0014673756194154889,0.0009262578260736575,0.03043448415980888,0.0,1.0,1.0,2.957231764306276,14,posthoc retained-member spread; corrected field removes a plug-in estimate of expected member-MC contribution; min-max is descriptive only and is not an uncertainty interval,1.0,0.8085185185185184,0.677228437529066,0.65,0.35,0.1585185185185184,0.027228437529066007
0.975,G2,R_stress,145.0,0.6852222322087814,0.0016666599239999191,0.04082474646583759,0.0005965899646515533,0.0014673756194154889,0.0010700699593483658,0.032711923809955995,0.0,1.0,1.0,2.957231764306276,14,posthoc retained-member spread; corrected field removes a plug-in estimate of expected member-MC contribution; min-max is descriptive only and is not an uncertainty interval,1.0,0.8274074074074074,0.685222232208782,0.65,0.35,0.17740740740740735,0.035222232208781956
0.975,G2,R_stress,150.0,0.6716862342237071,0.0015349819042473807,0.039178845111199755,0.0006665249066849017,0.0014673756194154889,0.000868456997562479,0.02946959445873796,0.0,1.0,1.0,2.957231764306276,14,posthoc retained-member spread; corrected field removes a plug-in estimate of expected member-MC contribution; min-max is descriptive only and is not an uncertainty interval,1.0,0.8114814814814815,0.6716862342237077,0.62,0.38,0.19148148148148147,0.05168623422370766
0.975,G2,R_stress,155.0,0.6801701469788575,0.0012518220548695571,0.03538109742319417,0.0007446083865530718,0.0014673756194154889,0.0005072136683164853,0.02252140467014625,0.0,1.0,1.0,2.957231764306276,14,posthoc retained-member spread; corrected field removes a plug-in estimate of expected member-MC contribution; min-max is descriptive only and is not an uncertainty interval,1.0,0.8237037037037036,0.680170146978858,0.64,0.36,0.1837037037037036,0.04017014697885801
0.975,G2,R_stress,160.0,0.6621675533982723,0.0014326996661584903,0.037851019354285434,0.0007512764020115577,0.0014673756194154889,0.0006814232641469326,0.026104085200346183,0.0,1.0,1.0,2.957231764306276,14,posthoc retained-member spread; corrected field removes a plug-in estimate of expected member-MC contribution; min-max is descriptive only and is not an uncertainty interval,1.0,0.8,0.6621675533982728,0.615,0.385,0.18500000000000005,0.04716755339827283
0.975,G2,R_stress,165.0,0.676154542946847,0.0013747920885543755,0.037078188852132134,0.0007290218430773333,0.0014673756194154889,0.0006457702454770423,0.025412009866931862,0.0,1.0,1.0,2.957231764306276,14,posthoc retained-member spread; corrected field removes a plug-in estimate of expected member-MC contribution; min-max is descriptive only and is not an uncertainty interval,1.0,0.7988888888888886,0.6761545429468475,0.625,0.375,0.17388888888888865,0.051154542946847514
0.975,G2,R_stress,170.0,0.67711961315503,0.001301116171102533,0.036070987941870025,0.0007713071490115434,0.0014673756194154889,0.0005298090220909895,0.023017580717594747,0.0,1.0,1.0,2.957231764306276,14,posthoc retained-member spread; corrected field removes a plug-in estimate of expected member-MC contribution; min-max is descriptive only and is not an uncertainty interval,1.0,0.8085185185185184,0.6771196131550303,0.625,0.375,0.18351851851851841,0.05211961315503033
0.975,G2,R_stress,175.0,0.6606337879377909,0.0013597713832505043,0.03687507807789028,0.0007951108465431503,0.0014673756194154889,0.000564660536707354,0.023762586911095222,0.0,1.0,1.0,2.957231764306276,14,posthoc retained-member spread; corrected field removes a plug-in estimate of expected member-MC contribution; min-max is descriptive only and is not an uncertainty interval,1.0,0.7981481481481483,0.6606337879377914,0.62,0.38,0.17814814814814828,0.04063378793779138
0.975,G2,R_stress,180.0,0.6696350818571762,0.001247274087482296,0.03531676779494828,0.0007919023767927921,0.0014673756194154889,0.00045537171068950387,0.021339440261860288,0.0,1.0,1.0,2.957231764306276,14,posthoc retained-member spread; corrected field removes a plug-in estimate of expected member-MC contribution; min-max is descriptive only and is not an uncertainty interval,1.0,0.8055555555555556,0.6696350818571769,0.63,0.37,0.17555555555555558,0.0396350818571769
0.975,G2,R_stress,185.0,0.6791370342029939,0.001539353331606847,0.03923459355730408,0.0007458438595341063,0.0014673756194154889,0.0007935094720727408,0.02816930017009192,0.0,1.0,1.0,2.957231764306276,14,posthoc retained-member spread; corrected field removes a plug-in estimate of expected member-MC contribution; min-max is descriptive only and is not an uncertainty interval,1.0,0.8048148148148149,0.6791370342029945,0.635,0.365,0.16981481481481486,0.04413703420299453
0.975,G2,R_stress,190.0,0.663132070415192,0.0017109089604514516,0.04136313528314133,0.0007506027688176367,0.0014673756194154889,0.0009603061916338149,0.030988807521971782,0.0,1.0,1.0,2.957231764306276,14,posthoc retained-member spread; corrected field removes a plug-in estimate of expected member-MC contribution; min-max is descriptive only and is not an uncertainty interval,1.0,0.7918518518518518,0.6631320704151926,0.63,0.37,0.1618518518518518,0.033132070415192616
0.975,G2,R_stress,195.0,0.6744758546966416,0.0012928163809721675,0.0359557558809736,0.0007573089180741289,0.0014673756194154889,0.0005355074628980385,0.023141034179527037,0.0,1.0,1.0,2.957231764306276,14,posthoc retained-member spread; corrected field removes a plug-in estimate of expected member-MC contribution; min-max is descriptive only and is not an uncertainty interval,1.0,0.7999999999999998,0.6744758546966423,0.625,0.375,0.17499999999999982,0.049475854696642285
0.975,G2,R_stress,200.0,0.6634620684138525,0.0012730414394205856,0.03567970626869826,0.0007769651757299793,0.0014673756194154889,0.0004960762636906063,0.02227276955590854,0.0,1.0,1.0,2.957231764306276,14,posthoc retained-member spread; corrected field removes a plug-in estimate of expected member-MC contribution; min-max is descriptive only and is not an uncertainty interval,1.0,0.788148148148148,0.663462068413853,0.605,0.395,0.18314814814814806,0.05846206841385304
0.975,G2,R_stress,205.0,0.6701208305930092,0.0011422892771457565,0.033797770298434726,0.0007846536003304527,0.0014673756194154889,0.0003576356768153038,0.01891125793846892,0.0,1.0,1.0,2.957231764306276,14,posthoc retained-member spread; corrected field removes a plug-in estimate of expected member-MC contribution; min-max is descriptive only and is not an uncertainty interval,1.0,0.7992592592592593,0.6701208305930098,0.61,0.39,0.18925925925925935,0.060120830593009766
0.975,G2,R_stress,210.0,0.6836394551876608,0.0014549222491311259,0.03814344306864714,0.0007446854083499457,0.0014673756194154889,0.0007102368407811802,0.02665026905645007,0.0,1.0,1.0,2.957231764306276,14,posthoc retained-member spread; corrected field removes a plug-in estimate of expected member-MC contribution; min-max is descriptive only and is not an uncertainty interval,1.0,0.8074074074074074,0.6836394551876614,0.62,0.38,0.18740740740740736,0.06363945518766145
0.975,G2,R_stress,215.0,0.6651374498525192,0.0016837235517219783,0.041033200602950515,0.0007517043290711018,0.0014673756194154889,0.0009320192226508764,0.030528989872756623,0.0,1.0,1.0,2.957231764306276,14,posthoc retained-member spread; corrected field removes a plug-in estimate of expected member-MC contribution; min-max is descriptive only and is not an uncertainty interval,1.0,0.7959259259259258,0.6651374498525199,0.605,0.395,0.19092592592592583,0.0601374498525199
0.975,G2,R_stress,220.0,0.6636523997754387,0.0016417261856748783,0.04051822041594224,0.0007694266683188853,0.0014673756194154889,0.000872299517355993,0.029534717153817353,0.0,1.0,1.0,2.957231764306276,14,posthoc retained-member spread; corrected field removes a plug-in estimate of expected member-MC contribution; min-max is descriptive only and is not an uncertainty interval,1.0,0.8114814814814815,0.6636523997754391,0.62,0.38,0.19148148148148147,0.04365239977543911
0.975,G2,R_stress,225.0,0.6647054709716439,0.0011401029383892017,0.03376541038384106,0.0008006128610865783,0.0014673756194154889,0.0003394900773026234,0.018425256505748392,0.0,1.0,1.0,2.957231764306276,14,posthoc retained-member spread; corrected field removes a plug-in estimate of expected member-MC contribution; min-max is descriptive only and is not an uncertainty interval,1.0,0.8125925925925926,0.6647054709716445,0.61,0.39,0.20259259259259266,0.054705470971644465
0.975,G2,R_stress,230.0,0.6547035651636353,0.00122919997155984,0.03505994825381007,0.0008037849735107421,0.0014673756194154889,0.00042541499804909795,0.020625590853333098,0.0,1.0,1.0,2.957231764306276,14,posthoc retained-member spread; corrected field removes a plug-in estimate of expected member-MC contribution; min-max is descriptive only and is not an uncertainty interval,1.0,0.8081481481481483,0.6547035651636358,0.595,0.405,0.2131481481481483,0.05970356516363584
0.975,G2,R_stress,235.0,0.6677343371325593,0.0011134972795132988,0.03336910666339899,0.0007634571979956544,0.0014673756194154889,0.00035004008151764434,0.018709358126821035,0.0,1.0,1.0,2.957231764306276,14,posthoc retained-member spread; corrected field removes a plug-in estimate of expected member-MC contribution; min-max is descriptive only and is not an uncertainty interval,1.0,0.814814814814815,0.6677343371325599,0.62,0.38,0.194814814814815,0.04773433713255992
0.975,G2,R_stress,240.0,0.6582330295902997,0.001190228526380946,0.03449968878672598,0.0007667499328923382,0.0014673756194154889,0.0004234785934886078,0.020578595517882357,0.0,1.0,1.0,2.957231764306276,14,posthoc retained-member spread; corrected field removes a plug-in estimate of expected member-MC contribution; min-max is descriptive only and is not an uncertainty interval,1.0,0.8051851851851852,0.6582330295903003,0.605,0.395,0.20018518518518524,0.053233029590300296
0.9833333333333332,G0,R_easy,60.0,0.9679896175595183,6.799088859408945e-05,0.008245658772596006,4.4947558338816304e-05,0.0014673756194154889,2.304333025527315e-05,0.004800346889056368,0.9633333333333334,1.0,0.036666666666666625,2.957231764306276,14,posthoc retained-member spread; corrected field removes a plug-in estimate of expected member-MC contribution; min-max is descriptive only and is not an uncertainty interval,1.0,0.9533333333333333,0.9679896175595188,0.945,0.05500000000000005,0.008333333333333304,0.022989617559518893
0.9833333333333332,G0,R_easy,65.0,0.9719896691243689,7.249358416804994e-05,0.008514316424003158,4.033142331273453e-05,0.0014673756194154889,3.2162160855315404e-05,0.0056711692670308655,0.9655555555555556,1.0,0.03444444444444439,2.957231764306276,14,posthoc retained-member spread; corrected field removes a plug-in estimate of expected member-MC contribution; min-max is descriptive only and is not an uncertainty interval,1.0,0.9733333333333334,0.9719896691243696,0.95,0.050000000000000044,0.023333333333333428,0.021989669124369615
0.9833333333333332,G0,R_easy,70.0,0.9701955329488048,0.0003502730067981402,0.018715581925180424,4.1887151545322136e-05,0.0014673756194154889,0.00030838585525281805,0.01756091840573317,0.0,1.0,1.0,2.957231764306276,14,posthoc retained-member spread; corrected field removes a plug-in estimate of expected member-MC contribution; min-max is descriptive only and is not an uncertainty interval,1.0,0.97,0.9701955329488052,0.95,0.050000000000000044,0.020000000000000018,0.020195532948805273
0.9833333333333332,G0,R_easy,75.0,0.9731955687515359,0.00036367979323459785,0.019070390484586253,3.828868637733062e-05,0.0014673756194154889,0.00032539110685726725,0.018038600468364148,0.0,1.0,1.0,2.957231764306276,14,posthoc retained-member spread; corrected field removes a plug-in estimate of expected member-MC contribution; min-max is descriptive only and is not an uncertainty interval,1.0,0.9733333333333332,0.9731955687515365,0.95,0.050000000000000044,0.023333333333333206,0.0231955687515365
0.9833333333333332,G0,R_easy,80.0,0.9696949289412415,0.00037068809893521114,0.019253262033619423,4.170406050303794e-05,0.0014673756194154889,0.0003289840384321732,0.018137917147020306,0.0,1.0,1.0,2.957231764306276,14,posthoc retained-member spread; corrected field removes a plug-in estimate of expected member-MC contribution; min-max is descriptive only and is not an uncertainty interval,1.0,0.9733333333333332,0.9696949289412422,0.95,0.050000000000000044,0.023333333333333206,0.01969492894124225
0.9833333333333332,G0,R_easy,85.0,0.9736964622096294,0.0003466395552881368,0.01861825865348682,3.848154351185565e-05,0.0014673756194154889,0.0003081580117762811,0.017554429975828924,0.0,1.0,1.0,2.957231764306276,14,posthoc retained-member spread; corrected field removes a plug-in estimate of expected member-MC contribution; min-max is descriptive only and is not an uncertainty interval,1.0,0.9766666666666666,0.97369646220963,0.955,0.04500000000000004,0.021666666666666612,0.01869646220963006
0.9833333333333332,G0,R_easy,90.0,0.9721958481817605,0.00035971943427408077,0.018966270963847395,3.957541549912693e-05,0.0014673756194154889,0.00032014401877495383,0.017892568814313774,0.0,1.0,1.0,2.957231764306276,14,posthoc retained-member spread; corrected field removes a plug-in estimate of expected member-MC contribution; min-max is descriptive only and is not an uncertainty interval,1.0,0.9733333333333332,0.9721958481817612,0.95,0.050000000000000044,0.023333333333333206,0.022195848181761235
0.9833333333333332,G0,R_easy,95.0,0.9706952341538917,0.0003743530981089823,0.019348206586373384,4.066478319071012e-05,0.0014673756194154889,0.0003336883149182722,0.01826713756772725,0.0,1.0,1.0,2.957231764306276,14,posthoc retained-member spread; corrected field removes a plug-in estimate of expected member-MC contribution; min-max is descriptive only and is not an uncertainty interval,1.0,0.9733333333333332,0.970695234153892,0.95,0.050000000000000044,0.023333333333333206,0.020695234153892073
0.9833333333333332,G0,R_easy,100.0,0.974696778905908,0.0003325379649501319,0.01823562351415854,3.789778514343386e-05,0.0014673756194154889,0.00029464017980669805,0.017165086070471597,0.0,1.0,1.0,2.957231764306276,14,posthoc retained-member spread; corrected field removes a plug-in estimate of expected member-MC contribution; min-max is descriptive only and is not an uncertainty interval,1.0,0.9733333333333332,0.9746967789059088,0.955,0.04500000000000004,0.0183333333333332,0.01969677890590882
0.9833333333333332,G0,R_easy,105.0,0.9731976580652046,0.0003116437821955495,0.01765343542191008,4.084621952722717e-05,0.0014673756194154889,0.00027079756266832234,0.016455927888403082,0.0,1.0,1.0,2.957231764306276,14,posthoc retained-member spread; corrected field removes a plug-in estimate of expected member-MC contribution; min-max is descriptive only and is not an uncertainty interval,1.0,0.9733333333333332,0.9731976580652052,0.955,0.04500000000000004,0.0183333333333332,0.018197658065205236
0.9833333333333332,G0,R_easy,110.0,0.9771994922677516,0.00029828919388298625,0.017271050746349693,3.805429470265583e-05,0.0014673756194154889,0.00026023489918033043,0.01613179776653335,0.0,1.0,1.0,2.957231764306276,14,posthoc retained-member spread; corrected field removes a plug-in estimate of expected member-MC contribution; min-max is descriptive only and is not an uncertainty interval,1.0,0.9788888888888888,0.977199492267752,0.965,0.03500000000000003,0.01388888888888884,0.012199492267752077
0.9833333333333332,G0,R_easy,115.0,0.975698583047538,0.00030597429566727553,0.017492120959657107,3.892318648652799e-05,0.0014673756194154889,0.00026705110918074753,0.016341698479067208,0.0,1.0,1.0,2.957231764306276,14,posthoc retained-member spread; corrected field removes a plug-in estimate of expected member-MC contribution; min-max is descriptive only and is not an uncertainty interval,1.0,0.9755555555555554,0.9756985830475386,0.965,0.03500000000000003,0.01055555555555543,0.010698583047538679
0.9833333333333332,G0,R_easy,120.0,0.9751982799741337,0.00030975835281613756,0.017599953204941697,3.9211458907203024e-05,0.0014673756194154889,0.00027054689390893454,0.016448309758419998,0.0,1.0,1.0,2.957231764306276,14,posthoc retained-member spread; corrected field removes a plug-in estimate of expected member-MC contribution; min-max is descriptive only and is not an uncertainty interval,1.0,0.9722222222222222,0.975198279974134,0.965,0.03500000000000003,0.007222222222222241,0.010198279974134028
0.9833333333333332,G0,R_easy,125.0,0.9771997932019105,0.00030233263497435857,0.017387715059039775,3.8493897601152895e-05,0.0014673756194154889,0.00026383873737320564,0.016243113536917902,0.0,1.0,1.0,2.957231764306276,14,posthoc retained-member spread; corrected field removes a plug-in estimate of expected member-MC contribution; min-max is descriptive only and is not an uncertainty interval,1.0,0.9833333333333334,0.977199793201911,0.96,0.040000000000000036,0.023333333333333428,0.017199793201911007
0.9833333333333332,G0,R_easy,130.0,0.976199482247446,0.0003008617151401906,0.017345365811656743,3.9317015724235556e-05,0.0014673756194154889,0.000261544699415955,0.016172343658726617,0.0,1.0,1.0,2.957231764306276,14,posthoc retained-member spread; corrected field removes a plug-in estimate of expected member-MC contribution; min-max is descriptive only and is not an uncertainty interval,1.0,0.98,0.9761994822474463,0.955,0.04500000000000004,0.025000000000000022,0.02119948224744639
0.9833333333333332,G0,R_easy,135.0,0.978494517622918,1.762759926914415e-05,0.004198523462974115,3.815170247599439e-05,0.0014673756194154889,0.0,0.0,0.967741935483871,1.0,0.032258064516129004,2.957231764306276,14,posthoc retained-member spread; corrected field removes a plug-in estimate of expected member-MC contribution; min-max is descriptive only and is not an uncertainty interval,1.0,0.9822222222222222,0.9784945176229186,0.96,0.040000000000000036,0.022222222222222254,0.01849451762291865
0.9833333333333332,G0,R_easy,140.0,0.9764947870328372,2.436964612305067e-05,0.004936562176560797,4.0706611393044915e-05,0.0014673756194154889,0.0,0.0,0.967741935483871,1.0,0.032258064516129004,2.957231764306276,14,posthoc retained-member spread; corrected field removes a plug-in estimate of expected member-MC contribution; min-max is descriptive only and is not an uncertainty interval,1.0,0.9822222222222222,0.976494787032838,0.96,0.040000000000000036,0.022222222222222254,0.01649478703283802
0.9833333333333332,G0,R_easy,145.0,0.9784948070734482,2.3506356119852003e-05,0.004848335396798782,3.8180257627756534e-05,0.0014673756194154889,0.0,0.0,0.967741935483871,1.0,0.032258064516129004,2.957231764306276,14,posthoc retained-member spread; corrected field removes a plug-in estimate of expected member-MC contribution; min-max is descriptive only and is not an uncertainty interval,1.0,0.98,0.9784948070734488,0.965,0.03500000000000003,0.015000000000000013,0.013494807073448856
0.9833333333333332,G0,R_easy,150.0,0.9779945040000438,2.1194055356370665e-05,0.00460370018098167,3.84739627442276e-05,0.0014673756194154889,0.0,0.0,0.967741935483871,1.0,0.032258064516129004,2.957231764306276,14,posthoc retained-member spread; corrected field removes a plug-in estimate of expected member-MC contribution; min-max is descriptive only and is not an uncertainty interval,1.0,0.98,0.9779945040000444,0.96,0.040000000000000036,0.020000000000000018,0.01799450400004443
0.9833333333333332,G0,R_easy,155.0,0.9764947870328372,2.436964612305067e-05,0.004936562176560797,4.0706611393044915e-05,0.0014673756194154889,0.0,0.0,0.967741935483871,1.0,0.032258064516129004,2.957231764306276,14,posthoc retained-member spread; corrected field removes a plug-in estimate of expected member-MC contribution; min-max is descriptive only and is not an uncertainty interval,1.0,0.98,0.976494787032838,0.96,0.040000000000000036,0.020000000000000018,0.01649478703283802
0.9833333333333332,G0,R_easy,160.0,0.9794960150885749,3.253999199329825e-05,0.005704383576978169,3.8473755609194675e-05,0.0014673756194154889,0.0,0.0,0.967741935483871,1.0,0.032258064516129004,2.957231764306276,14,posthoc retained-member spread; corrected field removes a plug-in estimate of expected member-MC contribution; min-max is descriptive only and is not an uncertainty interval,1.0,0.9833333333333334,0.9794960150885756,0.965,0.03500000000000003,0.018333333333333424,0.014496015088575676
0.9833333333333332,G0,R_easy,165.0,0.978495408941766,2.6083060101464476e-05,0.005107157732189645,3.9063203103060203e-05,0.0014673756194154889,0.0,0.0,0.967741935483871,1.0,0.032258064516129004,2.957231764306276,14,posthoc retained-member spread; corrected field removes a plug-in estimate of expected member-MC contribution; min-max is descriptive only and is not an uncertainty interval,1.0,0.9766666666666666,0.9784954089417668,0.965,0.03500000000000003,0.011666666666666603,0.013495408941766818
0.9833333333333332,G0,R_easy,170.0,0.9809985771684869,3.286518812208802e-05,0.005732816770322249,2.1766803705154042e-05,0.0014673756194154889,1.1098384416933979e-05,0.003331423782248962,0.9745547073791349,1.0,0.025445292620865145,2.957231764306276,14,posthoc retained-member spread; corrected field removes a plug-in estimate of expected member-MC contribution; min-max is descriptive only and is not an uncertainty interval,1.0,0.9777777777777776,0.9809985771684876,0.965,0.03500000000000003,0.012777777777777666,0.015998577168487627
0.9833333333333332,G0,R_easy,175.0,0.980498569287427,3.6963262336279387e-05,0.006079741962968444,2.229603625105771e-05,0.0014673756194154889,1.4667226085221677e-05,0.003829781467031987,0.9745547073791349,1.0,0.025445292620865145,2.957231764306276,14,posthoc retained-member spread; corrected field removes a plug-in estimate of expected member-MC contribution; min-max is descriptive only and is not an uncertainty interval,1.0,0.9777777777777776,0.9804985692874276,0.965,0.03500000000000003,0.012777777777777666,0.015498569287427655
0.9833333333333332,G0,R_easy,180.0,0.9799982662140224,3.3320584538151816e-05,0.005772398508259094,2.2591778628452296e-05,0.0014673756194154889,1.072880590969952e-05,0.0032754855990676434,0.9745547073791349,1.0,0.025445292620865145,2.957231764306276,14,posthoc retained-member spread; corrected field removes a plug-in estimate of expected member-MC contribution; min-max is descriptive only and is not an uncertainty interval,1.0,0.9777777777777776,0.9799982662140232,0.965,0.03500000000000003,0.012777777777777666,0.014998266214023226
0.9833333333333332,G0,R_easy,185.0,0.9824986008116668,2.7232858945855875e-05,0.005218511180964919,2.0168378380701826e-05,0.0014673756194154889,7.064480565154049e-06,0.0026579090588569896,0.9745547073791349,1.0,0.025445292620865145,2.957231764306276,14,posthoc retained-member spread; corrected field removes a plug-in estimate of expected member-MC contribution; min-max is descriptive only and is not an uncertainty interval,1.0,0.9833333333333334,0.9824986008116672,0.965,0.03500000000000003,0.018333333333333424,0.01749860081166721
0.9833333333333332,G0,R_easy,190.0,0.9819982977382623,2.559142498469462e-05,0.005058796792192252,2.0464120758096413e-05,0.0014673756194154889,5.1273042265982084e-06,0.002264355145863433,0.9745547073791349,1.0,0.025445292620865145,2.957231764306276,14,posthoc retained-member spread; corrected field removes a plug-in estimate of expected member-MC contribution; min-max is descriptive only and is not an uncertainty interval,1.0,0.9833333333333334,0.9819982977382627,0.965,0.03500000000000003,0.018333333333333424,0.01699829773826278
0.9833333333333332,G0,R_easy,195.0,0.9839980225865289,1.4785390125467453e-05,0.0038451775154688833,1.768197130303327e-05,0.0014673756194154889,0.0,0.0,0.979643765903308,1.0,0.02035623409669196,2.957231764306276,14,posthoc retained-member spread; corrected field removes a plug-in estimate of expected member-MC contribution; min-max is descriptive only and is not an uncertainty interval,1.0,0.9866666666666668,0.9839980225865294,0.965,0.03500000000000003,0.021666666666666834,0.018998022586529384
0.9833333333333332,G0,R_easy,200.0,0.9839980225865289,1.4785390125467453e-05,0.0038451775154688833,1.768197130303327e-05,0.0014673756194154889,0.0,0.0,0.979643765903308,1.0,0.02035623409669196,2.957231764306276,14,posthoc retained-member spread; corrected field removes a plug-in estimate of expected member-MC contribution; min-max is descriptive only and is not an uncertainty interval,1.0,0.9866666666666668,0.9839980225865294,0.96,0.040000000000000036,0.02666666666666684,0.02399802258652939
0.9833333333333332,G0,R_easy,205.0,0.9854977395537355,9.921490445268516e-06,0.003149839749140981,1.541472685549384e-05,0.0014673756194154889,0.0,0.0,0.9838969404186796,1.0,0.01610305958132041,2.957231764306276,14,posthoc retained-member spread; corrected field removes a plug-in estimate of expected member-MC contribution; min-max is descriptive only and is not an uncertainty interval,1.0,0.9866666666666668,0.985497739553736,0.96,0.040000000000000036,0.02666666666666684,0.02549773955373602
0.9833333333333332,G0,R_easy,210.0,0.9849977316726756,1.2077472601174393e-05,0.0034752658317277535,1.595111119255829e-05,0.0014673756194154889,0.0,0.0,0.9822866344605476,1.0,0.017713365539452353,2.957231764306276,14,posthoc retained-member spread; corrected field removes a plug-in estimate of expected member-MC contribution; min-max is descriptive only and is not an uncertainty interval,1.0,0.9866666666666668,0.984997731672676,0.96,0.040000000000000036,0.02666666666666684,0.02499773167267605
0.9833333333333332,G0,R_easy,215.0,0.9844980247257745,1.3364036498667884e-05,0.003655685503249409,1.6939122714464284e-05,0.0014673756194154889,0.0,0.0,0.9821882951653944,1.0,0.01781170483460559,2.957231764306276,14,posthoc retained-member spread; corrected field removes a plug-in estimate of expected member-MC contribution; min-max is descriptive only and is not an uncertainty interval,1.0,0.9866666666666668,0.9844980247257752,0.96,0.040000000000000036,0.02666666666666684,0.024498024725775225
0.9833333333333332,G0,R_easy,220.0,0.9854977395537355,9.921490445268516e-06,0.003149839749140981,1.541472685549384e-05,0.0014673756194154889,0.0,0.0,0.9838969404186796,1.0,0.01610305958132041,2.957231764306276,14,posthoc retained-member spread; corrected field removes a plug-in estimate of expected member-MC contribution; min-max is descriptive only and is not an uncertainty interval,1.0,0.9866666666666668,0.985497739553736,0.96,0.040000000000000036,0.02666666666666684,0.02549773955373602
0.9833333333333332,G0,R_easy,225.0,0.9854977395537355,9.921490445268516e-06,0.003149839749140981,1.541472685549384e-05,0.0014673756194154889,0.0,0.0,0.9838969404186796,1.0,0.01610305958132041,2.957231764306276,14,posthoc retained-member spread; corrected field removes a plug-in estimate of expected member-MC contribution; min-max is descriptive only and is not an uncertainty interval,1.0,0.9866666666666668,0.985497739553736,0.96,0.040000000000000036,0.02666666666666684,0.02549773955373602
0.9833333333333332,G0,R_easy,230.0,0.9864971534475376,1.2479804500056886e-05,0.0035326766764108043,1.3423103629756852e-05,0.0014673756194154889,0.0,0.0,0.9838969404186796,1.0,0.01610305958132041,2.957231764306276,14,posthoc retained-member spread; corrected field removes a plug-in estimate of expected member-MC contribution; min-max is descriptive only and is not an uncertainty interval,1.0,0.99,0.9864971534475384,0.955,0.04500000000000004,0.03500000000000003,0.03149715344753845
0.9833333333333332,G0,R_easy,235.0,0.9859971455664779,1.5635216302646484e-05,0.003954139135468868,1.3959487966821306e-05,0.0014673756194154889,1.6757283358251785e-06,0.0012944992606506883,0.9822866344605476,1.0,0.017713365539452353,2.957231764306276,14,posthoc retained-member spread; corrected field removes a plug-in estimate of expected member-MC contribution; min-max is descriptive only and is not an uncertainty interval,1.0,0.99,0.9859971455664784,0.95,0.050000000000000044,0.040000000000000036,0.03599714556647848
0.9833333333333332,G0,R_easy,240.0,0.9859971455664779,1.5635216302646484e-05,0.003954139135468868,1.3959487966821306e-05,0.0014673756194154889,1.6757283358251785e-06,0.0012944992606506883,0.9822866344605476,1.0,0.017713365539452353,2.957231764306276,14,posthoc retained-member spread; corrected field removes a plug-in estimate of expected member-MC contribution; min-max is descriptive only and is not an uncertainty interval,1.0,0.99,0.9859971455664784,0.95,0.050000000000000044,0.040000000000000036,0.03599714556647848
0.9833333333333332,G1,R_mid,60.0,0.8701018688956602,0.00047309879253158027,0.0217508342950697,0.0004984931580158475,0.0014673756194154889,0.0,0.0,0.0,1.0,1.0,2.957231764306276,14,posthoc retained-member spread; corrected field removes a plug-in estimate of expected member-MC contribution; min-max is descriptive only and is not an uncertainty interval,1.0,0.8855555555555557,0.870101868895661,0.845,0.15500000000000003,0.04055555555555568,0.025101868895661017
0.9833333333333332,G1,R_mid,65.0,0.8832816649611911,0.0007139119435607684,0.026719130666261737,0.0004519076272739858,0.0014673756194154889,0.0002620043162867826,0.016186547386233503,0.0,1.0,1.0,2.957231764306276,14,posthoc retained-member spread; corrected field removes a plug-in estimate of expected member-MC contribution; min-max is descriptive only and is not an uncertainty interval,1.0,0.9088888888888887,0.8832816649611915,0.865,0.135,0.043888888888888755,0.018281664961191546
0.9833333333333332,G1,R_mid,70.0,0.8752650798671621,0.0009139817193755496,0.03023213057949356,0.0004992692118274175,0.0014673756194154889,0.0004147125075481321,0.020364491340274918,0.0,1.0,1.0,2.957231764306276,14,posthoc retained-member spread; corrected field removes a plug-in estimate of expected member-MC contribution; min-max is descriptive only and is not an uncertainty interval,1.0,0.8977777777777779,0.8752650798671626,0.86,0.14,0.03777777777777791,0.015265079867162634
0.9833333333333332,G1,R_mid,75.0,0.883651434168096,0.0005887015822112736,0.02426317337471077,0.0004538823604435677,0.0014673756194154889,0.00013481922176770592,0.011611167976035223,0.0,1.0,1.0,2.957231764306276,14,posthoc retained-member spread; corrected field removes a plug-in estimate of expected member-MC contribution; min-max is descriptive only and is not an uncertainty interval,1.0,0.908888888888889,0.8836514341680966,0.88,0.12,0.028888888888888964,0.0036514341680965456
0.9833333333333332,G1,R_mid,80.0,0.8731495147372131,0.0005699960565542577,0.02387459018610074,0.0004621231258613043,0.0014673756194154889,0.00010787293069295344,0.010386189421195506,0.0,1.0,1.0,2.957231764306276,14,posthoc retained-member spread; corrected field removes a plug-in estimate of expected member-MC contribution; min-max is descriptive only and is not an uncertainty interval,1.0,0.8925925925925925,0.8731495147372137,0.87,0.13,0.022592592592592498,0.003149514737213699
0.9833333333333332,G1,R_mid,85.0,0.8836392942310736,0.0005123343972204543,0.022634804996298382,0.00041875436222531015,0.0014673756194154889,9.35800349951441e-05,0.009673677428731233,0.0,1.0,1.0,2.957231764306276,14,posthoc retained-member spread; corrected field removes a plug-in estimate of expected member-MC contribution; min-max is descriptive only and is not an uncertainty interval,1.0,0.911851851851852,0.8836392942310741,0.875,0.125,0.036851851851852024,0.008639294231074124
0.9833333333333332,G1,R_mid,90.0,0.8731379766685085,0.0005347368114142597,0.023124376995159453,0.0004276656813923702,0.0014673756194154889,0.00010707113002188955,0.010347518060959814,0.0,1.0,1.0,2.957231764306276,14,posthoc retained-member spread; corrected field removes a plug-in estimate of expected member-MC contribution; min-max is descriptive only and is not an uncertainty interval,1.0,0.9085185185185184,0.873137976668509,0.865,0.135,0.0435185185185184,0.008137976668509017
0.9833333333333332,G1,R_mid,95.0,0.8631312662121227,0.0005096432743712348,0.022575280161522576,0.00046013794266364837,0.0014673756194154889,4.95053317075864e-05,0.00703600253749147,0.0,1.0,1.0,2.957231764306276,14,posthoc retained-member spread; corrected field removes a plug-in estimate of expected member-MC contribution; min-max is descriptive only and is not an uncertainty interval,1.0,0.8996296296296296,0.8631312662121233,0.85,0.15000000000000002,0.04962962962962958,0.01313126621212335
0.9833333333333332,G1,R_mid,100.0,0.8701223826568034,0.0005743802742593738,0.023966231957889703,0.0004030989078260024,0.0014673756194154889,0.00017128136643337135,0.013087450723245202,0.0,1.0,1.0,2.957231764306276,14,posthoc retained-member spread; corrected field removes a plug-in estimate of expected member-MC contribution; min-max is descriptive only and is not an uncertainty interval,1.0,0.908148148148148,0.8701223826568042,0.855,0.14500000000000002,0.053148148148148056,0.015122382656804212
0.9833333333333332,G1,R_mid,105.0,0.8621225919448893,0.0006041889927560704,0.02458025615725089,0.0004108823809981566,0.0014673756194154889,0.00019330661175791377,0.01390347480876323,0.0,1.0,1.0,2.957231764306276,14,posthoc retained-member spread; corrected field removes a plug-in estimate of expected member-MC contribution; min-max is descriptive only and is not an uncertainty interval,1.0,0.9048148148148148,0.8621225919448898,0.855,0.14500000000000002,0.04981481481481487,0.0071225919448898445
0.9833333333333332,G1,R_mid,110.0,0.8751419240642472,0.0005889881479491883,0.024269078020171846,0.0003205346869158864,0.0014673756194154889,0.0002684534610333019,0.016384549460796958,0.0,1.0,1.0,2.957231764306276,14,posthoc retained-member spread; corrected field removes a plug-in estimate of expected member-MC contribution; min-max is descriptive only and is not an uncertainty interval,1.0,0.921851851851852,0.8751419240642477,0.855,0.14500000000000002,0.06685185185185205,0.02014192406424775
0.9833333333333332,G1,R_mid,115.0,0.8696400777021491,0.0006299831731032263,0.025099465593976824,0.0003242319836126491,0.0014673756194154889,0.0003057511894905772,0.01748574246323493,0.0,1.0,1.0,2.957231764306276,14,posthoc retained-member spread; corrected field removes a plug-in estimate of expected member-MC contribution; min-max is descriptive only and is not an uncertainty interval,1.0,0.9125925925925926,0.8696400777021498,0.855,0.14500000000000002,0.05759259259259264,0.014640077702149812
0.9833333333333332,G1,R_mid,120.0,0.8636382119753627,0.0006389440605818022,0.025277342830720997,0.00032802228184189615,0.0014673756194154889,0.00031092177873990603,0.01763297418871547,0.0,1.0,1.0,2.957231764306276,14,posthoc retained-member spread; corrected field removes a plug-in estimate of expected member-MC contribution; min-max is descriptive only and is not an uncertainty interval,1.0,0.904074074074074,0.8636382119753634,0.85,0.15000000000000002,0.05407407407407405,0.013638211975363412
0.9833333333333332,G1,R_mid,125.0,0.8691379805074202,0.0006125413780172641,0.024749573289599643,0.0003227629718262462,0.0014673756194154889,0.00028977840619101786,0.01702287890431633,0.0,1.0,1.0,2.957231764306276,14,posthoc retained-member spread; corrected field removes a plug-in estimate of expected member-MC contribution; min-max is descriptive only and is not an uncertainty interval,1.0,0.9088888888888887,0.8691379805074209,0.86,0.14,0.04888888888888876,0.009137980507420873
0.9833333333333332,G1,R_mid,130.0,0.8616350516297018,0.0006074910807002224,0.024647334149968884,0.00034238420405124665,0.0014673756194154889,0.0002651068766489757,0.01628210295536101,0.0,1.0,1.0,2.957231764306276,14,posthoc retained-member spread; corrected field removes a plug-in estimate of expected member-MC contribution; min-max is descriptive only and is not an uncertainty interval,1.0,0.9055555555555554,0.8616350516297022,0.845,0.15500000000000003,0.060555555555555474,0.016635051629702247
0.9833333333333332,G1,R_mid,135.0,0.8691394679527715,0.0006035435227547944,0.024567122801720076,0.0003239994142696922,0.0014673756194154889,0.0002795441084851022,0.016719572616699933,0.0,1.0,1.0,2.957231764306276,14,posthoc retained-member spread; corrected field removes a plug-in estimate of expected member-MC contribution; min-max is descriptive only and is not an uncertainty interval,1.0,0.9125925925925926,0.8691394679527722,0.865,0.135,0.04759259259259263,0.004139467952772202
0.9833333333333332,G1,R_mid,140.0,0.8626373048943949,0.000644522541623314,0.025387448505576806,0.0003281304815035953,0.0014673756194154889,0.00031639206011971875,0.017787412968718042,0.0,1.0,1.0,2.957231764306276,14,posthoc retained-member spread; corrected field removes a plug-in estimate of expected member-MC contribution; min-max is descriptive only and is not an uncertainty interval,1.0,0.901851851851852,0.8626373048943956,0.855,0.14500000000000002,0.04685185185185203,0.0076373048943956245
0.9833333333333332,G1,R_mid,145.0,0.8721380220519656,0.0006180288900733651,0.024860186847112897,0.0003201244496911387,0.0014673756194154889,0.00029790444038222644,0.01725990846969434,0.0,1.0,1.0,2.957231764306276,14,posthoc retained-member spread; corrected field removes a plug-in estimate of expected member-MC contribution; min-max is descriptive only and is not an uncertainty interval,1.0,0.8974074074074074,0.8721380220519661,0.84,0.16000000000000003,0.05740740740740746,0.03213802205196614
0.9833333333333332,G1,R_mid,150.0,0.8651367481731912,0.0006660547185150995,0.0258080359290493,0.0003255714597869686,0.0014673756194154889,0.0003404832587281309,0.01845218845362606,0.0,1.0,1.0,2.957231764306276,14,posthoc retained-member spread; corrected field removes a plug-in estimate of expected member-MC contribution; min-max is descriptive only and is not an uncertainty interval,1.0,0.8907407407407407,0.865136748173192,0.83,0.17000000000000004,0.06074074074074076,0.03513674817319201
0.9833333333333332,G1,R_mid,155.0,0.8591326449438315,0.0006711670366965796,0.02590689168342238,0.00034275306065725586,0.0014673756194154889,0.0003284139760393237,0.01812219567379526,0.0,1.0,1.0,2.957231764306276,14,posthoc retained-member spread; corrected field removes a plug-in estimate of expected member-MC contribution; min-max is descriptive only and is not an uncertainty interval,1.0,0.8851851851851852,0.8591326449438319,0.83,0.17000000000000004,0.055185185185185226,0.029132644943831942
0.9833333333333332,G1,R_mid,160.0,0.8736429801215198,0.000750342823552711,0.0273923862332713,0.00030706745586282503,0.0014673756194154889,0.000443275367689886,0.02105410572049751,0.0,1.0,1.0,2.957231764306276,14,posthoc retained-member spread; corrected field removes a plug-in estimate of expected member-MC contribution; min-max is descriptive only and is not an uncertainty interval,1.0,0.8922222222222222,0.8736429801215202,0.83,0.17000000000000004,0.06222222222222229,0.043642980121520236
0.9833333333333332,G1,R_mid,165.0,0.8686414368328262,0.0008291603145065951,0.028795143939674882,0.0003104958576361242,0.0014673756194154889,0.000518664456870471,0.022774205954774165,0.0,1.0,1.0,2.957231764306276,14,posthoc retained-member spread; corrected field removes a plug-in estimate of expected member-MC contribution; min-max is descriptive only and is not an uncertainty interval,1.0,0.8844444444444444,0.868641436832827,0.83,0.17000000000000004,0.054444444444444406,0.03864143683282706
0.9833333333333332,G1,R_mid,170.0,0.8711411580785242,0.0007297329349855981,0.02701356946028418,0.0003077580316906354,0.0014673756194154889,0.00042197490329496274,0.02054202773084884,0.0,1.0,1.0,2.957231764306276,14,posthoc retained-member spread; corrected field removes a plug-in estimate of expected member-MC contribution; min-max is descriptive only and is not an uncertainty interval,1.0,0.8933333333333334,0.8711411580785247,0.85,0.15000000000000002,0.043333333333333446,0.02114115807852468
0.9833333333333332,G1,R_mid,175.0,0.8666390208025729,0.0007862214297602168,0.028039640328652877,0.0003101296180491789,0.0014673756194154889,0.0004760918117110379,0.021819528219258956,0.0,1.0,1.0,2.957231764306276,14,posthoc retained-member spread; corrected field removes a plug-in estimate of expected member-MC contribution; min-max is descriptive only and is not an uncertainty interval,1.0,0.8844444444444444,0.8666390208025736,0.84,0.16000000000000003,0.0444444444444444,0.026639020802573632
0.9833333333333332,G1,R_mid,180.0,0.8646384046354585,0.0008291406495556876,0.028794802474677396,0.0003115148570034984,0.0014673756194154889,0.0005176257925521891,0.02275139100257804,0.0,1.0,1.0,2.957231764306276,14,posthoc retained-member spread; corrected field removes a plug-in estimate of expected member-MC contribution; min-max is descriptive only and is not an uncertainty interval,1.0,0.8722222222222221,0.8646384046354592,0.83,0.17000000000000004,0.04222222222222216,0.0346384046354592
0.9833333333333332,G1,R_mid,185.0,0.871636987332246,0.0008088157832338227,0.028439686763989204,0.0003033997989059482,0.0014673756194154889,0.0005054159843278745,0.022481458678828527,0.0,1.0,1.0,2.957231764306276,14,posthoc retained-member spread; corrected field removes a plug-in estimate of expected member-MC contribution; min-max is descriptive only and is not an uncertainty interval,1.0,0.8944444444444444,0.8716369873322467,0.84,0.16000000000000003,0.054444444444444406,0.031636987332246735
0.9833333333333332,G1,R_mid,190.0,0.8656372109191286,0.0007914370697682895,0.0281324913537406,0.0003092115219678486,0.0014673756194154889,0.00048222554780044094,0.021959634509718984,0.0,1.0,1.0,2.957231764306276,14,posthoc retained-member spread; corrected field removes a plug-in estimate of expected member-MC contribution; min-max is descriptive only and is not an uncertainty interval,1.0,0.8855555555555555,0.8656372109191293,0.835,0.16500000000000004,0.050555555555555576,0.0306372109191293
0.9833333333333332,G1,R_mid,195.0,0.8741385026992684,0.0007359996142707126,0.027129312823415058,0.0003023047711595677,0.0014673756194154889,0.0004336948431111449,0.020825341368418068,0.0,1.0,1.0,2.957231764306276,14,posthoc retained-member spread; corrected field removes a plug-in estimate of expected member-MC contribution; min-max is descriptive only and is not an uncertainty interval,1.0,0.8977777777777779,0.8741385026992692,0.835,0.16500000000000004,0.06277777777777793,0.03913850269926922
0.9833333333333332,G1,R_mid,200.0,0.8711387678306963,0.0007376419299000601,0.027159564243559947,0.00030548762640875366,0.0014673756194154889,0.00043215430349130644,0.020788321324515514,0.0,1.0,1.0,2.957231764306276,14,posthoc retained-member spread; corrected field removes a plug-in estimate of expected member-MC contribution; min-max is descriptive only and is not an uncertainty interval,1.0,0.888148148148148,0.871138767830697,0.82,0.18000000000000005,0.06814814814814807,0.05113876783069704
0.9833333333333332,G1,R_mid,205.0,0.8811418658917117,0.0006421730390760186,0.025341133342374776,0.00029872507510855616,0.0014673756194154889,0.0003434479639674624,0.01853234912166999,0.0,1.0,1.0,2.957231764306276,14,posthoc retained-member spread; corrected field removes a plug-in estimate of expected member-MC contribution; min-max is descriptive only and is not an uncertainty interval,1.0,0.9025925925925924,0.8811418658917125,0.82,0.18000000000000005,0.08259259259259244,0.061141865891712555
0.9833333333333332,G1,R_mid,210.0,0.8761386582596912,0.0005775909632784839,0.024033122212448466,0.00031671242715770035,0.0014673756194154889,0.00026087853612078354,0.016151734771249295,0.0,1.0,1.0,2.957231764306276,14,posthoc retained-member spread; corrected field removes a plug-in estimate of expected member-MC contribution; min-max is descriptive only and is not an uncertainty interval,1.0,0.9025925925925924,0.8761386582596917,0.82,0.18000000000000005,0.08259259259259244,0.056138658259691776
0.9833333333333332,G1,R_mid,215.0,0.8706385945352892,0.0006015159448997232,0.024525822002528747,0.00032190583300538384,0.0014673756194154889,0.00027961011189433935,0.016721546336817637,0.0,1.0,1.0,2.957231764306276,14,posthoc retained-member spread; corrected field removes a plug-in estimate of expected member-MC contribution; min-max is descriptive only and is not an uncertainty interval,1.0,0.9003703703703702,0.8706385945352897,0.82,0.18000000000000005,0.0803703703703702,0.05063859453528974
0.9833333333333332,G1,R_mid,220.0,0.877638091518182,0.000619594262837725,0.024891650464316847,0.0003150432646034143,0.0014673756194154889,0.0003045509982343107,0.017451389578893445,0.0,1.0,1.0,2.957231764306276,14,posthoc retained-member spread; corrected field removes a plug-in estimate of expected member-MC contribution; min-max is descriptive only and is not an uncertainty interval,1.0,0.908148148148148,0.8776380915181825,0.835,0.16500000000000004,0.07314814814814807,0.04263809151818254
0.9833333333333332,G1,R_mid,225.0,0.8726386260595289,0.0006189875439905139,0.024879460283344448,0.0003202358897693231,0.0014673756194154889,0.00029875165422119077,0.017284433870427773,0.0,1.0,1.0,2.957231764306276,14,posthoc retained-member spread; corrected field removes a plug-in estimate of expected member-MC contribution; min-max is descriptive only and is not an uncertainty interval,1.0,0.8937037037037037,0.8726386260595296,0.83,0.17000000000000004,0.0637037037037037,0.042638626059529616
0.9833333333333332,G1,R_mid,230.0,0.8806505881600769,0.0006630563951836722,0.02574988145960428,0.0002902605204778349,0.0014673756194154889,0.0003727958747058373,0.01930792258907823,0.0,1.0,1.0,2.957231764306276,14,posthoc retained-member spread; corrected field removes a plug-in estimate of expected member-MC contribution; min-max is descriptive only and is not an uncertainty interval,1.0,0.9018518518518518,0.8806505881600776,0.835,0.16500000000000004,0.06685185185185183,0.04565058816007761
0.9833333333333332,G1,R_mid,235.0,0.876649946210537,0.0006897925288969367,0.026263901631268283,0.00029356558176448156,0.0014673756194154889,0.00039622694713245516,0.019905450186631177,0.0,1.0,1.0,2.957231764306276,14,posthoc retained-member spread; corrected field removes a plug-in estimate of expected member-MC contribution; min-max is descriptive only and is not an uncertainty interval,1.0,0.9007407407407408,0.8766499462105377,0.83,0.17000000000000004,0.07074074074074088,0.04664994621053775
0.9833333333333332,G1,R_mid,240.0,0.8746487339169191,0.0007301921401907083,0.02702206765202671,0.0002944592602229229,0.0014673756194154889,0.00043573287996778536,0.020874215673116567,0.0,1.0,1.0,2.957231764306276,14,posthoc retained-member spread; corrected field removes a plug-in estimate of expected member-MC contribution; min-max is descriptive only and is not an uncertainty interval,1.0,0.8885185185185185,0.8746487339169198,0.83,0.17000000000000004,0.058518518518518525,0.044648733916919814
0.9833333333333332,G2,R_stress,60.0,0.7075924026910159,0.001215797690122343,0.03486829061084502,0.000867884085777564,0.0014673756194154889,0.000347913604344779,0.018652442315814276,0.0,1.0,1.0,2.957231764306276,14,posthoc retained-member spread; corrected field removes a plug-in estimate of expected member-MC contribution; min-max is descriptive only and is not an uncertainty interval,1.0,0.7607407407407408,0.7075924026910164,0.655,0.345,0.1057407407407408,0.05259240269101639
0.9833333333333332,G2,R_stress,65.0,0.7306522530938057,0.0012401276755684607,0.03521544654790651,0.0007702215871191901,0.0014673756194154889,0.00046990608844927056,0.02167731737206591,0.0,1.0,1.0,2.957231764306276,14,posthoc retained-member spread; corrected field removes a plug-in estimate of expected member-MC contribution; min-max is descriptive only and is not an uncertainty interval,1.0,0.7925925925925926,0.7306522530938063,0.685,0.31499999999999995,0.10759259259259257,0.04565225309380627
0.9833333333333332,G2,R_stress,70.0,0.7056327835053383,0.001529654128384403,0.03911079299099422,0.0007813393951623353,0.0014673756194154889,0.0007483147332220677,0.02735534195037722,0.0,1.0,1.0,2.957231764306276,14,posthoc retained-member spread; corrected field removes a plug-in estimate of expected member-MC contribution; min-max is descriptive only and is not an uncertainty interval,1.0,0.7714814814814814,0.7056327835053388,0.665,0.33499999999999996,0.1064814814814814,0.04063278350533872
0.9833333333333332,G2,R_stress,75.0,0.723659960636667,0.001455292011276147,0.03814828975558599,0.0007852555964184843,0.0014673756194154889,0.0006700364148576628,0.025885061615875338,0.0,1.0,1.0,2.957231764306276,14,posthoc retained-member spread; corrected field removes a plug-in estimate of expected member-MC contribution; min-max is descriptive only and is not an uncertainty interval,1.0,0.8044444444444445,0.7236599606366675,0.715,0.28500000000000003,0.08944444444444455,0.008659960636667519
0.9833333333333332,G2,R_stress,80.0,0.6996073333953438,0.0011821585089809134,0.034382532032718495,0.0008600508837845316,0.0014673756194154889,0.00032210762519638183,0.017947357053237165,0.0,1.0,1.0,2.957231764306276,14,posthoc retained-member spread; corrected field removes a plug-in estimate of expected member-MC contribution; min-max is descriptive only and is not an uncertainty interval,1.0,0.7666666666666666,0.6996073333953443,0.7,0.30000000000000004,0.06666666666666665,0.00039266660465564485
0.9833333333333332,G2,R_stress,85.0,0.7066389365612824,0.0011390676161548798,0.033750075794802,0.000822763539210836,0.0014673756194154889,0.0003163040769440438,0.017784939610356956,0.0,1.0,1.0,2.957231764306276,14,posthoc retained-member spread; corrected field removes a plug-in estimate of expected member-MC contribution; min-max is descriptive only and is not an uncertainty interval,1.0,0.7811111111111111,0.706638936561283,0.7,0.30000000000000004,0.08111111111111113,0.006638936561283004
0.9833333333333332,G2,R_stress,90.0,0.6836359260425133,0.0011475303694341067,0.03387521762932464,0.0008563838336499261,0.0014673756194154889,0.00029114653578418063,0.01706301660856546,0.0,1.0,1.0,2.957231764306276,14,posthoc retained-member spread; corrected field removes a plug-in estimate of expected member-MC contribution; min-max is descriptive only and is not an uncertainty interval,1.0,0.7666666666666666,0.6836359260425138,0.68,0.31999999999999995,0.08666666666666656,0.0036359260425137263
0.9833333333333332,G2,R_stress,95.0,0.6606311815631027,0.001105637508358856,0.033251127926114864,0.0008643491695239518,0.0014673756194154889,0.00024128833883490413,0.015533458688743602,0.0,1.0,1.0,2.957231764306276,14,posthoc retained-member spread; corrected field removes a plug-in estimate of expected member-MC contribution; min-max is descriptive only and is not an uncertainty interval,1.0,0.7370370370370369,0.6606311815631033,0.655,0.345,0.08203703703703691,0.005631181563103271
0.9833333333333332,G2,R_stress,100.0,0.67720531433709,0.0008085100682564887,0.02843431146091793,0.0008503622913872034,0.0014673756194154889,0.0,0.0,0.0,1.0,1.0,2.957231764306276,14,posthoc retained-member spread; corrected field removes a plug-in estimate of expected member-MC contribution; min-max is descriptive only and is not an uncertainty interval,1.0,0.7503703703703702,0.6772053143370905,0.675,0.32499999999999996,0.0753703703703702,0.0022053143370904804
0.9833333333333332,G2,R_stress,105.0,0.656200601381919,0.0008278864172812791,0.028773015436017114,0.0008572486363865576,0.0014673756194154889,0.0,0.0,0.0,1.0,1.0,2.957231764306276,14,posthoc retained-member spread; corrected field removes a plug-in estimate of expected member-MC contribution; min-max is descriptive only and is not an uncertainty interval,1.0,0.7366666666666667,0.6562006013819197,0.65,0.35,0.08666666666666667,0.00620060138191969
0.9833333333333332,G2,R_stress,110.0,0.6847455696756505,0.0009244797890980399,0.030405259234185786,0.0007287865967912664,0.0014673756194154889,0.00019569319230677352,0.01398903829098961,0.0,1.0,1.0,2.957231764306276,14,posthoc retained-member spread; corrected field removes a plug-in estimate of expected member-MC contribution; min-max is descriptive only and is not an uncertainty interval,1.0,0.7718518518518517,0.684745569675651,0.685,0.31499999999999995,0.08685185185185162,0.0002544303243490198
0.9833333333333332,G2,R_stress,115.0,0.673697019415791,0.0011418793543024545,0.033791705406836965,0.0007382673892834701,0.0014673756194154889,0.00040361196501898444,0.020090096192377588,0.0,1.0,1.0,2.957231764306276,14,posthoc retained-member spread; corrected field removes a plug-in estimate of expected member-MC contribution; min-max is descriptive only and is not an uncertainty interval,1.0,0.7481481481481482,0.6736970194157915,0.675,0.32499999999999996,0.07314814814814818,0.001302980584208524
0.9833333333333332,G2,R_stress,120.0,0.6536912540059163,0.0012195882865764828,0.034922604235315596,0.0007501990514686369,0.0014673756194154889,0.0004693892351078459,0.021665392567591427,0.0,1.0,1.0,2.957231764306276,14,posthoc retained-member spread; corrected field removes a plug-in estimate of expected member-MC contribution; min-max is descriptive only and is not an uncertainty interval,1.0,0.7285185185185185,0.6536912540059168,0.655,0.345,0.07351851851851843,0.0013087459940832602
0.9833333333333332,G2,R_stress,125.0,0.671280113919823,0.0014623526334016188,0.03824071957222587,0.0007246519448161703,0.0014673756194154889,0.0007377006885854485,0.027160645953022703,0.0,1.0,1.0,2.957231764306276,14,posthoc retained-member spread; corrected field removes a plug-in estimate of expected member-MC contribution; min-max is descriptive only and is not an uncertainty interval,1.0,0.7507407407407407,0.6712801139198233,0.69,0.31000000000000005,0.06074074074074076,0.018719886080176606
0.9833333333333332,G2,R_stress,130.0,0.6582784789850565,0.001563598483240863,0.03954236314689428,0.0007295233640115439,0.0014673756194154889,0.000834075119229319,0.02888035871019124,0.0,1.0,1.0,2.957231764306276,14,posthoc retained-member spread; corrected field removes a plug-in estimate of expected member-MC contribution; min-max is descriptive only and is not an uncertainty interval,1.0,0.7381481481481481,0.6582784789850569,0.68,0.31999999999999995,0.05814814814814806,0.02172152101494318
0.9833333333333332,G2,R_stress,135.0,0.6727127931794897,0.0013832536724316482,0.037192118418176295,0.0007119156029228674,0.0014673756194154889,0.0006713380695087808,0.02591019238656442,0.0,1.0,1.0,2.957231764306276,14,posthoc retained-member spread; corrected field removes a plug-in estimate of expected member-MC contribution; min-max is descriptive only and is not an uncertainty interval,1.0,0.7518518518518518,0.6727127931794902,0.665,0.33499999999999996,0.08685185185185174,0.0077127931794901405
0.9833333333333332,G2,R_stress,140.0,0.6551971390306683,0.0014255518330110483,0.03775648067565419,0.0007311326111030674,0.0014673756194154889,0.000694419221907981,0.026351835266409454,0.0,1.0,1.0,2.957231764306276,14,posthoc retained-member spread; corrected field removes a plug-in estimate of expected member-MC contribution; min-max is descriptive only and is not an uncertainty interval,1.0,0.7392592592592593,0.655197139030669,0.655,0.345,0.08425925925925926,0.0001971390306689802
0.9833333333333332,G2,R_stress,145.0,0.668692313723976,0.001388785272578681,0.03726640944038855,0.0007081329005523202,0.0014673756194154889,0.0006806523720263608,0.026089315284736025,0.0,1.0,1.0,2.957231764306276,14,posthoc retained-member spread; corrected field removes a plug-in estimate of expected member-MC contribution; min-max is descriptive only and is not an uncertainty interval,1.0,0.7559259259259261,0.6686923137239764,0.665,0.33499999999999996,0.09092592592592608,0.0036923137239763815
0.9833333333333332,G2,R_stress,150.0,0.6591560663695938,0.0011697949220004485,0.03420226486653257,0.000775972277789986,0.0014673756194154889,0.0003938226442104625,0.01984496521061356,0.0,1.0,1.0,2.957231764306276,14,posthoc retained-member spread; corrected field removes a plug-in estimate of expected member-MC contribution; min-max is descriptive only and is not an uncertainty interval,1.0,0.7422222222222222,0.6591560663695942,0.63,0.37,0.11222222222222222,0.029156066369594225
0.9833333333333332,G2,R_stress,155.0,0.647667923973312,0.0012755309753379443,0.0357145765106902,0.0007914729386065117,0.0014673756194154889,0.00048405803673143256,0.022001318977084818,0.0,1.0,1.0,2.957231764306276,14,posthoc retained-member spread; corrected field removes a plug-in estimate of expected member-MC contribution; min-max is descriptive only and is not an uncertainty interval,1.0,0.7155555555555556,0.6476679239733125,0.615,0.385,0.10055555555555562,0.03266792397331253
0.9833333333333332,G2,R_stress,160.0,0.6656681502733264,0.0012322568255617634,0.03510351585755711,0.0007846490608324229,0.0014673756194154889,0.00044760776472934055,0.021156742772207176,0.0,1.0,1.0,2.957231764306276,14,posthoc retained-member spread; corrected field removes a plug-in estimate of expected member-MC contribution; min-max is descriptive only and is not an uncertainty interval,1.0,0.7229629629629629,0.665668150273327,0.615,0.385,0.10796296296296293,0.05066815027332705
0.9833333333333332,G2,R_stress,165.0,0.6482412673974546,0.0014601742131628863,0.038212225964511494,0.0007909396170947409,0.0014673756194154889,0.0006692345960681454,0.02586956891925618,0.0,1.0,1.0,2.957231764306276,14,posthoc retained-member spread; corrected field removes a plug-in estimate of expected member-MC contribution; min-max is descriptive only and is not an uncertainty interval,1.0,0.7051851851851851,0.6482412673974549,0.615,0.385,0.09018518518518515,0.03324126739745492
0.9833333333333332,G2,R_stress,170.0,0.6561492981844828,0.001428565379787204,0.037796367282944054,0.0008092340437525874,0.0014673756194154889,0.0006193313360346166,0.02488636847823757,0.0,1.0,1.0,2.957231764306276,14,posthoc retained-member spread; corrected field removes a plug-in estimate of expected member-MC contribution; min-max is descriptive only and is not an uncertainty interval,1.0,0.7318518518518518,0.6561492981844832,0.615,0.385,0.11685185185185176,0.04114929818448321
0.9833333333333332,G2,R_stress,175.0,0.6411369477821939,0.0014668782669892888,0.038299846827230116,0.0008278685415585983,0.0014673756194154889,0.0006390097254306905,0.025278641684843166,0.0,1.0,1.0,2.957231764306276,14,posthoc retained-member spread; corrected field removes a plug-in estimate of expected member-MC contribution; min-max is descriptive only and is not an uncertainty interval,1.0,0.7096296296296296,0.6411369477821944,0.61,0.39,0.09962962962962962,0.031136947782194446
0.9833333333333332,G2,R_stress,180.0,0.630134270413029,0.0014671631199388517,0.03830356536849868,0.0008403498609590802,0.0014673756194154889,0.0006268132589797715,0.02503623891441707,0.0,1.0,1.0,2.957231764306276,14,posthoc retained-member spread; corrected field removes a plug-in estimate of expected member-MC contribution; min-max is descriptive only and is not an uncertainty interval,1.0,0.6914814814814816,0.6301342704130295,0.6,0.4,0.09148148148148161,0.030134270413029518
0.9833333333333332,G2,R_stress,185.0,0.6501305223231826,0.001328903681827882,0.0364541312038551,0.0008079254317163936,0.0014673756194154889,0.0005209782501114883,0.022824947976095987,0.0,1.0,1.0,2.957231764306276,14,posthoc retained-member spread; corrected field removes a plug-in estimate of expected member-MC contribution; min-max is descriptive only and is not an uncertainty interval,1.0,0.7125925925925928,0.6501305223231831,0.615,0.385,0.09759259259259279,0.035130522323183144
0.9833333333333332,G2,R_stress,190.0,0.6361282640161643,0.001417647591215712,0.037651661201276526,0.0008120717375608502,0.0014673756194154889,0.0006055758536548618,0.024608450858492937,0.0,1.0,1.0,2.957231764306276,14,posthoc retained-member spread; corrected field removes a plug-in estimate of expected member-MC contribution; min-max is descriptive only and is not an uncertainty interval,1.0,0.6962962962962963,0.6361282640161648,0.615,0.385,0.08129629629629631,0.021128264016164855
0.9833333333333332,G2,R_stress,195.0,0.6571433714640874,0.0014276599247710904,0.037784387315015315,0.0007898540610300676,0.0014673756194154889,0.0006378058637410228,0.025254818624195714,0.0,1.0,1.0,2.957231764306276,14,posthoc retained-member spread; corrected field removes a plug-in estimate of expected member-MC contribution; min-max is descriptive only and is not an uncertainty interval,1.0,0.7096296296296296,0.657143371464088,0.625,0.375,0.08462962962962961,0.032143371464087966
0.9833333333333332,G2,R_stress,200.0,0.6476402927677607,0.001652780785447921,0.04065440671622107,0.0007923489420527816,0.0014673756194154889,0.0008604318433951395,0.02933311854193378,0.0,1.0,1.0,2.957231764306276,14,posthoc retained-member spread; corrected field removes a plug-in estimate of expected member-MC contribution; min-max is descriptive only and is not an uncertainty interval,1.0,0.6955555555555555,0.647640292767761,0.61,0.39,0.0855555555555555,0.03764029276776104
0.9833333333333332,G2,R_stress,205.0,0.6671523672309154,0.0015499551140061014,0.03936946931323943,0.0007664824905477828,0.0014673756194154889,0.0007834726234583186,0.027990580977505963,0.0,1.0,1.0,2.957231764306276,14,posthoc retained-member spread; corrected field removes a plug-in estimate of expected member-MC contribution; min-max is descriptive only and is not an uncertainty interval,1.0,0.71,0.6671523672309161,0.625,0.375,0.08499999999999996,0.04215236723091609
0.9833333333333332,G2,R_stress,210.0,0.6591375485340334,0.0012729066896320891,0.035677817893364626,0.0007956797519222765,0.0014673756194154889,0.00047722693770981266,0.02184552443201611,0.0,1.0,1.0,2.957231764306276,14,posthoc retained-member spread; corrected field removes a plug-in estimate of expected member-MC contribution; min-max is descriptive only and is not an uncertainty interval,1.0,0.7,0.659137548534034,0.615,0.385,0.08499999999999996,0.044137548534033955
0.9833333333333332,G2,R_stress,215.0,0.644135291690338,0.0013986322380966556,0.03739829191415907,0.0008007346331185387,0.0014673756194154889,0.0005978976049781169,0.024451944809730716,0.0,1.0,1.0,2.957231764306276,14,posthoc retained-member spread; corrected field removes a plug-in estimate of expected member-MC contribution; min-max is descriptive only and is not an uncertainty interval,1.0,0.6977777777777779,0.6441352916903386,0.61,0.39,0.08777777777777795,0.034135291690338576
0.9833333333333332,G2,R_stress,220.0,0.6521502401652174,0.0015198785844948934,0.03898562022714136,0.0007807891167856497,0.0014673756194154889,0.0007390894677092437,0.027186199949776793,0.0,1.0,1.0,2.957231764306276,14,posthoc retained-member spread; corrected field removes a plug-in estimate of expected member-MC contribution; min-max is descriptive only and is not an uncertainty interval,1.0,0.7240740740740741,0.6521502401652179,0.605,0.395,0.11907407407407411,0.04715024016521796
0.9833333333333332,G2,R_stress,225.0,0.6381417069899137,0.0015382126052110054,0.03922005361050652,0.0007977256877250449,0.0014673756194154889,0.0007404869174859605,0.027211889267119264,0.0,1.0,1.0,2.957231764306276,14,posthoc retained-member spread; corrected field removes a plug-in estimate of expected member-MC contribution; min-max is descriptive only and is not an uncertainty interval,1.0,0.7085185185185184,0.6381417069899142,0.6,0.4,0.10851851851851846,0.03814170698991426
0.9833333333333332,G2,R_stress,230.0,0.650668067744595,0.0013948122202638905,0.03734718490413823,0.0007626743801142105,0.0014673756194154889,0.00063213784014968,0.02514235152386666,0.0,1.0,1.0,2.957231764306276,14,posthoc retained-member spread; corrected field removes a plug-in estimate of expected member-MC contribution; min-max is descriptive only and is not an uncertainty interval,1.0,0.7251851851851852,0.6506680677445954,0.61,0.39,0.11518518518518517,0.040668067744595415
0.9833333333333332,G2,R_stress,235.0,0.6351643213163026,0.0016310492423810042,0.04038625066010714,0.0007670619166592513,0.0014673756194154889,0.0008639873257217529,0.029393661318756342,0.0,1.0,1.0,2.957231764306276,14,posthoc retained-member spread; corrected field removes a plug-in estimate of expected member-MC contribution; min-max is descriptive only and is not an uncertainty interval,1.0,0.7177777777777777,0.6351643213163033,0.595,0.405,0.12277777777777776,0.04016432131630332
0.9833333333333332,G2,R_stress,240.0,0.6256615263286917,0.0017777649716542979,0.04216355027336168,0.0007692865985800512,0.0014673756194154889,0.0010084783730742466,0.03175654850694966,0.0,1.0,1.0,2.957231764306276,14,posthoc retained-member spread; corrected field removes a plug-in estimate of expected member-MC contribution; min-max is descriptive only and is not an uncertainty interval,1.0,0.6985185185185185,0.6256615263286923,0.58,0.42000000000000004,0.11851851851851858,0.04566152632869236
0.99,G0,R_easy,60.0,0.973988042047096,7.594013034277197e-05,0.00871436345023387,5.2839628105699966e-05,0.0014673756194154889,2.3100502237072005e-05,0.004806298184369339,0.935483870967742,1.0,0.06451612903225801,2.957231764306276,14,posthoc retained-member spread; corrected field removes a plug-in estimate of expected member-MC contribution; min-max is descriptive only and is not an uncertainty interval,1.0,0.9422222222222224,0.9739880420470964,0.965,0.03500000000000003,0.022777777777777564,0.008988042047096467
0.99,G0,R_easy,65.0,0.9774883809232314,8.366189795124652e-05,0.009146687813151082,4.8928547734844226e-05,0.0014673756194154889,3.473335021640229e-05,0.005893500675863395,0.935483870967742,1.0,0.06451612903225801,2.957231764306276,14,posthoc retained-member spread; corrected field removes a plug-in estimate of expected member-MC contribution; min-max is descriptive only and is not an uncertainty interval,1.0,0.9566666666666666,0.977488380923232,0.97,0.030000000000000027,0.01333333333333342,0.0074883809232320075
0.99,G0,R_easy,70.0,0.9761945478210716,0.00035735259785237494,0.01890377205354463,5.0215231798708476e-05,0.0014673756194154889,0.00030713736605366646,0.017525334976931723,0.0,1.0,1.0,2.957231764306276,14,posthoc retained-member spread; corrected field removes a plug-in estimate of expected member-MC contribution; min-max is descriptive only and is not an uncertainty interval,1.0,0.9533333333333334,0.9761945478210724,0.965,0.03500000000000003,0.011666666666666603,0.011194547821072431
0.99,G0,R_easy,75.0,0.9741942268463015,0.0003554871049109857,0.018854365672463916,5.231218350758655e-05,0.0014673756194154889,0.00030317492140339913,0.017411918946612377,0.0,1.0,1.0,2.957231764306276,14,posthoc retained-member spread; corrected field removes a plug-in estimate of expected member-MC contribution; min-max is descriptive only and is not an uncertainty interval,1.0,0.9433333333333336,0.9741942268463022,0.965,0.03500000000000003,0.02166666666666639,0.009194226846302223
0.99,G0,R_easy,80.0,0.9711938901094119,0.0003523577208448294,0.01877119391101241,5.544895621299065e-05,0.0014673756194154889,0.0002969087646318387,0.01723104072979455,0.0,1.0,1.0,2.957231764306276,14,posthoc retained-member spread; corrected field removes a plug-in estimate of expected member-MC contribution; min-max is descriptive only and is not an uncertainty interval,1.0,0.9433333333333336,0.9711938901094124,0.965,0.03500000000000003,0.02166666666666639,0.006193890109412403
0.99,G0,R_easy,85.0,0.9766970941388637,0.00034090842160453564,0.018463705522037976,3.557082651470862e-05,0.0014673756194154889,0.000305337595089827,0.01747391184279659,0.0,1.0,1.0,2.957231764306276,14,posthoc retained-member spread; corrected field removes a plug-in estimate of expected member-MC contribution; min-max is descriptive only and is not an uncertainty interval,1.0,0.9566666666666666,0.9766970941388644,0.965,0.03500000000000003,0.008333333333333415,0.011697094138864439
0.99,G0,R_easy,90.0,0.9756964879920547,0.0003510859468505844,0.018737287606550326,3.614669226908422e-05,0.0014673756194154889,0.00031493925458150017,0.017746527958490927,0.0,1.0,1.0,2.957231764306276,14,posthoc retained-member spread; corrected field removes a plug-in estimate of expected member-MC contribution; min-max is descriptive only and is not an uncertainty interval,1.0,0.9533333333333334,0.9756964879920552,0.96,0.040000000000000036,0.006666666666666599,0.015696487992055252
0.99,G0,R_easy,95.0,0.9736958660831259,0.0003668503852366473,0.019153338749070548,3.7769367028418004e-05,0.0014673756194154889,0.0003290810182082293,0.0181405903489448,0.0,1.0,1.0,2.957231764306276,14,posthoc retained-member spread; corrected field removes a plug-in estimate of expected member-MC contribution; min-max is descriptive only and is not an uncertainty interval,1.0,0.9533333333333334,0.9736958660831264,0.96,0.040000000000000036,0.006666666666666599,0.013695866083126451
0.99,G0,R_easy,100.0,0.9726964521893235,0.00033870450228076364,0.018403926273509237,3.976099025415499e-05,0.0014673756194154889,0.00029894351202660864,0.017289982996712538,0.0,1.0,1.0,2.957231764306276,14,posthoc retained-member spread; corrected field removes a plug-in estimate of expected member-MC contribution; min-max is descriptive only and is not an uncertainty interval,1.0,0.9499999999999998,0.9726964521893244,0.96,0.040000000000000036,0.01000000000000012,0.01269645218932447
0.99,G0,R_easy,105.0,0.9761991755714727,0.00030010669441174194,0.01732358780425527,3.8664380939743814e-05,0.0014673756194154889,0.0002614423134719981,0.016169177884852344,0.0,1.0,1.0,2.957231764306276,14,posthoc retained-member spread; corrected field removes a plug-in estimate of expected member-MC contribution; min-max is descriptive only and is not an uncertainty interval,1.0,0.9633333333333332,0.9761991755714734,0.965,0.03500000000000003,0.0016666666666668162,0.01119917557147343
0.99,G0,R_easy,110.0,0.9746997537966107,0.0002988286292055488,0.017286660441090083,4.1140060330671085e-05,0.0014673756194154889,0.0002576885688748777,0.01605268104943463,0.0,1.0,1.0,2.957231764306276,14,posthoc retained-member spread; corrected field removes a plug-in estimate of expected member-MC contribution; min-max is descriptive only and is not an uncertainty interval,1.0,0.962222222222222,0.9746997537966112,0.965,0.03500000000000003,0.00277777777777799,0.009699753796611255
0.99,G0,R_easy,115.0,0.9741994507232061,0.00029827789784362394,0.017270723720899016,4.1430370012269645e-05,0.0014673756194154889,0.0002568475278313543,0.01602646336006027,0.0,1.0,1.0,2.957231764306276,14,posthoc retained-member spread; corrected field removes a plug-in estimate of expected member-MC contribution; min-max is descriptive only and is not an uncertainty interval,1.0,0.9555555555555556,0.9741994507232068,0.965,0.03500000000000003,0.009444444444444366,0.009199450723206826
0.99,G0,R_easy,120.0,0.9736991476498018,0.00029833834475874866,0.0172724736143596,4.1720000606893686e-05,0.0014673756194154889,0.000256618344151855,0.016019311600435737,0.0,1.0,1.0,2.957231764306276,14,posthoc retained-member spread; corrected field removes a plug-in estimate of expected member-MC contribution; min-max is descriptive only and is not an uncertainty interval,1.0,0.952222222222222,0.9736991476498024,0.965,0.03500000000000003,0.012777777777777999,0.008699147649802397
0.99,G0,R_easy,125.0,0.9752000626118296,0.00029906548774753447,0.01729350998922817,4.1054170361574095e-05,0.0014673756194154889,0.0002580113173859604,0.016062730695182572,0.0,1.0,1.0,2.957231764306276,14,posthoc retained-member spread; corrected field removes a plug-in estimate of expected member-MC contribution; min-max is descriptive only and is not an uncertainty interval,1.0,0.9633333333333332,0.97520006261183,0.965,0.03500000000000003,0.0016666666666668162,0.01020006261183004
0.99,G0,R_easy,130.0,0.9736997437763051,0.0002989446613219003,0.01729001623255167,4.239758129160924e-05,0.0014673756194154889,0.000256547080030291,0.016017087126887056,0.0,1.0,1.0,2.957231764306276,14,posthoc retained-member spread; corrected field removes a plug-in estimate of expected member-MC contribution; min-max is descriptive only and is not an uncertainty interval,1.0,0.9633333333333332,0.9736997437763056,0.96,0.040000000000000036,0.0033333333333331883,0.013699743776305673
0.99,G0,R_easy,135.0,0.9731997358952451,0.0003005747811187255,0.017337092637427,4.292144999414223e-05,0.0014673756194154889,0.00025765333112458326,0.016051583446021245,0.0,1.0,1.0,2.957231764306276,14,posthoc retained-member spread; corrected field removes a plug-in estimate of expected member-MC contribution; min-max is descriptive only and is not an uncertainty interval,1.0,0.96,0.9731997358952458,0.96,0.040000000000000036,0.0,0.013199735895245812
0.99,G0,R_easy,140.0,0.9712003062393231,0.00031163207695850684,0.01765310389020885,4.588264593259195e-05,0.0014673756194154889,0.0002657494310259149,0.016301822935669338,0.0,1.0,1.0,2.957231764306276,14,posthoc retained-member spread; corrected field removes a plug-in estimate of expected member-MC contribution; min-max is descriptive only and is not an uncertainty interval,1.0,0.9566666666666666,0.9712003062393236,0.96,0.040000000000000036,0.0033333333333334103,0.011200306239323665
0.99,G0,R_easy,145.0,0.9737006293533388,0.0003166545245236589,0.017794789252015854,4.3090857250118414e-05,0.0014673756194154889,0.0002735636672735405,0.016539760193955064,0.0,1.0,1.0,2.957231764306276,14,posthoc retained-member spread; corrected field removes a plug-in estimate of expected member-MC contribution; min-max is descriptive only and is not an uncertainty interval,1.0,0.97,0.9737006293533392,0.955,0.04500000000000004,0.015000000000000013,0.01870062935333927
0.99,G0,R_easy,150.0,0.9737006293533388,0.0003166545245236589,0.017794789252015854,4.3090857250118414e-05,0.0014673756194154889,0.0002735636672735405,0.016539760193955064,0.0,1.0,1.0,2.957231764306276,14,posthoc retained-member spread; corrected field removes a plug-in estimate of expected member-MC contribution; min-max is descriptive only and is not an uncertainty interval,1.0,0.9633333333333334,0.9737006293533392,0.945,0.05500000000000005,0.018333333333333424,0.02870062935333928
0.99,G0,R_easy,155.0,0.9722009123861322,0.00031934664277088944,0.017870272599232767,4.5301347482420325e-05,0.0014673756194154889,0.00027404529528846913,0.016554313494931437,0.0,1.0,1.0,2.957231764306276,14,posthoc retained-member spread; corrected field removes a plug-in estimate of expected member-MC contribution; min-max is descriptive only and is not an uncertainty interval,1.0,0.96,0.9722009123861328,0.945,0.05500000000000005,0.015000000000000013,0.02720091238613287
0.99,G0,R_easy,160.0,0.9717006093127276,0.0003151837707261733,0.01775341574813628,4.5592336250993385e-05,0.0014673756194154889,0.0002695914344751799,0.01641923976544529,0.0,1.0,1.0,2.957231764306276,14,posthoc retained-member spread; corrected field removes a plug-in estimate of expected member-MC contribution; min-max is descriptive only and is not an uncertainty interval,1.0,0.96,0.9717006093127282,0.945,0.05500000000000005,0.015000000000000013,0.02670060931272822
0.99,G0,R_easy,165.0,0.9764950822251818,3.038597502326487e-05,0.005512347505669873,4.093924201387152e-05,0.0014673756194154889,0.0,0.0,0.967741935483871,1.0,0.032258064516129004,2.957231764306276,14,posthoc retained-member spread; corrected field removes a plug-in estimate of expected member-MC contribution; min-max is descriptive only and is not an uncertainty interval,1.0,0.9733333333333332,0.9764950822251824,0.95,0.050000000000000044,0.023333333333333206,0.026495082225182487
0.99,G0,R_easy,170.0,0.9759947791517772,2.718452189224696e-05,0.0052138778171574906,4.1232268043368074e-05,0.0014673756194154889,0.0,0.0,0.967741935483871,1.0,0.032258064516129004,2.957231764306276,14,posthoc retained-member spread; corrected field removes a plug-in estimate of expected member-MC contribution; min-max is descriptive only and is not an uncertainty interval,1.0,0.9733333333333332,0.975994779151778,0.95,0.050000000000000044,0.023333333333333206,0.025994779151778058
0.99,G0,R_easy,175.0,0.9759947791517772,2.718452189224696e-05,0.0052138778171574906,4.1232268043368074e-05,0.0014673756194154889,0.0,0.0,0.967741935483871,1.0,0.032258064516129004,2.957231764306276,14,posthoc retained-member spread; corrected field removes a plug-in estimate of expected member-MC contribution; min-max is descriptive only and is not an uncertainty interval,1.0,0.9688888888888888,0.975994779151778,0.95,0.050000000000000044,0.018888888888888844,0.025994779151778058
0.99,G0,R_easy,180.0,0.9754944760783727,2.4594247038278697e-05,0.004959258718627079,4.152461498589014e-05,0.0014673756194154889,0.0,0.0,0.967741935483871,1.0,0.032258064516129004,2.957231764306276,14,posthoc retained-member spread; corrected field removes a plug-in estimate of expected member-MC contribution; min-max is descriptive only and is not an uncertainty interval,1.0,0.9688888888888888,0.9754944760783734,0.945,0.05500000000000005,0.02388888888888885,0.03049447607837341
0.99,G0,R_easy,185.0,0.9789954110810116,2.5641201506339627e-05,0.005063714200696918,3.833084016617875e-05,0.0014673756194154889,0.0,0.0,0.967741935483871,1.0,0.032258064516129004,2.957231764306276,14,posthoc retained-member spread; corrected field removes a plug-in estimate of expected member-MC contribution; min-max is descriptive only and is not an uncertainty interval,1.0,0.98,0.9789954110810122,0.945,0.05500000000000005,0.03500000000000003,0.03399541108101223
0.99,G0,R_easy,190.0,0.9784951080076071,2.271802358237813e-05,0.0047663427890132,3.862522436962428e-05,0.0014673756194154889,0.0,0.0,0.967741935483871,1.0,0.032258064516129004,2.957231764306276,14,posthoc retained-member spread; corrected field removes a plug-in estimate of expected member-MC contribution; min-max is descriptive only and is not an uncertainty interval,1.0,0.9766666666666666,0.9784951080076078,0.945,0.05500000000000005,0.03166666666666662,0.0334951080076078
0.99,G0,R_easy,195.0,0.9779948049342025,2.0406023935465955e-05,0.004517302727897031,3.8918929486095346e-05,0.0014673756194154889,0.0,0.0,0.967741935483871,1.0,0.032258064516129004,2.957231764306276,14,posthoc retained-member spread; corrected field removes a plug-in estimate of expected member-MC contribution; min-max is descriptive only and is not an uncertainty interval,1.0,0.9733333333333334,0.9779948049342032,0.945,0.05500000000000005,0.028333333333333433,0.03299480493420326
0.99,G0,R_easy,200.0,0.9779948049342025,2.0406023935465955e-05,0.004517302727897031,3.8918929486095346e-05,0.0014673756194154889,0.0,0.0,0.967741935483871,1.0,0.032258064516129004,2.957231764306276,14,posthoc retained-member spread; corrected field removes a plug-in estimate of expected member-MC contribution; min-max is descriptive only and is not an uncertainty interval,1.0,0.9733333333333334,0.9779948049342032,0.94,0.06000000000000005,0.03333333333333344,0.03799480493420326
0.99,G0,R_easy,205.0,0.9799945297824691,1.5835077973940733e-05,0.003979331347593555,3.6145969083116515e-05,0.0014673756194154889,0.0,0.0,0.967741935483871,1.0,0.032258064516129004,2.957231764306276,14,posthoc retained-member spread; corrected field removes a plug-in estimate of expected member-MC contribution; min-max is descriptive only and is not an uncertainty interval,1.0,0.9766666666666666,0.97999452978247,0.96,0.040000000000000036,0.016666666666666607,0.019994529782470072
0.99,G0,R_easy,210.0,0.9789919698418027,4.670046018475609e-05,0.006833773495277414,5.108959999317287e-05,0.0014673756194154889,0.0,0.0,0.935483870967742,1.0,0.06451612903225801,2.957231764306276,14,posthoc retained-member spread; corrected field removes a plug-in estimate of expected member-MC contribution; min-max is descriptive only and is not an uncertainty interval,1.0,0.9766666666666666,0.9789919698418036,0.96,0.040000000000000036,0.016666666666666607,0.018991969841803624
0.99,G0,R_easy,215.0,0.9779925559480006,4.9484879769475914e-05,0.007034549009671901,5.303962273377697e-05,0.0014673756194154889,0.0,0.0,0.935483870967742,1.0,0.06451612903225801,2.957231764306276,14,posthoc retained-member spread; corrected field removes a plug-in estimate of expected member-MC contribution; min-max is descriptive only and is not an uncertainty interval,1.0,0.9766666666666666,0.9779925559480012,0.96,0.040000000000000036,0.016666666666666607,0.0179925559480012
0.99,G0,R_easy,220.0,0.9774922528745961,4.667002344263001e-05,0.006831546197064762,5.3333327850248034e-05,0.0014673756194154889,0.0,0.0,0.935483870967742,1.0,0.06451612903225801,2.957231764306276,14,posthoc retained-member spread; corrected field removes a plug-in estimate of expected member-MC contribution; min-max is descriptive only and is not an uncertainty interval,1.0,0.9766666666666666,0.9774922528745968,0.96,0.040000000000000036,0.016666666666666607,0.01749225287459688
0.99,G0,R_easy,225.0,0.9789928669024651,5.081858203944733e-05,0.007128715314798827,5.221600598442777e-05,0.0014673756194154889,0.0,0.0,0.935483870967742,1.0,0.06451612903225801,2.957231764306276,14,posthoc retained-member spread; corrected field removes a plug-in estimate of expected member-MC contribution; min-max is descriptive only and is not an uncertainty interval,1.0,0.98,0.9789928669024658,0.96,0.040000000000000036,0.020000000000000018,0.01899286690246582
0.99,G0,R_easy,230.0,0.9779925559480006,4.9484879769475914e-05,0.007034549009671901,5.303962273377697e-05,0.0014673756194154889,0.0,0.0,0.935483870967742,1.0,0.06451612903225801,2.957231764306276,14,posthoc retained-member spread; corrected field removes a plug-in estimate of expected member-MC contribution; min-max is descriptive only and is not an uncertainty interval,1.0,0.98,0.9779925559480012,0.955,0.04500000000000004,0.025000000000000022,0.022992555948001203
0.99,G0,R_easy,235.0,0.9764916467277872,4.287384562008713e-05,0.006547812277401295,5.3918700822266655e-05,0.0014673756194154889,0.0,0.0,0.935483870967742,1.0,0.06451612903225801,2.957231764306276,14,posthoc retained-member spread; corrected field removes a plug-in estimate of expected member-MC contribution; min-max is descriptive only and is not an uncertainty interval,1.0,0.98,0.976491646727788,0.95,0.050000000000000044,0.030000000000000027,0.026491646727788032
0.99,G0,R_easy,240.0,0.9759919397808862,4.583146163265943e-05,0.006769893768196029,5.4885912101606246e-05,0.0014673756194154889,0.0,0.0,0.935483870967742,1.0,0.06451612903225801,2.957231764306276,14,posthoc retained-member spread; corrected field removes a plug-in estimate of expected member-MC contribution; min-max is descriptive only and is not an uncertainty interval,1.0,0.98,0.9759919397808868,0.95,0.050000000000000044,0.030000000000000027,0.025991939780886875
0.99,G1,R_mid,60.0,0.8920817571012363,0.0005108668223422442,0.022602363202599948,0.0005284236031616464,0.0014673756194154889,0.0,0.0,0.0,1.0,1.0,2.957231764306276,14,posthoc retained-member spread; corrected field removes a plug-in estimate of expected member-MC contribution; min-max is descriptive only and is not an uncertainty interval,1.0,0.8577777777777779,0.8920817571012368,0.87,0.13,0.012222222222222134,0.022081757101236832
0.99,G1,R_mid,65.0,0.902146530169828,0.0004605144837474937,0.021459601201967705,0.0003423028324279967,0.0014673756194154889,0.00011821165131949699,0.010872518168276243,0.0,1.0,1.0,2.957231764306276,14,posthoc retained-member spread; corrected field removes a plug-in estimate of expected member-MC contribution; min-max is descriptive only and is not an uncertainty interval,1.0,0.8833333333333335,0.9021465301698288,0.895,0.10499999999999998,0.011666666666666492,0.007146530169828802
0.99,G1,R_mid,70.0,0.8941449568202179,0.0005276340167080528,0.022970285516467855,0.0003492016166696158,0.0014673756194154889,0.00017843240003843702,0.013357859111341047,0.0,1.0,1.0,2.957231764306276,14,posthoc retained-member spread; corrected field removes a plug-in estimate of expected member-MC contribution; min-max is descriptive only and is not an uncertainty interval,1.0,0.8722222222222222,0.8941449568202187,0.895,0.10499999999999998,0.022777777777777786,0.0008550431797813562
0.99,G1,R_mid,75.0,0.8851560750629421,0.0005718974172202635,0.023914376789292743,0.0003917400883992354,0.0014673756194154889,0.0001801573288210281,0.013422269883333001,0.0,1.0,1.0,2.957231764306276,14,posthoc retained-member spread; corrected field removes a plug-in estimate of expected member-MC contribution; min-max is descriptive only and is not an uncertainty interval,1.0,0.8588888888888889,0.8851560750629429,0.895,0.10499999999999998,0.036111111111111094,0.009843924937057102
0.99,G1,R_mid,80.0,0.8766547717991738,0.0005231770833953408,0.02287306458250273,0.0003985678620894319,0.0014673756194154889,0.00012460922130590885,0.011162850053006573,0.0,1.0,1.0,2.957231764306276,14,posthoc retained-member spread; corrected field removes a plug-in estimate of expected member-MC contribution; min-max is descriptive only and is not an uncertainty interval,1.0,0.8448148148148148,0.8766547717991745,0.885,0.11499999999999999,0.04018518518518521,0.008345228200825505
0.99,G1,R_mid,85.0,0.8906570128807493,0.0004968203385194393,0.022289466985987782,0.00038663228847771685,0.0014673756194154889,0.00011018805004172244,0.01049704958746611,0.0,1.0,1.0,2.957231764306276,14,posthoc retained-member spread; corrected field removes a plug-in estimate of expected member-MC contribution; min-max is descriptive only and is not an uncertainty interval,1.0,0.8703703703703703,0.8906570128807498,0.91,0.08999999999999997,0.03962962962962968,0.0193429871192502
0.99,G1,R_mid,90.0,0.8811528659675986,0.0004941795442242051,0.022230149442237338,0.0004064403105611558,0.0014673756194154889,8.773923366304929e-05,0.00936692231541659,0.0,1.0,1.0,2.957231764306276,14,posthoc retained-member spread; corrected field removes a plug-in estimate of expected member-MC contribution; min-max is descriptive only and is not an uncertainty interval,1.0,0.8703703703703703,0.8811528659675991,0.89,0.10999999999999999,0.019629629629629664,0.008847134032400894
0.99,G1,R_mid,95.0,0.8741509902205066,0.0005045177475030204,0.022461472514130065,0.00041135147931404637,0.0014673756194154889,9.316626818897406e-05,0.00965226751540663,0.0,1.0,1.0,2.957231764306276,14,posthoc retained-member spread; corrected field removes a plug-in estimate of expected member-MC contribution; min-max is descriptive only and is not an uncertainty interval,1.0,0.8592592592592594,0.8741509902205071,0.88,0.12,0.020740740740740615,0.005849009779492875
0.99,G1,R_mid,100.0,0.8631499657110403,0.0004966427648453269,0.022285483276010123,0.0004208273339296943,0.0014673756194154889,7.581543091563257e-05,0.008707205689291632,0.0,1.0,1.0,2.957231764306276,14,posthoc retained-member spread; corrected field removes a plug-in estimate of expected member-MC contribution; min-max is descriptive only and is not an uncertainty interval,1.0,0.8551851851851853,0.8631499657110409,0.88,0.12,0.024814814814814734,0.016850034288959148
0.99,G1,R_mid,105.0,0.8816548763195704,0.0005276063031345621,0.02296968226020034,0.0003393503516141486,0.0014673756194154889,0.00018825595152041348,0.01372063961775884,0.0,1.0,1.0,2.957231764306276,14,posthoc retained-member spread; corrected field removes a plug-in estimate of expected member-MC contribution; min-max is descriptive only and is not an uncertainty interval,1.0,0.88,0.8816548763195711,0.89,0.10999999999999999,0.010000000000000009,0.008345123680428945
0.99,G1,R_mid,110.0,0.8761694794852944,0.0006016318166146774,0.024528184127951203,0.000366334933313514,0.0014673756194154889,0.0002352968833011634,0.015339389925976958,0.0,1.0,1.0,2.957231764306276,14,posthoc retained-member spread; corrected field removes a plug-in estimate of expected member-MC contribution; min-max is descriptive only and is not an uncertainty interval,1.0,0.8688888888888889,0.8761694794852949,0.885,0.11499999999999999,0.016111111111111076,0.00883052051470512
0.99,G1,R_mid,115.0,0.8731676610448675,0.0006363309248843709,0.025225600585206506,0.00036768767456671705,0.0014673756194154889,0.0002686432503176538,0.01639034015259152,0.0,1.0,1.0,2.957231764306276,14,posthoc retained-member spread; corrected field removes a plug-in estimate of expected member-MC contribution; min-max is descriptive only and is not an uncertainty interval,1.0,0.8533333333333333,0.8731676610448681,0.885,0.11499999999999999,0.03166666666666673,0.011832338955131916
0.99,G1,R_mid,120.0,0.8651632253571092,0.0006050948880638972,0.024598676551064635,0.0003862826087840975,0.0014673756194154889,0.00021881227927979968,0.014792304731846206,0.0,1.0,1.0,2.957231764306276,14,posthoc retained-member spread; corrected field removes a plug-in estimate of expected member-MC contribution; min-max is descriptive only and is not an uncertainty interval,1.0,0.8444444444444443,0.8651632253571098,0.88,0.12,0.035555555555555673,0.014836774642890238
0.99,G1,R_mid,125.0,0.8796361462813069,0.0005290354116905741,0.023000769806477653,0.0003260595289345183,0.0014673756194154889,0.00020297588275605574,0.014246960474292605,0.0,1.0,1.0,2.957231764306276,14,posthoc retained-member spread; corrected field removes a plug-in estimate of expected member-MC contribution; min-max is descriptive only and is not an uncertainty interval,1.0,0.852962962962963,0.8796361462813074,0.89,0.10999999999999999,0.03703703703703698,0.01036385371869264
0.99,G1,R_mid,130.0,0.8726332195428341,0.0005256323121685289,0.022926672505370876,0.00034434033301349097,0.0014673756194154889,0.00018129197915503796,0.013464470994251425,0.0,1.0,1.0,2.957231764306276,14,posthoc retained-member spread; corrected field removes a plug-in estimate of expected member-MC contribution; min-max is descriptive only and is not an uncertainty interval,1.0,0.8485185185185187,0.8726332195428346,0.88,0.12,0.03148148148148133,0.007366780457165434
0.99,G1,R_mid,135.0,0.8656331379170665,0.0005391903479569353,0.023220472604082273,0.0003508859619177388,0.0014673756194154889,0.00018830438603919652,0.013722404528332363,0.0,1.0,1.0,2.957231764306276,14,posthoc retained-member spread; corrected field removes a plug-in estimate of expected member-MC contribution; min-max is descriptive only and is not an uncertainty interval,1.0,0.8385185185185187,0.8656331379170672,0.875,0.125,0.03648148148148134,0.009366862082932803
0.99,G1,R_mid,140.0,0.8591312757928489,0.000575812034022592,0.02399608372261174,0.0003553241720053037,0.0014673756194154889,0.00022048786201728834,0.014848833692155365,0.0,1.0,1.0,2.957231764306276,14,posthoc retained-member spread; corrected field removes a plug-in estimate of expected member-MC contribution; min-max is descriptive only and is not an uncertainty interval,1.0,0.8277777777777778,0.8591312757928495,0.87,0.13,0.04222222222222216,0.01086872420715046
0.99,G1,R_mid,145.0,0.875142384670939,0.0006513615489730838,0.02552178577163212,0.00030478383890038724,0.0014673756194154889,0.0003465777100726966,0.018616597704003184,0.0,1.0,1.0,2.957231764306276,14,posthoc retained-member spread; corrected field removes a plug-in estimate of expected member-MC contribution; min-max is descriptive only and is not an uncertainty interval,1.0,0.8503703703703702,0.8751423846709394,0.86,0.14,0.009629629629629766,0.015142384670939424
0.99,G1,R_mid,150.0,0.8696405325670267,0.0006951847040006626,0.026366355531257303,0.0003083485734620935,0.0014673756194154889,0.0003868361305385691,0.019668150155481554,0.0,1.0,1.0,2.957231764306276,14,posthoc retained-member spread; corrected field removes a plug-in estimate of expected member-MC contribution; min-max is descriptive only and is not an uncertainty interval,1.0,0.8437037037037037,0.8696405325670273,0.84,0.16000000000000003,0.0037037037037037646,0.029640532567027367
0.99,G1,R_mid,155.0,0.8641401736502802,0.000744256664899516,0.02728106788414845,0.0003132316992447733,0.0014673756194154889,0.00043102496565474265,0.020761140759956873,0.0,1.0,1.0,2.957231764306276,14,posthoc retained-member spread; corrected field removes a plug-in estimate of expected member-MC contribution; min-max is descriptive only and is not an uncertainty interval,1.0,0.8414814814814814,0.8641401736502807,0.84,0.16000000000000003,0.001481481481481417,0.02414017365028076
0.99,G1,R_mid,160.0,0.8601398268930848,0.0007698390540425855,0.027745973654614925,0.0003165510134739769,0.0014673756194154889,0.0004532880405686086,0.021290562241721298,0.0,1.0,1.0,2.957231764306276,14,posthoc retained-member spread; corrected field removes a plug-in estimate of expected member-MC contribution; min-max is descriptive only and is not an uncertainty interval,1.0,0.8214814814814814,0.8601398268930853,0.835,0.16500000000000004,0.013518518518518596,0.02513982689308536
0.99,G1,R_mid,165.0,0.8741388036334273,0.0007327466123040105,0.027069292792830966,0.0003026646125251088,0.0014673756194154889,0.0004300819997789017,0.020738418449315312,0.0,1.0,1.0,2.957231764306276,14,posthoc retained-member spread; corrected field removes a plug-in estimate of expected member-MC contribution; min-max is descriptive only and is not an uncertainty interval,1.0,0.8451851851851852,0.8741388036334279,0.86,0.14,0.014814814814814836,0.014138803633427899
0.99,G1,R_mid,170.0,0.8681372388407997,0.0007846478555899104,0.028011566460837394,0.0003068343767710423,0.0014673756194154889,0.00047781347881886813,0.021858945052743696,0.0,1.0,1.0,2.957231764306276,14,posthoc retained-member spread; corrected field removes a plug-in estimate of expected member-MC contribution; min-max is descriptive only and is not an uncertainty interval,1.0,0.8374074074074074,0.8681372388408002,0.855,0.14500000000000002,0.017592592592592604,0.013137238840800203
0.99,G1,R_mid,175.0,0.8631353946179474,0.000871471652870108,0.029520698719205613,0.00030992441736489156,0.0014673756194154889,0.0005615472355052164,0.023696987899419125,0.0,1.0,1.0,2.957231764306276,14,posthoc retained-member spread; corrected field removes a plug-in estimate of expected member-MC contribution; min-max is descriptive only and is not an uncertainty interval,1.0,0.8185185185185185,0.8631353946179481,0.855,0.14500000000000002,0.03648148148148145,0.0081353946179481
0.99,G1,R_mid,180.0,0.8611328246569755,0.0007806484214213273,0.027940086281565548,0.0003257224123320867,0.0014673756194154889,0.0004549260090892406,0.02132899456348659,0.0,1.0,1.0,2.957231764306276,14,posthoc retained-member spread; corrected field removes a plug-in estimate of expected member-MC contribution; min-max is descriptive only and is not an uncertainty interval,1.0,0.8133333333333332,0.861132824656976,0.845,0.15500000000000003,0.03166666666666673,0.016132824656976075
0.99,G1,R_mid,185.0,0.8736347526448409,0.0007055988834661907,0.026563111328799394,0.0003154032772124014,0.0014673756194154889,0.00039019560625378933,0.01975336949114731,0.0,1.0,1.0,2.957231764306276,14,posthoc retained-member spread; corrected field removes a plug-in estimate of expected member-MC contribution; min-max is descriptive only and is not an uncertainty interval,1.0,0.8514814814814815,0.8736347526448414,0.84,0.16000000000000003,0.011481481481481537,0.03363475264484139
0.99,G1,R_mid,190.0,0.8676328926598688,0.0007864844411012868,0.028044329927835447,0.00031937090598043567,0.0014673756194154889,0.0004671135351208512,0.021612809514749608,0.0,1.0,1.0,2.957231764306276,14,posthoc retained-member spread; corrected field removes a plug-in estimate of expected member-MC contribution; min-max is descriptive only and is not an uncertainty interval,1.0,0.8414814814814814,0.8676328926598693,0.835,0.16500000000000004,0.0064814814814814214,0.03263289265986935
0.99,G1,R_mid,195.0,0.8616465908838706,0.0007930501862035623,0.028161146748730995,0.0003506877147035532,0.0014673756194154889,0.00044236247150000914,0.021032414780524113,0.0,1.0,1.0,2.957231764306276,14,posthoc retained-member spread; corrected field removes a plug-in estimate of expected member-MC contribution; min-max is descriptive only and is not an uncertainty interval,1.0,0.8285185185185185,0.8616465908838711,0.825,0.17500000000000004,0.0035185185185185874,0.03664659088387112
0.99,G1,R_mid,200.0,0.8586462598887951,0.0007974572383911869,0.028239285373238235,0.00035327560265714924,0.0014673756194154889,0.00044418163573403766,0.021075617090231015,0.0,1.0,1.0,2.957231764306276,14,posthoc retained-member spread; corrected field removes a plug-in estimate of expected member-MC contribution; min-max is descriptive only and is not an uncertainty interval,1.0,0.8207407407407408,0.8586462598887957,0.82,0.18000000000000005,0.0007407407407408195,0.038646259888795775
0.99,G1,R_mid,205.0,0.8761391131245686,0.0007077164081227571,0.02660293983985148,0.00030067587864054463,0.0014673756194154889,0.0004070405294822125,0.02017524546274995,0.0,1.0,1.0,2.957231764306276,14,posthoc retained-member spread; corrected field removes a plug-in estimate of expected member-MC contribution; min-max is descriptive only and is not an uncertainty interval,1.0,0.8433333333333333,0.8761391131245693,0.815,0.18500000000000005,0.02833333333333332,0.06113911312456932
0.99,G1,R_mid,210.0,0.8721359212546679,0.0006544571968940952,0.02558236105003006,0.0003177869369932869,0.0014673756194154889,0.0003366702599008083,0.01834857650884145,0.0,1.0,1.0,2.957231764306276,14,posthoc retained-member spread; corrected field removes a plug-in estimate of expected member-MC contribution; min-max is descriptive only and is not an uncertainty interval,1.0,0.8366666666666668,0.8721359212546684,0.815,0.18500000000000005,0.021666666666666834,0.05713592125466849
0.99,G1,R_mid,215.0,0.8671355702189814,0.0006632600225143663,0.02575383510303594,0.00032240443648218236,0.0014673756194154889,0.0003408555860321839,0.018462274671128254,0.0,1.0,1.0,2.957231764306276,14,posthoc retained-member spread; corrected field removes a plug-in estimate of expected member-MC contribution; min-max is descriptive only and is not an uncertainty interval,1.0,0.8355555555555556,0.867135570218982,0.815,0.18500000000000005,0.02055555555555566,0.052135570218982075
0.99,G1,R_mid,220.0,0.8616352113022346,0.0006884950852152694,0.026239189873455877,0.00032732583402703813,0.0014673756194154889,0.0003611692511882313,0.01900445345670933,0.0,1.0,1.0,2.957231764306276,14,posthoc retained-member spread; corrected field removes a plug-in estimate of expected member-MC contribution; min-max is descriptive only and is not an uncertainty interval,1.0,0.8337037037037037,0.8616352113022354,0.81,0.18999999999999995,0.02370370370370367,0.05163521130223536
0.99,G1,R_mid,225.0,0.876637485371373,0.0006427727696831823,0.02535296372582863,0.00031549010383263496,0.0014673756194154889,0.00032728266585054736,0.018090955360360254,0.0,1.0,1.0,2.957231764306276,14,posthoc retained-member spread; corrected field removes a plug-in estimate of expected member-MC contribution; min-max is descriptive only and is not an uncertainty interval,1.0,0.8618518518518519,0.8766374853713736,0.825,0.17500000000000004,0.03685185185185191,0.05163748537137369
0.99,G1,R_mid,230.0,0.8721359384801108,0.000674167226299466,0.025964730429940266,0.00031829386828433715,0.0014673756194154889,0.0003558733580151288,0.018864605959710075,0.0,1.0,1.0,2.957231764306276,14,posthoc retained-member spread; corrected field removes a plug-in estimate of expected member-MC contribution; min-max is descriptive only and is not an uncertainty interval,1.0,0.8551851851851853,0.8721359384801115,0.825,0.17500000000000004,0.030185185185185315,0.04713593848011155
0.99,G1,R_mid,235.0,0.866634983436861,0.0007267612971620021,0.026958510662905732,0.0003227294895319374,0.0014673756194154889,0.00040403180763006467,0.020100542471039547,0.0,1.0,1.0,2.957231764306276,14,posthoc retained-member spread; corrected field removes a plug-in estimate of expected member-MC contribution; min-max is descriptive only and is not an uncertainty interval,1.0,0.8492592592592594,0.8666349834368614,0.82,0.18000000000000005,0.02925925925925943,0.046634983436861455
0.99,G1,R_mid,240.0,0.8646349576544354,0.0007198956367091739,0.026830870964416602,0.00032452982507485,0.0014673756194154889,0.0003953658116343239,0.019883807775029506,0.0,1.0,1.0,2.957231764306276,14,posthoc retained-member spread; corrected field removes a plug-in estimate of expected member-MC contribution; min-max is descriptive only and is not an uncertainty interval,1.0,0.8414814814814816,0.8646349576544361,0.82,0.18000000000000005,0.021481481481481657,0.04463495765443615
0.99,G2,R_stress,60.0,0.705076800319822,0.0010529259223526846,0.032448820045614675,0.0008341954341947701,0.0014673756194154889,0.00021873048815791447,0.014789539822385093,0.0,1.0,1.0,2.957231764306276,14,posthoc retained-member spread; corrected field removes a plug-in estimate of expected member-MC contribution; min-max is descriptive only and is not an uncertainty interval,1.0,0.709259259259259,0.7050768003198223,0.655,0.345,0.05425925925925901,0.05007680031982231
0.99,G2,R_stress,65.0,0.7416227781448399,0.001167557672813954,0.0341695430583137,0.0007874693747982466,0.0014673756194154889,0.00038008829801570727,0.019495853354385573,0.0,1.0,1.0,2.957231764306276,14,posthoc retained-member spread; corrected field removes a plug-in estimate of expected member-MC contribution; min-max is descriptive only and is not an uncertainty interval,1.0,0.7577777777777778,0.7416227781448403,0.685,0.31499999999999995,0.07277777777777772,0.05662277814484029
0.99,G2,R_stress,70.0,0.7211189204694429,0.001218128535447326,0.03490169817426261,0.0008504017958267647,0.0014673756194154889,0.00036772673962056127,0.01917620242958864,0.0,1.0,1.0,2.957231764306276,14,posthoc retained-member spread; corrected field removes a plug-in estimate of expected member-MC contribution; min-max is descriptive only and is not an uncertainty interval,1.0,0.74,0.7211189204694436,0.675,0.32499999999999996,0.06499999999999995,0.04611892046944355
0.99,G2,R_stress,75.0,0.6946242954821493,0.0011368325006939665,0.033716946787839,0.0008880085708526369,0.0014673756194154889,0.0002488239298413296,0.015774153855003747,0.0,1.0,1.0,2.957231764306276,14,posthoc retained-member spread; corrected field removes a plug-in estimate of expected member-MC contribution; min-max is descriptive only and is not an uncertainty interval,1.0,0.7214814814814814,0.6946242954821498,0.675,0.32499999999999996,0.046481481481481346,0.019624295482149723
0.99,G2,R_stress,80.0,0.6741196772507955,0.0011231155437620328,0.033512916073687664,0.0009202666627288317,0.0014673756194154889,0.0002028488810332012,0.014242502625353495,0.0,1.0,1.0,2.957231764306276,14,posthoc retained-member spread; corrected field removes a plug-in estimate of expected member-MC contribution; min-max is descriptive only and is not an uncertainty interval,1.0,0.7003703703703704,0.674119677250796,0.66,0.33999999999999997,0.04037037037037039,0.014119677250795992
0.99,G2,R_stress,85.0,0.7066338308714991,0.0009894733849646908,0.031455895869688576,0.0008554505149293101,0.0014673756194154889,0.00013402287003538068,0.011576824695717762,0.0,1.0,1.0,2.957231764306276,14,posthoc retained-member spread; corrected field removes a plug-in estimate of expected member-MC contribution; min-max is descriptive only and is not an uncertainty interval,1.0,0.7262962962962963,0.7066338308714997,0.715,0.28500000000000003,0.01129629629629636,0.0083661691285003
0.99,G2,R_stress,90.0,0.6856282962147946,0.0009246902215077101,0.030408719497994487,0.0008973416696924417,0.0014673756194154889,2.7348551815268457e-05,0.005229584287041223,0.0,1.0,1.0,2.957231764306276,14,posthoc retained-member spread; corrected field removes a plug-in estimate of expected member-MC contribution; min-max is descriptive only and is not an uncertainty interval,1.0,0.7096296296296297,0.6856282962147953,0.71,0.29000000000000004,0.00037037037037024323,0.0243717037852047
0.99,G2,R_stress,95.0,0.6631373294459078,0.0009595506473122821,0.030976614523092773,0.0009071147169597585,0.0014673756194154889,5.2435930352523626e-05,0.007241265797671263,0.0,1.0,1.0,2.957231764306276,14,posthoc retained-member spread; corrected field removes a plug-in estimate of expected member-MC contribution; min-max is descriptive only and is not an uncertainty interval,1.0,0.682962962962963,0.6631373294459083,0.685,0.31499999999999995,0.0020370370370370594,0.021862670554091745
0.99,G2,R_stress,100.0,0.6401308719461157,0.0010403616333053579,0.0322546373922473,0.0009314604794776123,0.0014673756194154889,0.00010890115382774558,0.010435571562101693,0.0,1.0,1.0,2.957231764306276,14,posthoc retained-member spread; corrected field removes a plug-in estimate of expected member-MC contribution; min-max is descriptive only and is not an uncertainty interval,1.0,0.6685185185185185,0.6401308719461161,0.68,0.31999999999999995,0.011481481481481537,0.039869128053883984
0.99,G2,R_stress,105.0,0.6771950021030924,0.0006672725264615759,0.025831618734829143,0.000867325800317475,0.0014673756194154889,0.0,0.0,0.0,1.0,1.0,2.957231764306276,14,posthoc retained-member spread; corrected field removes a plug-in estimate of expected member-MC contribution; min-max is descriptive only and is not an uncertainty interval,1.0,0.6870370370370369,0.6771950021030929,0.69,0.31000000000000005,0.002962962962963056,0.012804997896907033
0.99,G2,R_stress,110.0,0.6631941710807422,0.000837057323620941,0.028931942963115024,0.0008877045985844406,0.0014673756194154889,0.0,0.0,0.0,1.0,1.0,2.957231764306276,14,posthoc retained-member spread; corrected field removes a plug-in estimate of expected member-MC contribution; min-max is descriptive only and is not an uncertainty interval,1.0,0.6774074074074073,0.6631941710807429,0.685,0.31499999999999995,0.007592592592592706,0.021805828919257197
0.99,G2,R_stress,115.0,0.6486455771370917,0.001031278371549906,0.032113523188057484,0.0008950195627840562,0.0014673756194154889,0.00013625880876584975,0.011672994849902477,0.0,1.0,1.0,2.957231764306276,14,posthoc retained-member spread; corrected field removes a plug-in estimate of expected member-MC contribution; min-max is descriptive only and is not an uncertainty interval,1.0,0.6566666666666667,0.6486455771370924,0.67,0.32999999999999996,0.013333333333333308,0.021354422862907674
0.99,G2,R_stress,120.0,0.6296372775689761,0.001148048000721263,0.03388285703303756,0.0009034151316590032,0.0014673756194154889,0.0002446328690622597,0.015640743878161924,0.0,1.0,1.0,2.957231764306276,14,posthoc retained-member spread; corrected field removes a plug-in estimate of expected member-MC contribution; min-max is descriptive only and is not an uncertainty interval,1.0,0.6566666666666667,0.6296372775689766,0.645,0.355,0.011666666666666714,0.015362722431023434
0.99,G2,R_stress,125.0,0.6577329301138574,0.0015722508207839123,0.03965161813575724,0.0008118688805372153,0.0014673756194154889,0.000760381940246697,0.027575023848524536,0.0,1.0,1.0,2.957231764306276,14,posthoc retained-member spread; corrected field removes a plug-in estimate of expected member-MC contribution; min-max is descriptive only and is not an uncertainty interval,1.0,0.6785185185185185,0.6577329301138576,0.69,0.31000000000000005,0.011481481481481426,0.03226706988614236
0.99,G2,R_stress,130.0,0.6452293550081077,0.0018059818128940393,0.04249684474045149,0.0008159879084154068,0.0014673756194154889,0.0009899939044786324,0.03146416858076235,0.0,1.0,1.0,2.957231764306276,14,posthoc retained-member spread; corrected field removes a plug-in estimate of expected member-MC contribution; min-max is descriptive only and is not an uncertainty interval,1.0,0.6707407407407407,0.6452293550081081,0.675,0.32499999999999996,0.004259259259259296,0.02977064499189197
0.99,G2,R_stress,135.0,0.6342290433624376,0.001769357163029272,0.04206372740294507,0.0008350016638243147,0.0014673756194154889,0.0009343554992049573,0.03056722917120486,0.0,1.0,1.0,2.957231764306276,14,posthoc retained-member spread; corrected field removes a plug-in estimate of expected member-MC contribution; min-max is descriptive only and is not an uncertainty interval,1.0,0.6585185185185184,0.634229043362438,0.665,0.33499999999999996,0.0064814814814816435,0.03077095663756202
0.99,G2,R_stress,140.0,0.6162142783932185,0.0017507047150825104,0.04184142343518574,0.000846405390551343,0.0014673756194154889,0.0009042993245311674,0.03007157003768123,0.0,1.0,1.0,2.957231764306276,14,posthoc retained-member spread; corrected field removes a plug-in estimate of expected member-MC contribution; min-max is descriptive only and is not an uncertainty interval,1.0,0.6474074074074073,0.616214278393219,0.66,0.33999999999999997,0.01259259259259271,0.04378572160678107
0.99,G2,R_stress,145.0,0.6512884552815326,0.0018317577309753094,0.04279903890247198,0.0007263496960965702,0.0014673756194154889,0.0011054080348787392,0.033247677135083274,0.0,1.0,1.0,2.957231764306276,14,posthoc retained-member spread; corrected field removes a plug-in estimate of expected member-MC contribution; min-max is descriptive only and is not an uncertainty interval,1.0,0.671851851851852,0.6512884552815329,0.66,0.33999999999999997,0.011851851851852002,0.008711544718467135
0.99,G2,R_stress,150.0,0.6397143208102037,0.0011862272720501777,0.034441650251551215,0.0008651807778952768,0.0014673756194154889,0.0003210464941549009,0.01791777034552293,0.0,1.0,1.0,2.957231764306276,14,posthoc retained-member spread; corrected field removes a plug-in estimate of expected member-MC contribution; min-max is descriptive only and is not an uncertainty interval,1.0,0.6562962962962963,0.6397143208102042,0.645,0.355,0.011296296296296249,0.005285679189795833
0.99,G2,R_stress,155.0,0.630214512196924,0.0013458124019712198,0.03668531589030166,0.0008681903008499553,0.0014673756194154889,0.0004776221011212645,0.02185456705407967,0.0,1.0,1.0,2.957231764306276,14,posthoc retained-member spread; corrected field removes a plug-in estimate of expected member-MC contribution; min-max is descriptive only and is not an uncertainty interval,1.0,0.632962962962963,0.6302145121969244,0.63,0.37,0.002962962962962945,0.00021451219692436574
0.99,G2,R_stress,160.0,0.6177104891535753,0.0013018063336478476,0.036080553399966686,0.0008709472692068421,0.0014673756194154889,0.0004308590644410055,0.020757144900997476,0.0,1.0,1.0,2.957231764306276,14,posthoc retained-member spread; corrected field removes a plug-in estimate of expected member-MC contribution; min-max is descriptive only and is not an uncertainty interval,1.0,0.6218518518518518,0.6177104891535757,0.615,0.385,0.006851851851851776,0.002710489153575746
0.99,G2,R_stress,165.0,0.6477429302894264,0.001216574612938686,0.03487942965328828,0.0008036064226860077,0.0014673756194154889,0.0004129681902526782,0.020321618790162317,0.0,1.0,1.0,2.957231764306276,14,posthoc retained-member spread; corrected field removes a plug-in estimate of expected member-MC contribution; min-max is descriptive only and is not an uncertainty interval,1.0,0.6255555555555555,0.6477429302894269,0.645,0.355,0.019444444444444486,0.002742930289426848
0.99,G2,R_stress,170.0,0.6337060388462588,0.0011582755983457144,0.034033448228848545,0.0008507930766227474,0.0014673756194154889,0.000307482521722967,0.017535179546356718,0.0,1.0,1.0,2.957231764306276,14,posthoc retained-member spread; corrected field removes a plug-in estimate of expected member-MC contribution; min-max is descriptive only and is not an uncertainty interval,1.0,0.6222222222222221,0.633706038846259,0.63,0.37,0.007777777777777883,0.0037060388462589744
0.99,G2,R_stress,175.0,0.6231931517633772,0.0010881671168904053,0.03298737814513917,0.0008673738052761146,0.0014673756194154889,0.00022079331161429063,0.014859115438487266,0.0,1.0,1.0,2.957231764306276,14,posthoc retained-member spread; corrected field removes a plug-in estimate of expected member-MC contribution; min-max is descriptive only and is not an uncertainty interval,1.0,0.6185185185185186,0.6231931517633776,0.62,0.38,0.001481481481481417,0.003193151763377644
0.99,G2,R_stress,180.0,0.6141792086232232,0.0009310695791766965,0.030513432766188345,0.000885327454026133,0.0014673756194154889,4.574212515056351e-05,0.0067632924785612746,0.0,1.0,1.0,2.957231764306276,14,posthoc retained-member spread; corrected field removes a plug-in estimate of expected member-MC contribution; min-max is descriptive only and is not an uncertainty interval,1.0,0.6096296296296296,0.6141792086232235,0.605,0.395,0.00462962962962965,0.009179208623223523
0.99,G2,R_stress,185.0,0.6331352568261055,0.0011236318587922592,0.03352061841303437,0.0008463118349576472,0.0014673756194154889,0.0002773200238346121,0.01665292838616116,0.0,1.0,1.0,2.957231764306276,14,posthoc retained-member spread; corrected field removes a plug-in estimate of expected member-MC contribution; min-max is descriptive only and is not an uncertainty interval,1.0,0.6251851851851852,0.6331352568261059,0.63,0.37,0.004814814814814827,0.0031352568261059366
0.99,G2,R_stress,190.0,0.6206321308434191,0.001224548907040549,0.034993555221505414,0.0008493215553917205,0.0014673756194154889,0.00037522735164882855,0.019370786035905422,0.0,1.0,1.0,2.957231764306276,14,posthoc retained-member spread; corrected field removes a plug-in estimate of expected member-MC contribution; min-max is descriptive only and is not an uncertainty interval,1.0,0.6185185185185185,0.6206321308434195,0.625,0.375,0.0064814814814815325,0.004367869156580495
0.99,G2,R_stress,195.0,0.606631359981752,0.0012883066424053413,0.035892988763898466,0.0008529600714901095,0.0014673756194154889,0.00043534657091523184,0.020864960362177346,0.0,1.0,1.0,2.957231764306276,14,posthoc retained-member spread; corrected field removes a plug-in estimate of expected member-MC contribution; min-max is descriptive only and is not an uncertainty interval,1.0,0.61,0.6066313599817524,0.59,0.41000000000000003,0.020000000000000018,0.01663135998175247
0.99,G2,R_stress,200.0,0.6001156736092017,0.0011084674283650914,0.03329365447596721,0.0008728976639927877,0.0014673756194154889,0.00023556976437230366,0.015348282130984681,0.0,1.0,1.0,2.957231764306276,14,posthoc retained-member spread; corrected field removes a plug-in estimate of expected member-MC contribution; min-max is descriptive only and is not an uncertainty interval,1.0,0.5977777777777779,0.6001156736092021,0.57,0.43000000000000005,0.0277777777777779,0.030115673609202198
0.99,G2,R_stress,205.0,0.6231527766220853,0.0012934732070906045,0.03596488853160266,0.0008427771749944115,0.0014673756194154889,0.000450696032096193,0.02122960273053156,0.0,1.0,1.0,2.957231764306276,14,posthoc retained-member spread; corrected field removes a plug-in estimate of expected member-MC contribution; min-max is descriptive only and is not an uncertainty interval,1.0,0.6337037037037037,0.6231527766220859,0.61,0.39,0.02370370370370367,0.013152776622085915
0.99,G2,R_stress,210.0,0.6151511917888467,0.0013611451770669351,0.036893701048646976,0.0008446922258952864,0.0014673756194154889,0.0005164529511716487,0.022725601227946614,0.0,1.0,1.0,2.957231764306276,14,posthoc retained-member spread; corrected field removes a plug-in estimate of expected member-MC contribution; min-max is descriptive only and is not an uncertainty interval,1.0,0.6218518518518518,0.6151511917888473,0.605,0.395,0.016851851851851785,0.01015119178884727
0.99,G2,R_stress,215.0,0.6006495332109004,0.001489785169365382,0.03859773528803707,0.0008481380501409128,0.0014673756194154889,0.0006416471192244691,0.02533075441483078,0.0,1.0,1.0,2.957231764306276,14,posthoc retained-member spread; corrected field removes a plug-in estimate of expected member-MC contribution; min-max is descriptive only and is not an uncertainty interval,1.0,0.6148148148148148,0.600649533210901,0.59,0.41000000000000003,0.024814814814814845,0.010649533210901008
0.99,G2,R_stress,220.0,0.5916462854976576,0.0014483505543452435,0.03805720108396364,0.0008571528116531262,0.0014673756194154889,0.0005911977426921172,0.024314558245876423,0.0,1.0,1.0,2.957231764306276,14,posthoc retained-member spread; corrected field removes a plug-in estimate of expected member-MC contribution; min-max is descriptive only and is not an uncertainty interval,1.0,0.6114814814814814,0.5916462854976582,0.57,0.43000000000000005,0.04148148148148145,0.021646285497658235
0.99,G2,R_stress,225.0,0.6151798854417554,0.0014246815280497965,0.03774495367661479,0.0008147004968485884,0.0014673756194154889,0.0006099810312012081,0.024697794055364704,0.0,1.0,1.0,2.957231764306276,14,posthoc retained-member spread; corrected field removes a plug-in estimate of expected member-MC contribution; min-max is descriptive only and is not an uncertainty interval,1.0,0.6370370370370372,0.615179885441756,0.6,0.4,0.0370370370370372,0.01517988544175597
0.99,G2,R_stress,230.0,0.6046776765603423,0.0015276736769921574,0.039085466314119334,0.0008169690799760173,0.0014673756194154889,0.0007107045970161401,0.026659043437755603,0.0,1.0,1.0,2.957231764306276,14,posthoc retained-member spread; corrected field removes a plug-in estimate of expected member-MC contribution; min-max is descriptive only and is not an uncertainty interval,1.0,0.6288888888888887,0.6046776765603429,0.585,0.41500000000000004,0.043888888888888755,0.019677676560342916
0.99,G2,R_stress,235.0,0.5901685393774752,0.0015743917462472986,0.03967860564898039,0.0008285727468594779,0.0014673756194154889,0.0007458189993878207,0.027309686914862658,0.0,1.0,1.0,2.957231764306276,14,posthoc retained-member spread; corrected field removes a plug-in estimate of expected member-MC contribution; min-max is descriptive only and is not an uncertainty interval,1.0,0.6211111111111111,0.5901685393774757,0.57,0.43000000000000005,0.05111111111111111,0.020168539377475758
0.99,G2,R_stress,240.0,0.5791643745629589,0.0016613454458807551,0.04075960556581424,0.0008335444057501716,0.0014673756194154889,0.0008278010401305835,0.028771531765454956,0.0,1.0,1.0,2.957231764306276,14,posthoc retained-member spread; corrected field removes a plug-in estimate of expected member-MC contribution; min-max is descriptive only and is not an uncertainty interval,1.0,0.6077777777777778,0.5791643745629595,0.565,0.43500000000000005,0.0427777777777778,0.014164374562959603
0.995,G0,R_easy,60.0,0.9829927829475044,2.850391673649307e-05,0.005338905949395725,3.0635444358660105e-05,0.0014673756194154889,0.0,0.0,0.967741935483871,1.0,0.032258064516129004,2.957231764306276,14,posthoc retained-member spread; corrected field removes a plug-in estimate of expected member-MC contribution; min-max is descriptive only and is not an uncertainty interval,1.0,0.9366666666666666,0.982992782947505,0.975,0.025000000000000022,0.03833333333333333,0.00799278294750505
0.995,G0,R_easy,65.0,0.9819924719930399,3.2066562602929224e-05,0.00566273455169225,3.146417563824662e-05,0.0014673756194154889,6.023869646826062e-07,0.0007761359189488695,0.967741935483871,1.0,0.032258064516129004,2.957231764306276,14,posthoc retained-member spread; corrected field removes a plug-in estimate of expected member-MC contribution; min-max is descriptive only and is not an uncertainty interval,1.0,0.9322222222222222,0.9819924719930404,0.975,0.025000000000000022,0.0427777777777778,0.006992471993040428
0.995,G0,R_easy,70.0,0.9811983458377813,0.0003194500945979957,0.0178731668877677,3.1755843493794095e-05,0.0014673756194154889,0.00028769425110420163,0.01696155214313247,0.0,1.0,1.0,2.957231764306276,14,posthoc retained-member spread; corrected field removes a plug-in estimate of expected member-MC contribution; min-max is descriptive only and is not an uncertainty interval,1.0,0.9288888888888888,0.981198345837782,0.97,0.030000000000000027,0.04111111111111121,0.011198345837782009
0.995,G0,R_easy,75.0,0.9786977217896069,0.0003241731788407024,0.018004809880715275,3.415978057105325e-05,0.0014673756194154889,0.0002900133982696492,0.017029779748125022,0.0,1.0,1.0,2.957231764306276,14,posthoc retained-member spread; corrected field removes a plug-in estimate of expected member-MC contribution; min-max is descriptive only and is not an uncertainty interval,1.0,0.9222222222222224,0.9786977217896076,0.97,0.030000000000000027,0.047777777777777586,0.008697721789607593
0.995,G0,R_easy,80.0,0.9756976802450614,0.00031876147668339857,0.017853892479887924,3.756244974044561e-05,0.0014673756194154889,0.00028119902694295296,0.01676899003944343,0.0,1.0,1.0,2.957231764306276,14,posthoc retained-member spread; corrected field removes a plug-in estimate of expected member-MC contribution; min-max is descriptive only and is not an uncertainty interval,1.0,0.9155555555555556,0.975697680245062,0.97,0.030000000000000027,0.054444444444444406,0.005697680245062009
0.995,G0,R_easy,85.0,0.9826995502503393,0.00030766991252778315,0.017540522014118713,3.1119693939031215e-05,0.0014673756194154889,0.00027655021858875194,0.016629799114503817,0.0,1.0,1.0,2.957231764306276,14,posthoc retained-member spread; corrected field removes a plug-in estimate of expected member-MC contribution; min-max is descriptive only and is not an uncertainty interval,1.0,0.9433333333333332,0.9826995502503396,0.97,0.030000000000000027,0.026666666666666727,0.012699550250339642
0.995,G0,R_easy,90.0,0.9821992471769347,0.0003095649036328522,0.01759445661658388,3.141339905550227e-05,0.0014673756194154889,0.00027815150457734993,0.016677874702052117,0.0,1.0,1.0,2.957231764306276,14,posthoc retained-member spread; corrected field removes a plug-in estimate of expected member-MC contribution; min-max is descriptive only and is not an uncertainty interval,1.0,0.9433333333333332,0.9821992471769352,0.965,0.03500000000000003,0.021666666666666723,0.017199247176935217
0.995,G0,R_easy,95.0,0.9816992392958748,0.0003116430041006606,0.017653413383837715,3.194620749698637e-05,0.0014673756194154889,0.0002796967966036742,0.016724138142328118,0.0,1.0,1.0,2.957231764306276,14,posthoc retained-member spread; corrected field removes a plug-in estimate of expected member-MC contribution; min-max is descriptive only and is not an uncertainty interval,1.0,0.94,0.9816992392958754,0.965,0.03500000000000003,0.025000000000000022,0.016699239295875468
0.995,G0,R_easy,100.0,0.9811995323489737,0.00030454693309274835,0.01745127310807863,3.2944619140175586e-05,0.0014673756194154889,0.0002716023139525728,0.016480361463043606,0.0,1.0,1.0,2.957231764306276,14,posthoc retained-member spread; corrected field removes a plug-in estimate of expected member-MC contribution; min-max is descriptive only and is not an uncertainty interval,1.0,0.9333333333333332,0.9811995323489744,0.965,0.03500000000000003,0.03166666666666673,0.01619953234897442
0.995,G0,R_easy,105.0,0.9802001184551714,0.00029648566257338193,0.017218759031166618,3.4925842244629355e-05,0.0014673756194154889,0.0002615598203287526,0.016172811144904667,0.0,1.0,1.0,2.957231764306276,14,posthoc retained-member spread; corrected field removes a plug-in estimate of expected member-MC contribution; min-max is descriptive only and is not an uncertainty interval,1.0,0.9266666666666666,0.9802001184551722,0.965,0.03500000000000003,0.03833333333333333,0.015200118455172218
0.995,G0,R_easy,110.0,0.9787006966803093,0.00029728872931145036,0.01724206279165722,3.741728560021051e-05,0.0014673756194154889,0.00025987144371123985,0.016120528642424845,0.0,1.0,1.0,2.957231764306276,14,posthoc retained-member spread; corrected field removes a plug-in estimate of expected member-MC contribution; min-max is descriptive only and is not an uncertainty interval,1.0,0.9233333333333332,0.97870069668031,0.965,0.03500000000000003,0.04166666666666674,0.013700696680310043
0.995,G0,R_easy,115.0,0.978200393606905,0.00029629422756172414,0.017213199225063425,3.771031162970707e-05,0.0014673756194154889,0.0002585839159320171,0.01608054464040373,0.0,1.0,1.0,2.957231764306276,14,posthoc retained-member spread; corrected field removes a plug-in estimate of expected member-MC contribution; min-max is descriptive only and is not an uncertainty interval,1.0,0.91,0.9782003936069056,0.965,0.03500000000000003,0.05499999999999994,0.013200393606905614
0.995,G0,R_easy,120.0,0.9777000905335005,0.0002959109040890474,0.017202061041894003,3.800265857222913e-05,0.0014673756194154889,0.0002579082455168183,0.016059521957917,0.0,1.0,1.0,2.957231764306276,14,posthoc retained-member spread; corrected field removes a plug-in estimate of expected member-MC contribution; min-max is descriptive only and is not an uncertainty interval,1.0,0.9066666666666668,0.9777000905335012,0.965,0.03500000000000003,0.058333333333333126,0.012700090533501185
0.995,G0,R_easy,125.0,0.9802010155158338,0.0002976244191398221,0.0172517946643189,3.605975154856151e-05,0.0014673756194154889,0.0002615646675912606,0.016172961002588877,0.0,1.0,1.0,2.957231764306276,14,posthoc retained-member spread; corrected field removes a plug-in estimate of expected member-MC contribution; min-max is descriptive only and is not an uncertainty interval,1.0,0.93,0.9802010155158344,0.965,0.03500000000000003,0.03499999999999992,0.015201015515834415
0.995,G0,R_easy,130.0,0.9797010076347739,0.00029770425645016246,0.01725410839337004,3.6592559990045604e-05,0.0014673756194154889,0.00026111169646011686,0.016158950970286308,0.0,1.0,1.0,2.957231764306276,14,posthoc retained-member spread; corrected field removes a plug-in estimate of expected member-MC contribution; min-max is descriptive only and is not an uncertainty interval,1.0,0.9288888888888888,0.9797010076347744,0.96,0.040000000000000036,0.0311111111111112,0.019701007634774448
0.995,G0,R_easy,135.0,0.9792009997537139,0.00029889440933822636,0.01728856296336472,3.712358048373945e-05,0.0014673756194154889,0.0002617708288544869,0.01617933338720996,0.0,1.0,1.0,2.957231764306276,14,posthoc retained-member spread; corrected field removes a plug-in estimate of expected member-MC contribution; min-max is descriptive only and is not an uncertainty interval,1.0,0.9288888888888888,0.9792009997537146,0.96,0.040000000000000036,0.0311111111111112,0.019200999753714587
0.995,G0,R_easy,140.0,0.9777012770446929,0.0003067285753730241,0.017513668244346303,3.91526689677377e-05,0.0014673756194154889,0.0002675759064052864,0.01635774759572009,0.0,1.0,1.0,2.957231764306276,14,posthoc retained-member spread; corrected field removes a plug-in estimate of expected member-MC contribution; min-max is descriptive only and is not an uncertainty interval,1.0,0.9255555555555556,0.9777012770446936,0.96,0.040000000000000036,0.03444444444444439,0.017701277044693597
0.995,G0,R_easy,145.0,0.9752003520623596,0.0003053943942584382,0.01747553702346335,4.108127240908353e-05,0.0014673756194154889,0.0002643131218493547,0.016257709612653153,0.0,1.0,1.0,2.957231764306276,14,posthoc retained-member spread; corrected field removes a plug-in estimate of expected member-MC contribution; min-max is descriptive only and is not an uncertainty interval,1.0,0.9222222222222222,0.9752003520623602,0.955,0.04500000000000004,0.032777777777777795,0.02020035206236026
0.995,G0,R_easy,150.0,0.9752003520623596,0.0003053943942584382,0.01747553702346335,4.108127240908353e-05,0.0014673756194154889,0.0002643131218493547,0.016257709612653153,0.0,1.0,1.0,2.957231764306276,14,posthoc retained-member spread; corrected field removes a plug-in estimate of expected member-MC contribution; min-max is descriptive only and is not an uncertainty interval,1.0,0.9188888888888888,0.9752003520623602,0.945,0.05500000000000005,0.026111111111111196,0.03020035206236027
0.995,G0,R_easy,155.0,0.9737006350951529,0.00030749875589588486,0.017535642443203638,4.330216276266862e-05,0.0014673756194154889,0.0002641965931332162,0.016254125418896467,0.0,1.0,1.0,2.957231764306276,14,posthoc retained-member spread; corrected field removes a plug-in estimate of expected member-MC contribution; min-max is descriptive only and is not an uncertainty interval,1.0,0.9188888888888888,0.9737006350951536,0.945,0.05500000000000005,0.026111111111111196,0.028700635095153637
0.995,G0,R_easy,160.0,0.9727003241406886,0.0003075775471227722,0.01753788890154035,4.411523228598441e-05,0.0014673756194154889,0.0002634623148367878,0.016231522258765126,0.0,1.0,1.0,2.957231764306276,14,posthoc retained-member spread; corrected field removes a plug-in estimate of expected member-MC contribution; min-max is descriptive only and is not an uncertainty interval,1.0,0.9122222222222222,0.9727003241406892,0.945,0.05500000000000005,0.032777777777777795,0.027700324140689236
0.995,G0,R_easy,165.0,0.9762015543356721,0.00031904876825750096,0.017861936296423773,4.116940559993344e-05,0.0014673756194154889,0.0002778793626575675,0.016669713934485124,0.0,1.0,1.0,2.957231764306276,14,posthoc retained-member spread; corrected field removes a plug-in estimate of expected member-MC contribution; min-max is descriptive only and is not an uncertainty interval,1.0,0.9333333333333332,0.9762015543356726,0.95,0.050000000000000044,0.01666666666666672,0.026201554335672617
0.995,G0,R_easy,170.0,0.9757018473887709,0.00032425949980062263,0.01800720688503974,4.2131416818631456e-05,0.0014673756194154889,0.00028212808298199116,0.016796668806105308,0.0,1.0,1.0,2.957231764306276,14,posthoc retained-member spread; corrected field removes a plug-in estimate of expected member-MC contribution; min-max is descriptive only and is not an uncertainty interval,1.0,0.9333333333333332,0.9757018473887714,0.95,0.050000000000000044,0.01666666666666672,0.02570184738877146
0.995,G0,R_easy,175.0,0.9757018473887709,0.00032425949980062263,0.01800720688503974,4.2131416818631456e-05,0.0014673756194154889,0.00028212808298199116,0.016796668806105308,0.0,1.0,1.0,2.957231764306276,14,posthoc retained-member spread; corrected field removes a plug-in estimate of expected member-MC contribution; min-max is descriptive only and is not an uncertainty interval,1.0,0.9266666666666667,0.9757018473887714,0.95,0.050000000000000044,0.023333333333333206,0.02570184738877146
0.995,G0,R_easy,180.0,0.9752015443153663,0.00031915254640886353,0.017864841068670707,4.242512193510252e-05,0.0014673756194154889,0.000276727424473761,0.016635126223559622,0.0,1.0,1.0,2.957231764306276,14,posthoc retained-member spread; corrected field removes a plug-in estimate of expected member-MC contribution; min-max is descriptive only and is not an uncertainty interval,1.0,0.9233333333333332,0.975201544315367,0.95,0.050000000000000044,0.026666666666666727,0.02520154431536703
0.995,G0,R_easy,185.0,0.9747012412419618,0.0003146567712941541,0.017738567340519755,4.2718147964599076e-05,0.0014673756194154889,0.000271938623329555,0.016490561643848125,0.0,1.0,1.0,2.957231764306276,14,posthoc retained-member spread; corrected field removes a plug-in estimate of expected member-MC contribution; min-max is descriptive only and is not an uncertainty interval,1.0,0.9233333333333332,0.9747012412419626,0.95,0.050000000000000044,0.026666666666666727,0.0247012412419626
0.995,G0,R_easy,190.0,0.974201233360902,0.00031889873568232644,0.01785773601782506,4.324022871934182e-05,0.0014673756194154889,0.00027565850696298464,0.016602966812078637,0.0,1.0,1.0,2.957231764306276,14,posthoc retained-member spread; corrected field removes a plug-in estimate of expected member-MC contribution; min-max is descriptive only and is not an uncertainty interval,1.0,0.9166666666666666,0.9742012333609026,0.95,0.050000000000000044,0.033333333333333326,0.02420123336090263
0.995,G0,R_easy,195.0,0.9732009224064375,0.00031936579689207967,0.017870808512545806,4.405286846881644e-05,0.0014673756194154889,0.00027531292842326323,0.0165925564161543,0.0,1.0,1.0,2.957231764306276,14,posthoc retained-member spread; corrected field removes a plug-in estimate of expected member-MC contribution; min-max is descriptive only and is not an uncertainty interval,1.0,0.9166666666666666,0.9732009224064382,0.95,0.050000000000000044,0.033333333333333326,0.02320092240643823
0.995,G0,R_easy,200.0,0.9727012154595365,0.0003241206930926537,0.018003352273747622,4.500967962687285e-05,0.0014673756194154889,0.00027911101346578086,0.016706615859167315,0.0,1.0,1.0,2.957231764306276,14,posthoc retained-member spread; corrected field removes a plug-in estimate of expected member-MC contribution; min-max is descriptive only and is not an uncertainty interval,1.0,0.9133333333333334,0.9727012154595372,0.945,0.05500000000000005,0.03166666666666651,0.0277012154595373
0.995,G0,R_easy,205.0,0.9752015500571807,0.0003167575545875931,0.01779768396695461,4.262543376979934e-05,0.0014673756194154889,0.00027413212081779377,0.016556935731523323,0.0,1.0,1.0,2.957231764306276,14,posthoc retained-member spread; corrected field removes a plug-in estimate of expected member-MC contribution; min-max is descriptive only and is not an uncertainty interval,1.0,0.9433333333333336,0.9752015500571816,0.945,0.05500000000000005,0.001666666666666372,0.030201550057181614
0.995,G0,R_easy,210.0,0.9741989901165142,0.0003412331005403425,0.018472495785365403,5.7565488784275196e-05,0.0014673756194154889,0.00028366761175606733,0.01684243485236227,0.0,1.0,1.0,2.957231764306276,14,posthoc retained-member spread; corrected field removes a plug-in estimate of expected member-MC contribution; min-max is descriptive only and is not an uncertainty interval,1.0,0.94,0.9741989901165152,0.945,0.05500000000000005,0.0050000000000000044,0.029198990116515278
0.995,G0,R_easy,215.0,0.9731995762227121,0.00035986755804188493,0.018970175487904296,5.9463510918463024e-05,0.0014673756194154889,0.0003004040471234219,0.01733216798682213,0.0,1.0,1.0,2.957231764306276,14,posthoc retained-member spread; corrected field removes a plug-in estimate of expected member-MC contribution; min-max is descriptive only and is not an uncertainty interval,1.0,0.9366666666666666,0.9731995762227128,0.945,0.05500000000000005,0.008333333333333304,0.028199576222712852
0.995,G0,R_easy,220.0,0.9726992731493076,0.00035448038595551576,0.018827649506922412,5.975585786098509e-05,0.0014673756194154889,0.0002947245280945307,0.017167542867123724,0.0,1.0,1.0,2.957231764306276,14,posthoc retained-member spread; corrected field removes a plug-in estimate of expected member-MC contribution; min-max is descriptive only and is not an uncertainty interval,1.0,0.9366666666666666,0.9726992731493084,0.945,0.05500000000000005,0.008333333333333304,0.027699273149308423
0.995,G0,R_easy,225.0,0.9726992731493076,0.00035448038595551576,0.018827649506922412,5.975585786098509e-05,0.0014673756194154889,0.0002947245280945307,0.017167542867123724,0.0,1.0,1.0,2.957231764306276,14,posthoc retained-member spread; corrected field removes a plug-in estimate of expected member-MC contribution; min-max is descriptive only and is not an uncertainty interval,1.0,0.93,0.9726992731493084,0.945,0.05500000000000005,0.014999999999999902,0.027699273149308423
0.995,G0,R_easy,230.0,0.971198659121439,0.0003451685880957345,0.01857871330570916,6.086238318763861e-05,0.0014673756194154889,0.00028430620490809593,0.016861382058066768,0.0,1.0,1.0,2.957231764306276,14,posthoc retained-member spread; corrected field removes a plug-in estimate of expected member-MC contribution; min-max is descriptive only and is not an uncertainty interval,1.0,0.93,0.9711986591214395,0.945,0.05500000000000005,0.014999999999999902,0.026198659121439594
0.995,G0,R_easy,235.0,0.9706983560480344,0.00034111463988127253,0.018469289100592708,6.115269286923718e-05,0.0014673756194154889,0.00027996194701203537,0.01673206344154944,0.0,1.0,1.0,2.957231764306276,14,posthoc retained-member spread; corrected field removes a plug-in estimate of expected member-MC contribution; min-max is descriptive only and is not an uncertainty interval,1.0,0.9266666666666667,0.970698356048035,0.94,0.06000000000000005,0.013333333333333197,0.030698356048035058
0.995,G0,R_easy,240.0,0.9696989421542321,0.0003629240843233667,0.019050566509250234,6.302991476085876e-05,0.0014673756194154889,0.0002998941695625079,0.017317452744630427,0.0,1.0,1.0,2.957231764306276,14,posthoc retained-member spread; corrected field removes a plug-in estimate of expected member-MC contribution; min-max is descriptive only and is not an uncertainty interval,1.0,0.9222222222222222,0.9696989421542328,0.94,0.06000000000000005,0.01777777777777778,0.029698942154232855
0.995,G1,R_mid,60.0,0.9091621700045693,0.0005406373427601424,0.023251609466016378,0.00035755807200618504,0.0014673756194154889,0.00018307927075395734,0.013530678872619708,0.0,1.0,1.0,2.957231764306276,14,posthoc retained-member spread; corrected field removes a plug-in estimate of expected member-MC contribution; min-max is descriptive only and is not an uncertainty interval,1.0,0.8333333333333334,0.90916217000457,0.895,0.10499999999999998,0.06166666666666665,0.014162170004569985
0.995,G1,R_mid,65.0,0.8993060668215039,0.0008256601159895026,0.02873430207938767,0.00038394391369596793,0.0014673756194154889,0.00044171620229353466,0.021017045517710966,0.0,1.0,1.0,2.957231764306276,14,posthoc retained-member spread; corrected field removes a plug-in estimate of expected member-MC contribution; min-max is descriptive only and is not an uncertainty interval,1.0,0.8092592592592595,0.8993060668215046,0.895,0.10499999999999998,0.08574074074074056,0.004306066821504584
0.995,G1,R_mid,70.0,0.8903047786439329,0.0008513805517123169,0.029178426134942866,0.0003920749273979818,0.0014673756194154889,0.0004593056243143351,0.02143141675938236,0.0,1.0,1.0,2.957231764306276,14,posthoc retained-member spread; corrected field removes a plug-in estimate of expected member-MC contribution; min-max is descriptive only and is not an uncertainty interval,1.0,0.794814814814815,0.8903047786439335,0.895,0.10499999999999998,0.10018518518518504,0.004695221356066481
0.995,G1,R_mid,75.0,0.879301510890079,0.0008398516211764442,0.028980193601431378,0.00041517867846522057,0.0014673756194154889,0.00042467294271122366,0.02060759429703583,0.0,1.0,1.0,2.957231764306276,14,posthoc retained-member spread; corrected field removes a plug-in estimate of expected member-MC contribution; min-max is descriptive only and is not an uncertainty interval,1.0,0.7892592592592593,0.8793015108900796,0.895,0.10499999999999998,0.10574074074074069,0.015698489109920444
0.995,G1,R_mid,80.0,0.8707985547666119,0.0007621475651082418,0.02760702021421801,0.0004345522470329352,0.0014673756194154889,0.0003275953180753066,0.018099594417425674,0.0,1.0,1.0,2.957231764306276,14,posthoc retained-member spread; corrected field removes a plug-in estimate of expected member-MC contribution; min-max is descriptive only and is not an uncertainty interval,0.99,0.7751851851851852,0.8707985547666126,0.885,0.10499999999999998,0.10981481481481481,0.0142014452333874
0.995,G1,R_mid,85.0,0.8996396255115539,0.000502677063468714,0.022420460821952655,0.0003679655627884105,0.0014673756194154889,0.0001347115006803035,0.011606528364687846,0.0,1.0,1.0,2.957231764306276,14,posthoc retained-member spread; corrected field removes a plug-in estimate of expected member-MC contribution; min-max is descriptive only and is not an uncertainty interval,1.0,0.8355555555555555,0.8996396255115545,0.9,0.09999999999999998,0.06444444444444453,0.0003603744884455029
0.995,G1,R_mid,90.0,0.8911270479198137,0.0004815329990261096,0.021943860166937577,0.0003933552599201957,0.0014673756194154889,8.817773910591394e-05,0.009390300267079533,0.0,1.0,1.0,2.957231764306276,14,posthoc retained-member spread; corrected field removes a plug-in estimate of expected member-MC contribution; min-max is descriptive only and is not an uncertainty interval,1.0,0.8222222222222222,0.8911270479198143,0.895,0.10499999999999998,0.07277777777777783,0.0038729520801856765
0.995,G1,R_mid,95.0,0.8831257525371053,0.00046069539755503274,0.021463816006363656,0.0003998529620685954,0.0014673756194154889,6.0842435486437355e-05,0.007800156119363084,0.0,1.0,1.0,2.957231764306276,14,posthoc retained-member spread; corrected field removes a plug-in estimate of expected member-MC contribution; min-max is descriptive only and is not an uncertainty interval,1.0,0.8077777777777777,0.8831257525371058,0.885,0.11499999999999999,0.0772222222222223,0.0018742474628942185
0.995,G1,R_mid,100.0,0.87512476383037,0.00044914481729890527,0.02119303700036654,0.00040674330655981637,0.0014673756194154889,4.2401510739088896e-05,0.006511644242362208,0.0,1.0,1.0,2.957231764306276,14,posthoc retained-member spread; corrected field removes a plug-in estimate of expected member-MC contribution; min-max is descriptive only and is not an uncertainty interval,1.0,0.7944444444444444,0.8751247638303705,0.88,0.12,0.0855555555555556,0.004875236169629482
0.995,G1,R_mid,105.0,0.8701250031793724,0.0004333593674551213,0.020817285304648186,0.00041175727008243315,0.0014673756194154889,2.160209737268816e-05,0.004647805651346468,0.0,1.0,1.0,2.957231764306276,14,posthoc retained-member spread; corrected field removes a plug-in estimate of expected member-MC contribution; min-max is descriptive only and is not an uncertainty interval,1.0,0.7799999999999999,0.8701250031793729,0.875,0.125,0.09500000000000008,0.004874996820627087
0.995,G1,R_mid,110.0,0.8661396242464618,0.0004817762241075065,0.021949401452146855,0.0004372361897462944,0.0014673756194154889,4.4540034361212095e-05,0.006673832059709931,0.0,1.0,1.0,2.957231764306276,14,posthoc retained-member spread; corrected field removes a plug-in estimate of expected member-MC contribution; min-max is descriptive only and is not an uncertainty interval,1.0,0.7666666666666665,0.8661396242464625,0.865,0.135,0.0983333333333335,0.0011396242464625228
0.995,G1,R_mid,115.0,0.8611374848312652,0.0005128356636805008,0.02264587520235199,0.0004401457871519009,0.0014673756194154889,7.268987652859983e-05,0.008525835825806162,0.0,1.0,1.0,2.957231764306276,14,posthoc retained-member spread; corrected field removes a plug-in estimate of expected member-MC contribution; min-max is descriptive only and is not an uncertainty interval,1.0,0.7488888888888889,0.8611374848312656,0.865,0.135,0.11611111111111105,0.0038625151687343706
0.995,G1,R_mid,120.0,0.8546330727866867,0.0005299632443979856,0.023020930571937912,0.00045533659054997885,0.0014673756194154889,7.462665384800677e-05,0.008638671995625645,0.0,1.0,1.0,2.957231764306276,14,posthoc retained-member spread; corrected field removes a plug-in estimate of expected member-MC contribution; min-max is descriptive only and is not an uncertainty interval,1.0,0.7455555555555556,0.8546330727866871,0.86,0.14,0.11444444444444435,0.005366927213312889
0.995,G1,R_mid,125.0,0.8721334754025072,0.000509863538547559,0.022580158071801866,0.0004026526294898608,0.0014673756194154889,0.0001072109090576982,0.010354270088118149,0.0,1.0,1.0,2.957231764306276,14,posthoc retained-member spread; corrected field removes a plug-in estimate of expected member-MC contribution; min-max is descriptive only and is not an uncertainty interval,1.0,0.7899999999999999,0.8721334754025077,0.87,0.13,0.08000000000000007,0.002133475402507745
0.995,G1,R_mid,130.0,0.8676343187590728,0.0005184135807407081,0.022768697387876808,0.00040768649533791493,0.0014673756194154889,0.00011072708540279321,0.010522693828235867,0.0,1.0,1.0,2.957231764306276,14,posthoc retained-member spread; corrected field removes a plug-in estimate of expected member-MC contribution; min-max is descriptive only and is not an uncertainty interval,1.0,0.7888888888888889,0.8676343187590735,0.86,0.14,0.07111111111111112,0.0076343187590734995
0.995,G1,R_mid,135.0,0.860133633125742,0.0005274824743923815,0.022966986619763194,0.0004139871589081143,0.0014673756194154889,0.0001134953154842672,0.010653418018845746,0.0,1.0,1.0,2.957231764306276,14,posthoc retained-member spread; corrected field removes a plug-in estimate of expected member-MC contribution; min-max is descriptive only and is not an uncertainty interval,1.0,0.7788888888888889,0.8601336331257428,0.85,0.15000000000000002,0.07111111111111112,0.01013363312574278
0.995,G1,R_mid,140.0,0.8521308560394966,0.0005412809742489369,0.023265445928435092,0.00041887695166653355,0.0014673756194154889,0.0001224040225824034,0.011063635143225005,0.0,1.0,1.0,2.957231764306276,14,posthoc retained-member spread; corrected field removes a plug-in estimate of expected member-MC contribution; min-max is descriptive only and is not an uncertainty interval,1.0,0.7622222222222222,0.8521308560394972,0.845,0.15500000000000003,0.08277777777777773,0.0071308560394972575
0.995,G1,R_mid,145.0,0.8451292812265635,0.0005531833995167921,0.02351985117973309,0.0004237367109902884,0.0014673756194154889,0.00012944668852650368,0.01137746406395132,0.0,1.0,1.0,2.957231764306276,14,posthoc retained-member spread; corrected field removes a plug-in estimate of expected member-MC contribution; min-max is descriptive only and is not an uncertainty interval,1.0,0.7522222222222223,0.8451292812265642,0.82,0.18000000000000005,0.0677777777777776,0.025129281226564215
0.995,G1,R_mid,150.0,0.8396277300568101,0.0006036261292427949,0.024568803984785153,0.00042733374210354117,0.0014673756194154889,0.0001762923871392537,0.013277514343402295,0.0,1.0,1.0,2.957231764306276,14,posthoc retained-member spread; corrected field removes a plug-in estimate of expected member-MC contribution; min-max is descriptive only and is not an uncertainty interval,1.0,0.7422222222222222,0.8396277300568107,0.81,0.18999999999999995,0.06777777777777783,0.02962773005681063
0.995,G1,R_mid,155.0,0.8341264740794013,0.0006384584625332504,0.025267735603596346,0.00043105914696488484,0.0014673756194154889,0.00020739931556836553,0.014401365059200656,0.0,1.0,1.0,2.957231764306276,14,posthoc retained-member spread; corrected field removes a plug-in estimate of expected member-MC contribution; min-max is descriptive only and is not an uncertainty interval,1.0,0.7188888888888889,0.834126474079402,0.81,0.18999999999999995,0.09111111111111114,0.02412647407940194
0.995,G1,R_mid,160.0,0.8286252181019925,0.0006774525406886804,0.026027918485516287,0.00043472321292246826,0.0014673756194154889,0.00024272932776621213,0.015579773033205976,0.0,1.0,1.0,2.957231764306276,14,posthoc retained-member spread; corrected field removes a plug-in estimate of expected member-MC contribution; min-max is descriptive only and is not an uncertainty interval,1.0,0.7033333333333334,0.8286252181019932,0.805,0.19499999999999995,0.10166666666666668,0.02362521810199314
0.995,G1,R_mid,165.0,0.8601461123758132,0.0006289440409379829,0.02507875676619523,0.00036692316821116034,0.0014673756194154889,0.0002620208727268226,0.016187058804082433,0.0,1.0,1.0,2.957231764306276,14,posthoc retained-member spread; corrected field removes a plug-in estimate of expected member-MC contribution; min-max is descriptive only and is not an uncertainty interval,1.0,0.7544444444444445,0.8601461123758138,0.84,0.16000000000000003,0.0855555555555555,0.020146112375813874
0.995,G1,R_mid,170.0,0.8546448506565901,0.0006733330900630586,0.02594866258717506,0.00037071913277067855,0.0014673756194154889,0.00030261395729238005,0.01739580286426528,0.0,1.0,1.0,2.957231764306276,14,posthoc retained-member spread; corrected field removes a plug-in estimate of expected member-MC contribution; min-max is descriptive only and is not an uncertainty interval,1.0,0.7488888888888889,0.8546448506565908,0.84,0.16000000000000003,0.09111111111111103,0.014644850656590824
0.995,G1,R_mid,175.0,0.8511436204616067,0.0007152994349996294,0.02674508244518288,0.000372907010405272,0.0014673756194154889,0.0003423924245943574,0.018503848912979088,0.0,1.0,1.0,2.957231764306276,14,posthoc retained-member spread; corrected field removes a plug-in estimate of expected member-MC contribution; min-max is descriptive only and is not an uncertainty interval,1.0,0.7355555555555556,0.8511436204616075,0.835,0.16500000000000004,0.09944444444444434,0.016143620461607555
0.995,G1,R_mid,180.0,0.8486413435537339,0.0006594504382350247,0.025679767098535467,0.00038734939306147117,0.0014673756194154889,0.0002721010451735535,0.016495485599810438,0.0,1.0,1.0,2.957231764306276,14,posthoc retained-member spread; corrected field removes a plug-in estimate of expected member-MC contribution; min-max is descriptive only and is not an uncertainty interval,1.0,0.7311111111111112,0.8486413435537343,0.825,0.17500000000000004,0.0938888888888888,0.023641343553734373
0.995,G1,R_mid,185.0,0.8456407116244994,0.0006786266205299861,0.026050462961912713,0.0003894746785995208,0.0014673756194154889,0.0002891519419304653,0.017004468293083008,0.0,1.0,1.0,2.957231764306276,14,posthoc retained-member spread; corrected field removes a plug-in estimate of expected member-MC contribution; min-max is descriptive only and is not an uncertainty interval,1.0,0.7311111111111112,0.8456407116245,0.825,0.17500000000000004,0.0938888888888888,0.020640711624500097
0.995,G1,R_mid,190.0,0.8396391468318719,0.0007379876498679497,0.027165928106139676,0.000393317319318021,0.0014673756194154889,0.0003446703305499287,0.018565299096699968,0.0,1.0,1.0,2.957231764306276,14,posthoc retained-member spread; corrected field removes a plug-in estimate of expected member-MC contribution; min-max is descriptive only and is not an uncertainty interval,1.0,0.7255555555555555,0.8396391468318725,0.82,0.18000000000000005,0.09444444444444444,0.01963914683187251
0.995,G1,R_mid,195.0,0.8341387879151252,0.0007376719684953161,0.02716011724008783,0.00039793689184219855,0.0014673756194154889,0.0003397350766531176,0.018431903771806035,0.0,1.0,1.0,2.957231764306276,14,posthoc retained-member spread; corrected field removes a plug-in estimate of expected member-MC contribution; min-max is descriptive only and is not an uncertainty interval,1.0,0.7155555555555556,0.8341387879151259,0.805,0.19499999999999995,0.08944444444444444,0.029138787915125808
0.995,G1,R_mid,200.0,0.8306384547808041,0.0007539075615563247,0.027457377179117542,0.0004008252245966743,0.0014673756194154889,0.0003530823369596504,0.018790485277385745,0.0,1.0,1.0,2.957231764306276,14,posthoc retained-member spread; corrected field removes a plug-in estimate of expected member-MC contribution; min-max is descriptive only and is not an uncertainty interval,1.0,0.7000000000000001,0.8306384547808048,0.8,0.19999999999999996,0.09999999999999998,0.030638454780804736
0.995,G1,R_mid,205.0,0.8481269754585211,0.0006915207286328518,0.02629678171626429,0.00036158568306595676,0.0014673756194154889,0.00032993504556689504,0.018164114224670992,0.0,1.0,1.0,2.957231764306276,14,posthoc retained-member spread; corrected field removes a plug-in estimate of expected member-MC contribution; min-max is descriptive only and is not an uncertainty interval,1.0,0.752962962962963,0.8481269754585217,0.8,0.19999999999999996,0.0470370370370371,0.048126975458521626
0.995,G1,R_mid,210.0,0.8446260404558821,0.000724916566836233,0.02692427467613999,0.0003639054936662428,0.0014673756194154889,0.00036101107316999025,0.01900029139697574,0.0,1.0,1.0,2.957231764306276,14,posthoc retained-member spread; corrected field removes a plug-in estimate of expected member-MC contribution; min-max is descriptive only and is not an uncertainty interval,1.0,0.7407407407407407,0.8446260404558827,0.8,0.19999999999999996,0.059259259259259345,0.0446260404558827
0.995,G1,R_mid,215.0,0.8411257015797468,0.0007377586440956859,0.02716171283434986,0.000366719025190712,0.0014673756194154889,0.0003710396189049739,0.019262388712331966,0.0,1.0,1.0,2.957231764306276,14,posthoc retained-member spread; corrected field removes a plug-in estimate of expected member-MC contribution; min-max is descriptive only and is not an uncertainty interval,1.0,0.7374074074074074,0.8411257015797473,0.8,0.19999999999999996,0.06259259259259264,0.041125701579747265
0.995,G1,R_mid,220.0,0.8346253326426947,0.0007749309355918129,0.027837581353124283,0.0003721827788358108,0.0014673756194154889,0.00040274815675600203,0.02006858631682865,0.0,1.0,1.0,2.957231764306276,14,posthoc retained-member spread; corrected field removes a plug-in estimate of expected member-MC contribution; min-max is descriptive only and is not an uncertainty interval,1.0,0.7333333333333334,0.8346253326426951,0.795,0.20499999999999996,0.06166666666666665,0.03962533264269508
0.995,G1,R_mid,225.0,0.831125294700718,0.0008036400068052233,0.028348545056232133,0.00037519140942812853,0.0014673756194154889,0.00042844859737709473,0.020698999912485982,0.0,1.0,1.0,2.957231764306276,14,posthoc retained-member spread; corrected field removes a plug-in estimate of expected member-MC contribution; min-max is descriptive only and is not an uncertainty interval,1.0,0.7288888888888887,0.8311252947007186,0.795,0.20499999999999996,0.06611111111111134,0.03612529470071857
0.995,G1,R_mid,230.0,0.8271234604981713,0.0008686325864059163,0.029472573460862156,0.0003770977237567758,0.0014673756194154889,0.0004915348626491404,0.022170585527882217,0.0,1.0,1.0,2.957231764306276,14,posthoc retained-member spread; corrected field removes a plug-in estimate of expected member-MC contribution; min-max is descriptive only and is not an uncertainty interval,1.0,0.7211111111111111,0.8271234604981719,0.795,0.20499999999999996,0.07388888888888889,0.03212346049817183
0.995,G1,R_mid,235.0,0.8216222045207626,0.0009295153266573998,0.030487953795842054,0.00038067717199285843,0.0014673756194154889,0.0005488381546645414,0.02342729507784758,0.0,1.0,1.0,2.957231764306276,14,posthoc retained-member spread; corrected field removes a plug-in estimate of expected member-MC contribution; min-max is descriptive only and is not an uncertainty interval,1.0,0.7155555555555556,0.8216222045207631,0.79,0.20999999999999996,0.07444444444444442,0.03162220452076303
0.995,G1,R_mid,240.0,0.8176221586977261,0.0009544089577585058,0.030893509961778472,0.0003839312564241621,0.0014673756194154889,0.0005704777013343437,0.023884675030955385,0.0,1.0,1.0,2.957231764306276,14,posthoc retained-member spread; corrected field removes a plug-in estimate of expected member-MC contribution; min-max is descriptive only and is not an uncertainty interval,1.0,0.7122222222222224,0.8176221586977266,0.785,0.21499999999999997,0.07277777777777761,0.032622158697726555
0.995,G2,R_stress,60.0,0.7294927690888394,0.0012328577342031418,0.03511207390917178,0.0008054440184186196,0.0014673756194154889,0.0004274137157845222,0.020673986451202928,0.0,1.0,1.0,2.957231764306276,14,posthoc retained-member spread; corrected field removes a plug-in estimate of expected member-MC contribution; min-max is descriptive only and is not an uncertainty interval,0.97,0.6662962962962963,0.72949276908884,0.71,0.26,0.04370370370370369,0.019492769088840012
0.995,G2,R_stress,65.0,0.7131365864192521,0.0015294062948051385,0.039107624509871965,0.0008156762832815282,0.0014673756194154889,0.0007137300115236103,0.02671572592170406,0.0,1.0,1.0,2.957231764306276,14,posthoc retained-member spread; corrected field removes a plug-in estimate of expected member-MC contribution; min-max is descriptive only and is not an uncertainty interval,0.97,0.6559259259259259,0.7131365864192526,0.69,0.28,0.034074074074074034,0.023136586419252647
0.995,G2,R_stress,70.0,0.6936327387641607,0.001564652204172151,0.03955568485277623,0.0008673266555805557,0.0014673756194154889,0.0006973255485915952,0.026406922361221784,0.0,1.0,1.0,2.957231764306276,14,posthoc retained-member spread; corrected field removes a plug-in estimate of expected member-MC contribution; min-max is descriptive only and is not an uncertainty interval,0.96,0.6403703703703704,0.6936327387641612,0.675,0.2849999999999999,0.03462962962962968,0.01863273876416116
0.995,G2,R_stress,75.0,0.6661360259265211,0.0015120535956284439,0.03888513334975777,0.0008875408389794173,0.0014673756194154889,0.0006245127566490266,0.02499025323299119,0.0,1.0,1.0,2.957231764306276,14,posthoc retained-member spread; corrected field removes a plug-in estimate of expected member-MC contribution; min-max is descriptive only and is not an uncertainty interval,0.93,0.6259259259259259,0.6661360259265215,0.66,0.27,0.034074074074074145,0.006136025926521516
0.995,G2,R_stress,80.0,0.6481304275606976,0.0014181150495955897,0.03765786836234348,0.0009035657765049531,0.0014673756194154889,0.0005145492730906367,0.02268367856170239,0.0,1.0,1.0,2.957231764306276,14,posthoc retained-member spread; corrected field removes a plug-in estimate of expected member-MC contribution; min-max is descriptive only and is not an uncertainty interval,0.92,0.5948148148148149,0.6481304275606982,0.65,0.27,0.055185185185185115,0.0018695724393018587
0.995,G2,R_stress,85.0,0.7021637323190205,0.0010825468928696922,0.03290208037297478,0.0008488939797822607,0.0014673756194154889,0.0002336529130874315,0.015285709440108807,0.0,1.0,1.0,2.957231764306276,14,posthoc retained-member spread; corrected field removes a plug-in estimate of expected member-MC contribution; min-max is descriptive only and is not an uncertainty interval,1.0,0.6851851851851852,0.7021637323190212,0.685,0.31499999999999995,0.00018518518518517713,0.01716373231902113
0.995,G2,R_stress,90.0,0.6836737895347753,0.0015313955856883972,0.03913304978772287,0.0008661420142096408,0.0014673756194154889,0.0006652535714787563,0.02579250998795496,0.0,1.0,1.0,2.957231764306276,14,posthoc retained-member spread; corrected field removes a plug-in estimate of expected member-MC contribution; min-max is descriptive only and is not an uncertainty interval,1.0,0.6740740740740739,0.6836737895347758,0.68,0.31999999999999995,0.005925925925926112,0.0036737895347757066
0.995,G2,R_stress,95.0,0.6621690514731018,0.0014556873409601225,0.03815347089007922,0.0008736184666783333,0.0014673756194154889,0.0005820688742817893,0.02412610358681628,0.0,1.0,1.0,2.957231764306276,14,posthoc retained-member spread; corrected field removes a plug-in estimate of expected member-MC contribution; min-max is descriptive only and is not an uncertainty interval,1.0,0.6399999999999999,0.6621690514731022,0.655,0.345,0.015000000000000124,0.007169051473102206
0.995,G2,R_stress,100.0,0.6416505049252155,0.0014839165312353385,0.03852163718269693,0.0008893266065131706,0.0014673756194154889,0.000594589924722168,0.02438421466281348,0.0,1.0,1.0,2.957231764306276,14,posthoc retained-member spread; corrected field removes a plug-in estimate of expected member-MC contribution; min-max is descriptive only and is not an uncertainty interval,1.0,0.6311111111111111,0.6416505049252159,0.65,0.35,0.018888888888888955,0.008349495074784108
0.995,G2,R_stress,105.0,0.6251461408664857,0.0014591638461422898,0.03819900320875258,0.000893751918164691,0.0014673756194154889,0.0005654119279775988,0.0237783920393621,0.0,1.0,1.0,2.957231764306276,14,posthoc retained-member spread; corrected field removes a plug-in estimate of expected member-MC contribution; min-max is descriptive only and is not an uncertainty interval,1.0,0.6222222222222221,0.6251461408664861,0.63,0.37,0.007777777777777883,0.0048538591335138825
0.995,G2,R_stress,110.0,0.6131422554821943,0.0014022424937621836,0.03744652846075566,0.0009011373119079549,0.0014673756194154889,0.0005011051818542288,0.02238537875163672,0.0,1.0,1.0,2.957231764306276,14,posthoc retained-member spread; corrected field removes a plug-in estimate of expected member-MC contribution; min-max is descriptive only and is not an uncertainty interval,1.0,0.6062962962962963,0.6131422554821946,0.625,0.375,0.018703703703703667,0.011857744517805413
0.995,G2,R_stress,115.0,0.6016380770448038,0.0014019907989380816,0.03744316758686532,0.0009068980713433607,0.0014673756194154889,0.0004950927275947208,0.022250679261423028,0.0,1.0,1.0,2.957231764306276,14,posthoc retained-member spread; corrected field removes a plug-in estimate of expected member-MC contribution; min-max is descriptive only and is not an uncertainty interval,1.0,0.5851851851851853,0.6016380770448042,0.605,0.395,0.01981481481481473,0.003361922955195773
0.995,G2,R_stress,120.0,0.5836182179766773,0.0014458194075068526,0.03802393203637484,0.0009158069054368495,0.0014673756194154889,0.000530012502070003,0.023022000392450764,0.0,1.0,1.0,2.957231764306276,14,posthoc retained-member spread; corrected field removes a plug-in estimate of expected member-MC contribution; min-max is descriptive only and is not an uncertainty interval,1.0,0.58,0.5836182179766779,0.575,0.42500000000000004,0.0050000000000000044,0.008618217976677944
0.995,G2,R_stress,125.0,0.6362080301256655,0.0012674609027967416,0.03560141714590504,0.0009002830308659295,0.0014673756194154889,0.00036717787193081216,0.01916188591790516,0.0,1.0,1.0,2.957231764306276,14,posthoc retained-member spread; corrected field removes a plug-in estimate of expected member-MC contribution; min-max is descriptive only and is not an uncertainty interval,1.0,0.6233333333333333,0.636208030125666,0.675,0.32499999999999996,0.05166666666666675,0.03879196987433409
0.995,G2,R_stress,130.0,0.6212038194881128,0.0013138506696793587,0.036247078084714064,0.0009047247778092514,0.0014673756194154889,0.00040912589187010726,0.02022686065285731,0.0,1.0,1.0,2.957231764306276,14,posthoc retained-member spread; corrected field removes a plug-in estimate of expected member-MC contribution; min-max is descriptive only and is not an uncertainty interval,1.0,0.6177777777777778,0.6212038194881133,0.655,0.345,0.03722222222222227,0.03379618051188671
0.995,G2,R_stress,135.0,0.6091888366738255,0.001335692345302324,0.03654712499366159,0.0009141849985286393,0.0014673756194154889,0.00042150734677368464,0.020530644090570677,0.0,1.0,1.0,2.957231764306276,14,posthoc retained-member spread; corrected field removes a plug-in estimate of expected member-MC contribution; min-max is descriptive only and is not an uncertainty interval,1.0,0.6044444444444445,0.6091888366738258,0.635,0.365,0.030555555555555558,0.02581116332617417
0.995,G2,R_stress,140.0,0.595186879300966,0.0012437602391959968,0.03526698511633787,0.000917496354402406,0.0014673756194154889,0.00032626388479359075,0.018062776220547902,0.0,1.0,1.0,2.957231764306276,14,posthoc retained-member spread; corrected field removes a plug-in estimate of expected member-MC contribution; min-max is descriptive only and is not an uncertainty interval,1.0,0.5955555555555555,0.5951868793009664,0.63,0.37,0.0344444444444445,0.03481312069903364
0.995,G2,R_stress,145.0,0.5781839890647132,0.0011553254220341262,0.03399007828814353,0.0009207864310347884,0.0014673756194154889,0.00023453899099933778,0.015314665879454823,0.0,1.0,1.0,2.957231764306276,14,posthoc retained-member spread; corrected field removes a plug-in estimate of expected member-MC contribution; min-max is descriptive only and is not an uncertainty interval,1.0,0.5788888888888889,0.5781839890647136,0.605,0.395,0.026111111111111085,0.026816010935286405
0.995,G2,R_stress,150.0,0.5686714071944821,0.0011138475125887597,0.03337435411493022,0.0009269600740852648,0.0014673756194154889,0.00018688743850349486,0.01367067805573282,0.0,1.0,1.0,2.957231764306276,14,posthoc retained-member spread; corrected field removes a plug-in estimate of expected member-MC contribution; min-max is descriptive only and is not an uncertainty interval,1.0,0.5655555555555556,0.5686714071944824,0.585,0.41500000000000004,0.019444444444444375,0.016328592805517572
0.995,G2,R_stress,155.0,0.5556593777669631,0.0010875980030435322,0.032978750780518234,0.0009312209301755358,0.0014673756194154889,0.00015637707286799633,0.01250508188169899,0.0,1.0,1.0,2.957231764306276,14,posthoc retained-member spread; corrected field removes a plug-in estimate of expected member-MC contribution; min-max is descriptive only and is not an uncertainty interval,1.0,0.5577777777777778,0.5556593777669634,0.56,0.43999999999999995,0.0022222222222222365,0.004340622233036662
0.995,G2,R_stress,160.0,0.5421565369563156,0.0010763334078335172,0.03280752059869074,0.0009325987083198575,0.0014673756194154889,0.00014373469951365974,0.011988940716913223,0.0,1.0,1.0,2.957231764306276,14,posthoc retained-member spread; corrected field removes a plug-in estimate of expected member-MC contribution; min-max is descriptive only and is not an uncertainty interval,1.0,0.5492592592592592,0.5421565369563159,0.555,0.44499999999999995,0.005740740740740824,0.012843463043684111
0.995,G2,R_stress,165.0,0.5930935449496725,0.0008247242389850893,0.02871801244837618,0.0009197806944338604,0.0014673756194154889,0.0,0.0,0.0,1.0,1.0,2.957231764306276,14,posthoc retained-member spread; corrected field removes a plug-in estimate of expected member-MC contribution; min-max is descriptive only and is not an uncertainty interval,1.0,0.5618518518518518,0.5930935449496729,0.6,0.4,0.03814814814814815,0.006906455050327054
0.995,G2,R_stress,170.0,0.5825578779596737,0.0006057790357828984,0.024612578812121626,0.0009650537183150819,0.0014673756194154889,0.0,0.0,0.0,1.0,1.0,2.957231764306276,14,posthoc retained-member spread; corrected field removes a plug-in estimate of expected member-MC contribution; min-max is descriptive only and is not an uncertainty interval,1.0,0.5551851851851852,0.5825578779596743,0.59,0.41000000000000003,0.03481481481481474,0.007442122040325683
0.995,G2,R_stress,175.0,0.5715424273335573,0.0006631819841778785,0.02575231997661334,0.0009701022850910623,0.0014673756194154889,0.0,0.0,0.0,1.0,1.0,2.957231764306276,14,posthoc retained-member spread; corrected field removes a plug-in estimate of expected member-MC contribution; min-max is descriptive only and is not an uncertainty interval,1.0,0.5507407407407408,0.5715424273335578,0.585,0.41500000000000004,0.03425925925925921,0.013457572666442208
0.995,G2,R_stress,180.0,0.5650417574623464,0.000650019893545645,0.02549548770950744,0.0009711575573810911,0.0014673756194154889,0.0,0.0,0.0,1.0,1.0,2.957231764306276,14,posthoc retained-member spread; corrected field removes a plug-in estimate of expected member-MC contribution; min-max is descriptive only and is not an uncertainty interval,1.0,0.5462962962962963,0.5650417574623469,0.57,0.43000000000000005,0.02370370370370367,0.00495824253765309
0.995,G2,R_stress,185.0,0.5540398301504036,0.0006439468469173254,0.025376107796849488,0.0009725176548517075,0.0014673756194154889,0.0,0.0,0.0,1.0,1.0,2.957231764306276,14,posthoc retained-member spread; corrected field removes a plug-in estimate of expected member-MC contribution; min-max is descriptive only and is not an uncertainty interval,1.0,0.5374074074074074,0.554039830150404,0.565,0.43500000000000005,0.027592592592592502,0.010960169849595913
0.995,G2,R_stress,190.0,0.5440373339577058,0.0006393928289758646,0.025286218162783154,0.0009735135955861007,0.0014673756194154889,0.0,0.0,0.0,1.0,1.0,2.957231764306276,14,posthoc retained-member spread; corrected field removes a plug-in estimate of expected member-MC contribution; min-max is descriptive only and is not an uncertainty interval,1.0,0.5318518518518519,0.5440373339577063,0.555,0.44499999999999995,0.02314814814814814,0.01096266604229379
0.995,G2,R_stress,195.0,0.5335357154609818,0.0006482495472543288,0.025460745221896567,0.000974397678495819,0.0014673756194154889,0.0,0.0,0.0,1.0,1.0,2.957231764306276,14,posthoc retained-member spread; corrected field removes a plug-in estimate of expected member-MC contribution; min-max is descriptive only and is not an uncertainty interval,1.0,0.5303703703703703,0.5335357154609822,0.53,0.47,0.00037037037037024323,0.0035357154609821917
0.995,G2,R_stress,200.0,0.5270228742011368,0.0006854437386036527,0.026180980474452303,0.000974787851954028,0.0014673756194154889,0.0,0.0,0.0,1.0,1.0,2.957231764306276,14,posthoc retained-member spread; corrected field removes a plug-in estimate of expected member-MC contribution; min-max is descriptive only and is not an uncertainty interval,1.0,0.5203703703703704,0.5270228742011374,0.515,0.485,0.005370370370370359,0.012022874201137346
0.995,G2,R_stress,205.0,0.5761010492061722,0.0008566637520533541,0.02926881876764681,0.0009181716450154145,0.0014673756194154889,0.0,0.0,0.0,1.0,1.0,2.957231764306276,14,posthoc retained-member spread; corrected field removes a plug-in estimate of expected member-MC contribution; min-max is descriptive only and is not an uncertainty interval,1.0,0.5374074074074074,0.5761010492061728,0.565,0.43500000000000005,0.027592592592592502,0.01110104920617283
0.995,G2,R_stress,210.0,0.5680988739882444,0.0008986937556733491,0.02997822135606696,0.0009192924124265346,0.0014673756194154889,0.0,0.0,0.0,1.0,1.0,2.957231764306276,14,posthoc retained-member spread; corrected field removes a plug-in estimate of expected member-MC contribution; min-max is descriptive only and is not an uncertainty interval,1.0,0.5333333333333333,0.568098873988245,0.56,0.43999999999999995,0.026666666666666727,0.008098873988244937
0.995,G2,R_stress,215.0,0.5555972354509093,0.000928245913000421,0.030467128400957333,0.0009210439132719478,0.0014673756194154889,7.2019997284731565e-06,0.0026836541745301605,0.0,1.0,1.0,2.957231764306276,14,posthoc retained-member spread; corrected field removes a plug-in estimate of expected member-MC contribution; min-max is descriptive only and is not an uncertainty interval,1.0,0.528888888888889,0.5555972354509099,0.55,0.44999999999999996,0.02111111111111108,0.005597235450909843
0.995,G2,R_stress,220.0,0.5475959515518294,0.0009698509432116798,0.031142429950337527,0.0009219360819668142,0.0014673756194154889,4.79148612448656e-05,0.006922056142857092,0.0,1.0,1.0,2.957231764306276,14,posthoc retained-member spread; corrected field removes a plug-in estimate of expected member-MC contribution; min-max is descriptive only and is not an uncertainty interval,1.0,0.5211111111111111,0.5475959515518299,0.525,0.475,0.0038888888888889417,0.022595951551829918
0.995,G2,R_stress,225.0,0.5395906360288518,0.001080932403970833,0.03287753646444382,0.0009234842643020136,0.0014673756194154889,0.0001574481396688195,0.012547834062850032,0.0,1.0,1.0,2.957231764306276,14,posthoc retained-member spread; corrected field removes a plug-in estimate of expected member-MC contribution; min-max is descriptive only and is not an uncertainty interval,1.0,0.5211111111111111,0.5395906360288523,0.52,0.48,0.0011111111111110628,0.01959063602885225
0.995,G2,R_stress,230.0,0.5305783514902106,0.0010126648757998377,0.03182239582117974,0.000928812229543809,0.0014673756194154889,8.385264625602876e-05,0.009157109055593297,0.0,1.0,1.0,2.957231764306276,14,posthoc retained-member spread; corrected field removes a plug-in estimate of expected member-MC contribution; min-max is descriptive only and is not an uncertainty interval,1.0,0.5177777777777778,0.530578351490211,0.5,0.5,0.01777777777777778,0.030578351490211042
0.995,G2,R_stress,235.0,0.5135717363060333,0.0011749077152519243,0.03427692686417387,0.0009295115289843577,0.0014673756194154889,0.00024539618626756663,0.01566512643637346,0.0,1.0,1.0,2.957231764306276,14,posthoc retained-member spread; corrected field removes a plug-in estimate of expected member-MC contribution; min-max is descriptive only and is not an uncertainty interval,1.0,0.5177777777777778,0.5135717363060337,0.48,0.52,0.0377777777777778,0.03357173630603372
0.995,G2,R_stress,240.0,0.5060673142411491,0.0012778089027442048,0.035746453009273586,0.0009286156672611141,0.0014673756194154889,0.00034919323548309063,0.01868671280571012,0.0,1.0,1.0,2.957231764306276,14,posthoc retained-member spread; corrected field removes a plug-in estimate of expected member-MC contribution; min-max is descriptive only and is not an uncertainty interval,1.0,0.5077777777777778,0.5060673142411496,0.465,0.5349999999999999,0.04277777777777775,0.041067314241149566
